account_id,customer_name,service_type,city,state,enrolled_date
ACCT-000001,Dorian Abernathy,Water,Copper Ridge,AZ,2023-05-17
ACCT-000002,Esme Xanthos,Electric,Fox Hollow,PA,2025-01-21
ACCT-000003,Silas Northcott,Electric,Harborview,MI,2022-03-03
ACCT-000004,Greta Hartsfield,Electric,Harborview,MI,2025-02-23
ACCT-000005,Wendell Underhill,Electric+Gas,Fox Hollow,PA,2023-03-28
ACCT-000006,Silas Ives,Electric,Windmere,WI,2022-11-23
ACCT-000007,Nolan Kessler,Water,Elm Grove,IN,2022-11-15
ACCT-000008,Yusuf Kessler,Electric,Fox Hollow,PA,2022-07-09
ACCT-000009,Dorian Lindqvist,Water,Stonebridge,VA,2023-06-26
ACCT-000010,Xiomara Okonkwo,Electric,Milldale,OH,2024-02-15
ACCT-000011,Rosa Joubert,Water,Harborview,MI,2025-03-28
ACCT-000012,Wendell Castellano,Electric,Fox Hollow,PA,2023-04-12
ACCT-000013,Celia Blackwell,Gas,Larkspur,CO,2022-07-26
ACCT-000014,Imani Okonkwo,Water,Stonebridge,VA,2022-11-30
ACCT-000015,Lionel Goldwyn,Water,Gullport,FL,2022-05-27
ACCT-000016,Ulric Fairbanks,Gas,Pinehurst Flats,NC,2022-12-01
ACCT-000017,Mira Ives,Gas,Windmere,WI,2023-10-27
ACCT-000018,Hollis Ashgrove,Electric,Milldale,OH,2023-10-09
ACCT-000019,Imani Castellano,Gas,Stonebridge,VA,2025-03-07
ACCT-000020,Kaia Goldwyn,Electric+Gas,Elm Grove,IN,2024-03-21
ACCT-000021,Odette Eastwick,Water,Copper Ridge,AZ,2022-10-13
ACCT-000022,Xiomara Rosewater,Water,Fox Hollow,PA,2025-04-12
ACCT-000023,Cormac Sablewood,Electric+Gas,Stonebridge,VA,2024-01-12
ACCT-000024,Esme Quintrell,Electric+Gas,Fox Hollow,PA,2022-07-06
ACCT-000025,Beatrix Dunmore,Gas,Milldale,OH,2022-11-24
ACCT-000026,Nolan Thackeray,Electric,Copper Ridge,AZ,2024-02-28
ACCT-000027,Tamsin Okonkwo,Water,Stonebridge,VA,2025-02-07
ACCT-000028,Vera Xanthos,Electric,Milldale,OH,2025-01-04
ACCT-000029,Yusuf Underhill,Water,Larkspur,CO,2022-08-17
ACCT-000030,Nolan Fairbanks,Electric+Gas,Larkspur,CO,2022-01-07
ACCT-000031,Cormac Xanthos,Water,Elm Grove,IN,2024-10-22
ACCT-000032,Quentin Dovetail,Electric,Cedar Bluff,TN,2023-09-04
ACCT-000033,Quentin Thackeray,Gas,Copper Ridge,AZ,2022-11-10
ACCT-000034,Yusuf Fairbanks,Electric,Gullport,FL,2023-10-26
ACCT-000035,Ada Dunmore,Water,Windmere,WI,2023-09-22
ACCT-000036,Bram Hartsfield,Electric,Fox Hollow,PA,2022-06-25
ACCT-000037,Priya Ashgrove,Electric,Elm Grove,IN,2024-12-26
ACCT-000038,Esme Vasquez,Electric+Gas,Cedar Bluff,TN,2025-01-30
ACCT-000039,Imani Quintrell,Electric+Gas,Cedar Bluff,TN,2023-03-10
ACCT-000040,Yusuf Xanthos,Gas,Oak Junction,MO,2023-10-01
ACCT-000041,Vera Underhill,Water,Stonebridge,VA,2024-06-16
ACCT-000042,Odette Dunmore,Gas,Oak Junction,MO,2023-04-06
ACCT-000043,Kaia Abernathy,Gas,Harborview,MI,2023-03-28
ACCT-000044,Celia Winterbourne,Electric,Milldale,OH,2023-04-14
ACCT-000045,Cormac Boulware,Water,Harborview,MI,2022-05-26
ACCT-000046,Hollis Ives,Electric+Gas,Oak Junction,MO,2023-03-15
ACCT-000047,Esme Xanthos,Electric+Gas,Oak Junction,MO,2023-05-13
ACCT-000048,Zelda Northcott,Gas,Windmere,WI,2022-07-13
ACCT-000049,Vera Northcott,Water,Harborview,MI,2024-05-17
ACCT-000050,Odette Blackwell,Electric,Stonebridge,VA,2022-07-21
ACCT-000051,Mira Xanthos,Water,Milldale,OH,2022-08-12
ACCT-000052,Greta Goldwyn,Electric+Gas,Fox Hollow,PA,2022-10-15
ACCT-000053,Farid Ives,Electric+Gas,Stonebridge,VA,2023-05-27
ACCT-000054,Odette Zimmerle,Electric,Harborview,MI,2022-04-14
ACCT-000055,Rosa Ashgrove,Electric,Copper Ridge,AZ,2022-07-11
ACCT-000056,Farid Northcott,Electric+Gas,Fox Hollow,PA,2024-09-12
ACCT-000057,Beatrix Marchetti,Electric,Fox Hollow,PA,2022-12-04
ACCT-000058,Ada Marchetti,Water,Stonebridge,VA,2024-07-20
ACCT-000059,Nolan Winterbourne,Electric+Gas,Larkspur,CO,2022-11-14
ACCT-000060,Jasper Goldwyn,Electric,Fox Hollow,PA,2025-04-01
ACCT-000061,Rosa Boulware,Water,Elm Grove,IN,2022-04-28
ACCT-000062,Silas Pemberton,Gas,Milldale,OH,2022-04-27
ACCT-000063,Celia Blackwell,Gas,Oak Junction,MO,2022-05-21
ACCT-000064,Celia Vasquez,Gas,Pinehurst Flats,NC,2024-04-06
ACCT-000065,Cormac Sablewood,Gas,Harborview,MI,2025-03-31
ACCT-000066,Bram Thackeray,Electric,Pinehurst Flats,NC,2024-05-08
ACCT-000067,Silas Sablewood,Water,Copper Ridge,AZ,2023-06-19
ACCT-000068,Vera Winterbourne,Water,Fox Hollow,PA,2023-05-04
ACCT-000069,Mira Eastwick,Water,Larkspur,CO,2024-07-25
ACCT-000070,Delphine Yarborough,Electric,Gullport,FL,2022-01-20
ACCT-000071,Tamsin Sablewood,Electric,Windmere,WI,2022-05-31
ACCT-000072,Greta Quintrell,Water,Oak Junction,MO,2022-09-29
ACCT-000073,Cormac Castellano,Gas,Gullport,FL,2024-01-27
ACCT-000074,Farid Okonkwo,Water,Larkspur,CO,2024-12-19
ACCT-000075,Vera Ashgrove,Water,Milldale,OH,2022-08-01
ACCT-000076,Imani Dunmore,Electric,Cedar Bluff,TN,2025-02-07
ACCT-000077,Imani Joubert,Gas,Cedar Bluff,TN,2023-12-04
ACCT-000078,Vera Underhill,Water,Fox Hollow,PA,2024-11-01
ACCT-000079,Imani Crowhurst,Electric,Windmere,WI,2022-07-09
ACCT-000080,Nolan Ashgrove,Water,Copper Ridge,AZ,2022-04-01
ACCT-000081,Kaia Yarborough,Gas,Milldale,OH,2023-06-21
ACCT-000082,Xiomara Okonkwo,Electric+Gas,Cedar Bluff,TN,2025-02-22
ACCT-000083,Dorian Castellano,Gas,Milldale,OH,2025-01-22
ACCT-000084,Arlo Lindqvist,Gas,Milldale,OH,2024-05-30
ACCT-000085,Bram Joubert,Water,Cedar Bluff,TN,2022-03-23
ACCT-000086,Greta Vasquez,Gas,Gullport,FL,2022-07-30
ACCT-000087,Yusuf Rosewater,Electric+Gas,Gullport,FL,2022-11-13
ACCT-000088,Beatrix Fairbanks,Gas,Fox Hollow,PA,2024-04-24
ACCT-000089,Farid Xanthos,Water,Milldale,OH,2024-04-23
ACCT-000090,Beatrix Xanthos,Gas,Copper Ridge,AZ,2023-07-01
ACCT-000091,Zelda Winterbourne,Electric,Cedar Bluff,TN,2024-02-23
ACCT-000092,Beatrix Pemberton,Gas,Milldale,OH,2023-02-13
ACCT-000093,Lionel Joubert,Gas,Windmere,WI,2023-04-02
ACCT-000094,Vera Goldwyn,Electric+Gas,Milldale,OH,2023-11-04
ACCT-000095,Beatrix Castellano,Water,Larkspur,CO,2023-12-21
ACCT-000096,Quentin Marchetti,Water,Copper Ridge,AZ,2022-02-26
ACCT-000097,Cormac Ives,Gas,Harborview,MI,2025-04-04
ACCT-000098,Bram Dunmore,Electric+Gas,Larkspur,CO,2023-12-09
ACCT-000099,Zelda Kessler,Electric+Gas,Elm Grove,IN,2024-11-13
ACCT-000100,Mira Crowhurst,Gas,Harborview,MI,2023-06-06
ACCT-000101,Wendell Northcott,Electric,Milldale,OH,2024-11-30
ACCT-000102,Vera Xanthos,Gas,Oak Junction,MO,2024-01-16
ACCT-000103,Celia Vasquez,Water,Stonebridge,VA,2023-10-05
ACCT-000104,Beatrix Dunmore,Water,Copper Ridge,AZ,2024-11-04
ACCT-000105,Vera Northcott,Water,Larkspur,CO,2024-04-04
ACCT-000106,Jasper Rosewater,Gas,Elm Grove,IN,2023-01-28
ACCT-000107,Vera Marchetti,Gas,Stonebridge,VA,2025-03-11
ACCT-000108,Mira Rosewater,Electric,Larkspur,CO,2023-09-15
ACCT-000109,Greta Northcott,Water,Larkspur,CO,2024-08-10
ACCT-000110,Odette Vasquez,Gas,Windmere,WI,2024-11-12
ACCT-000111,Zelda Crowhurst,Gas,Windmere,WI,2022-06-23
ACCT-000112,Quentin Vasquez,Water,Larkspur,CO,2022-07-11
ACCT-000113,Vera Joubert,Gas,Fox Hollow,PA,2023-02-12
ACCT-000114,Ada Boulware,Gas,Cedar Bluff,TN,2024-08-31
ACCT-000115,Beatrix Yarborough,Electric,Pinehurst Flats,NC,2024-07-21
ACCT-000116,Cormac Underhill,Gas,Stonebridge,VA,2024-02-26
ACCT-000117,Mira Hartsfield,Gas,Windmere,WI,2022-01-12
ACCT-000118,Yusuf Northcott,Gas,Harborview,MI,2022-12-27
ACCT-000119,Quentin Okonkwo,Electric,Elm Grove,IN,2025-02-15
ACCT-000120,Delphine Blackwell,Electric,Fox Hollow,PA,2024-07-23
ACCT-000121,Jasper Hartsfield,Electric+Gas,Harborview,MI,2023-11-14
ACCT-000122,Greta Dovetail,Electric+Gas,Stonebridge,VA,2023-12-31
ACCT-000123,Xiomara Goldwyn,Water,Oak Junction,MO,2025-02-28
ACCT-000124,Priya Dunmore,Water,Elm Grove,IN,2023-08-27
ACCT-000125,Cormac Yarborough,Gas,Copper Ridge,AZ,2022-03-11
ACCT-000126,Rosa Thackeray,Water,Gullport,FL,2023-11-19
ACCT-000127,Jasper Castellano,Water,Pinehurst Flats,NC,2023-08-05
ACCT-000128,Quentin Sablewood,Electric+Gas,Pinehurst Flats,NC,2024-12-16
ACCT-000129,Greta Ashgrove,Electric,Fox Hollow,PA,2023-12-10
ACCT-000130,Odette Marchetti,Water,Windmere,WI,2022-12-01
ACCT-000131,Yusuf Thackeray,Water,Larkspur,CO,2025-03-02
ACCT-000132,Esme Joubert,Electric,Fox Hollow,PA,2022-03-06
ACCT-000133,Quentin Rosewater,Electric+Gas,Pinehurst Flats,NC,2022-04-10
ACCT-000134,Celia Marchetti,Electric,Stonebridge,VA,2024-11-17
ACCT-000135,Priya Ashgrove,Electric,Elm Grove,IN,2023-03-26
ACCT-000136,Celia Eastwick,Water,Gullport,FL,2022-11-18
ACCT-000137,Ulric Boulware,Water,Gullport,FL,2022-11-19
ACCT-000138,Bram Crowhurst,Electric+Gas,Fox Hollow,PA,2023-05-12
ACCT-000139,Farid Ives,Water,Copper Ridge,AZ,2022-05-16
ACCT-000140,Silas Dunmore,Electric,Elm Grove,IN,2023-12-20
ACCT-000141,Mira Marchetti,Water,Elm Grove,IN,2022-05-05
ACCT-000142,Mira Northcott,Water,Oak Junction,MO,2023-06-02
ACCT-000143,Wendell Boulware,Electric+Gas,Fox Hollow,PA,2022-04-29
ACCT-000144,Mira Zimmerle,Water,Cedar Bluff,TN,2024-02-21
ACCT-000145,Silas Abernathy,Gas,Cedar Bluff,TN,2024-05-09
ACCT-000146,Farid Northcott,Gas,Oak Junction,MO,2024-12-26
ACCT-000147,Kaia Ashgrove,Gas,Gullport,FL,2024-04-02
ACCT-000148,Bram Boulware,Water,Pinehurst Flats,NC,2024-09-14
ACCT-000149,Beatrix Abernathy,Electric+Gas,Windmere,WI,2024-07-06
ACCT-000150,Ulric Thackeray,Water,Copper Ridge,AZ,2024-11-25
ACCT-000151,Odette Blackwell,Electric+Gas,Larkspur,CO,2023-11-23
ACCT-000152,Zelda Underhill,Electric+Gas,Cedar Bluff,TN,2022-01-14
ACCT-000153,Kaia Northcott,Electric,Oak Junction,MO,2024-07-04
ACCT-000154,Tamsin Marchetti,Gas,Fox Hollow,PA,2023-09-26
ACCT-000155,Zelda Sablewood,Gas,Cedar Bluff,TN,2023-08-18
ACCT-000156,Silas Lindqvist,Gas,Elm Grove,IN,2022-08-16
ACCT-000157,Mira Northcott,Water,Milldale,OH,2023-12-13
ACCT-000158,Kaia Marchetti,Water,Stonebridge,VA,2022-06-15
ACCT-000159,Rosa Dunmore,Electric,Milldale,OH,2023-11-01
ACCT-000160,Cormac Marchetti,Electric+Gas,Stonebridge,VA,2023-07-08
ACCT-000161,Ulric Northcott,Electric,Milldale,OH,2024-10-26
ACCT-000162,Rosa Yarborough,Electric,Elm Grove,IN,2023-04-16
ACCT-000163,Wendell Castellano,Water,Fox Hollow,PA,2025-01-16
ACCT-000164,Zelda Ashgrove,Electric+Gas,Copper Ridge,AZ,2022-06-19
ACCT-000165,Silas Thackeray,Electric+Gas,Pinehurst Flats,NC,2023-10-31
ACCT-000166,Cormac Goldwyn,Electric,Elm Grove,IN,2022-08-04
ACCT-000167,Jasper Thackeray,Electric+Gas,Oak Junction,MO,2023-01-29
ACCT-000168,Zelda Zimmerle,Electric,Copper Ridge,AZ,2023-06-06
ACCT-000169,Quentin Underhill,Electric+Gas,Windmere,WI,2024-08-30
ACCT-000170,Kaia Okonkwo,Gas,Fox Hollow,PA,2024-02-26
ACCT-000171,Nolan Dunmore,Gas,Stonebridge,VA,2023-05-20
ACCT-000172,Xiomara Xanthos,Gas,Milldale,OH,2023-03-05
ACCT-000173,Jasper Northcott,Electric+Gas,Pinehurst Flats,NC,2022-07-28
ACCT-000174,Jasper Northcott,Water,Stonebridge,VA,2022-11-18
ACCT-000175,Greta Dovetail,Electric,Fox Hollow,PA,2024-02-22
ACCT-000176,Wendell Ashgrove,Electric,Fox Hollow,PA,2024-12-28
ACCT-000177,Zelda Yarborough,Electric+Gas,Milldale,OH,2024-11-22
ACCT-000178,Farid Vasquez,Electric+Gas,Cedar Bluff,TN,2022-05-11
ACCT-000179,Zelda Kessler,Gas,Pinehurst Flats,NC,2024-02-02
ACCT-000180,Arlo Okonkwo,Gas,Cedar Bluff,TN,2022-05-28
ACCT-000181,Delphine Kessler,Water,Stonebridge,VA,2022-09-15
ACCT-000182,Priya Thackeray,Water,Stonebridge,VA,2024-11-15
ACCT-000183,Arlo Rosewater,Electric,Elm Grove,IN,2022-01-14
ACCT-000184,Vera Ashgrove,Gas,Cedar Bluff,TN,2023-07-31
ACCT-000185,Vera Hartsfield,Electric+Gas,Oak Junction,MO,2024-09-28
ACCT-000186,Delphine Zimmerle,Electric,Larkspur,CO,2022-06-05
ACCT-000187,Cormac Goldwyn,Water,Elm Grove,IN,2024-05-28
ACCT-000188,Delphine Dovetail,Water,Windmere,WI,2022-06-28
ACCT-000189,Jasper Underhill,Electric,Larkspur,CO,2022-09-03
ACCT-000190,Lionel Ashgrove,Electric+Gas,Larkspur,CO,2024-11-21
ACCT-000191,Dorian Sablewood,Electric,Larkspur,CO,2022-12-29
ACCT-000192,Lionel Castellano,Water,Windmere,WI,2024-06-03
ACCT-000193,Delphine Underhill,Electric,Fox Hollow,PA,2025-03-12
ACCT-000194,Delphine Sablewood,Electric,Stonebridge,VA,2024-03-11
ACCT-000195,Jasper Ashgrove,Electric+Gas,Elm Grove,IN,2023-07-30
ACCT-000196,Kaia Goldwyn,Water,Oak Junction,MO,2022-02-25
ACCT-000197,Cormac Kessler,Gas,Harborview,MI,2023-03-24
ACCT-000198,Rosa Hartsfield,Electric,Milldale,OH,2023-11-01
ACCT-000199,Cormac Underhill,Electric+Gas,Harborview,MI,2023-08-14
ACCT-000200,Imani Kessler,Electric+Gas,Milldale,OH,2024-07-13
ACCT-000201,Mira Okonkwo,Electric,Milldale,OH,2023-12-12
ACCT-000202,Yusuf Pemberton,Gas,Harborview,MI,2022-05-26
ACCT-000203,Imani Kessler,Electric,Elm Grove,IN,2023-06-26
ACCT-000204,Ulric Dovetail,Gas,Stonebridge,VA,2022-12-13
ACCT-000205,Celia Pemberton,Electric,Milldale,OH,2022-11-06
ACCT-000206,Silas Kessler,Gas,Gullport,FL,2024-10-17
ACCT-000207,Beatrix Joubert,Gas,Stonebridge,VA,2023-05-24
ACCT-000208,Zelda Marchetti,Electric,Milldale,OH,2023-11-02
ACCT-000209,Tamsin Yarborough,Gas,Harborview,MI,2024-04-15
ACCT-000210,Zelda Pemberton,Electric,Elm Grove,IN,2023-05-19
ACCT-000211,Arlo Boulware,Gas,Pinehurst Flats,NC,2025-03-09
ACCT-000212,Imani Underhill,Gas,Elm Grove,IN,2023-03-31
ACCT-000213,Odette Dovetail,Electric,Fox Hollow,PA,2022-06-21
ACCT-000214,Farid Okonkwo,Electric+Gas,Pinehurst Flats,NC,2024-06-16
ACCT-000215,Xiomara Pemberton,Electric,Fox Hollow,PA,2023-12-06
ACCT-000216,Rosa Vasquez,Gas,Gullport,FL,2024-10-01
ACCT-000217,Wendell Rosewater,Water,Copper Ridge,AZ,2025-01-29
ACCT-000218,Cormac Eastwick,Electric+Gas,Copper Ridge,AZ,2024-03-17
ACCT-000219,Yusuf Winterbourne,Electric,Larkspur,CO,2022-10-31
ACCT-000220,Celia Ashgrove,Electric+Gas,Milldale,OH,2024-08-24
ACCT-000221,Kaia Vasquez,Gas,Larkspur,CO,2022-12-17
ACCT-000222,Tamsin Winterbourne,Water,Milldale,OH,2022-01-04
ACCT-000223,Odette Okonkwo,Gas,Harborview,MI,2023-05-28
ACCT-000224,Bram Xanthos,Electric,Milldale,OH,2022-10-14
ACCT-000225,Jasper Rosewater,Gas,Oak Junction,MO,2024-12-01
ACCT-000226,Cormac Ashgrove,Electric,Copper Ridge,AZ,2022-06-30
ACCT-000227,Zelda Crowhurst,Electric,Copper Ridge,AZ,2024-06-27
ACCT-000228,Arlo Zimmerle,Electric,Stonebridge,VA,2025-02-18
ACCT-000229,Imani Quintrell,Water,Larkspur,CO,2022-06-25
ACCT-000230,Priya Zimmerle,Electric+Gas,Elm Grove,IN,2023-03-12
ACCT-000231,Lionel Yarborough,Water,Cedar Bluff,TN,2022-06-02
ACCT-000232,Farid Zimmerle,Electric,Fox Hollow,PA,2022-11-28
ACCT-000233,Tamsin Joubert,Electric,Stonebridge,VA,2022-12-15
ACCT-000234,Cormac Ashgrove,Electric+Gas,Oak Junction,MO,2024-07-12
ACCT-000235,Wendell Blackwell,Electric,Copper Ridge,AZ,2024-03-02
ACCT-000236,Quentin Thackeray,Water,Fox Hollow,PA,2025-04-14
ACCT-000237,Arlo Okonkwo,Water,Gullport,FL,2023-01-11
ACCT-000238,Arlo Fairbanks,Gas,Larkspur,CO,2022-09-16
ACCT-000239,Esme Fairbanks,Electric,Stonebridge,VA,2024-09-10
ACCT-000240,Delphine Eastwick,Gas,Pinehurst Flats,NC,2025-01-12
ACCT-000241,Hollis Joubert,Electric+Gas,Fox Hollow,PA,2022-06-24
ACCT-000242,Tamsin Kessler,Gas,Elm Grove,IN,2022-10-19
ACCT-000243,Imani Marchetti,Gas,Larkspur,CO,2023-02-22
ACCT-000244,Quentin Rosewater,Water,Elm Grove,IN,2025-01-11
ACCT-000245,Celia Fairbanks,Gas,Milldale,OH,2024-09-03
ACCT-000246,Arlo Dunmore,Gas,Harborview,MI,2024-01-30
ACCT-000247,Beatrix Dunmore,Electric+Gas,Elm Grove,IN,2024-01-26
ACCT-000248,Greta Marchetti,Electric+Gas,Stonebridge,VA,2024-07-07
ACCT-000249,Silas Dunmore,Electric,Gullport,FL,2023-07-07
ACCT-000250,Cormac Sablewood,Electric,Fox Hollow,PA,2022-07-06
ACCT-000251,Ulric Okonkwo,Electric,Milldale,OH,2022-08-12
ACCT-000252,Wendell Ives,Gas,Stonebridge,VA,2023-08-18
ACCT-000253,Rosa Goldwyn,Electric,Pinehurst Flats,NC,2022-05-30
ACCT-000254,Silas Dunmore,Gas,Larkspur,CO,2022-04-27
ACCT-000255,Dorian Ives,Water,Windmere,WI,2023-02-22
ACCT-000256,Delphine Pemberton,Water,Harborview,MI,2023-06-05
ACCT-000257,Greta Ives,Electric+Gas,Pinehurst Flats,NC,2022-01-25
ACCT-000258,Esme Winterbourne,Water,Elm Grove,IN,2022-03-24
ACCT-000259,Zelda Eastwick,Electric,Copper Ridge,AZ,2022-10-24
ACCT-000260,Quentin Blackwell,Electric,Elm Grove,IN,2024-05-16
ACCT-000261,Vera Ashgrove,Electric,Oak Junction,MO,2024-06-13
ACCT-000262,Greta Goldwyn,Electric,Copper Ridge,AZ,2024-06-09
ACCT-000263,Yusuf Thackeray,Water,Windmere,WI,2023-04-02
ACCT-000264,Jasper Xanthos,Electric+Gas,Gullport,FL,2024-02-06
ACCT-000265,Wendell Joubert,Water,Larkspur,CO,2024-01-17
ACCT-000266,Silas Zimmerle,Electric,Gullport,FL,2023-01-29
ACCT-000267,Esme Ashgrove,Water,Windmere,WI,2025-03-02
ACCT-000268,Beatrix Ashgrove,Electric+Gas,Cedar Bluff,TN,2023-08-28
ACCT-000269,Xiomara Castellano,Water,Cedar Bluff,TN,2023-10-09
ACCT-000270,Dorian Sablewood,Water,Fox Hollow,PA,2023-02-18
ACCT-000271,Ulric Abernathy,Electric,Stonebridge,VA,2024-05-11
ACCT-000272,Esme Goldwyn,Water,Harborview,MI,2024-05-28
ACCT-000273,Bram Quintrell,Water,Harborview,MI,2023-06-18
ACCT-000274,Tamsin Zimmerle,Water,Pinehurst Flats,NC,2024-04-26
ACCT-000275,Farid Zimmerle,Gas,Pinehurst Flats,NC,2023-05-04
ACCT-000276,Jasper Zimmerle,Electric+Gas,Stonebridge,VA,2022-10-22
ACCT-000277,Rosa Blackwell,Electric+Gas,Gullport,FL,2025-03-05
ACCT-000278,Kaia Marchetti,Water,Harborview,MI,2022-08-14
ACCT-000279,Ulric Crowhurst,Electric+Gas,Stonebridge,VA,2023-06-09
ACCT-000280,Mira Thackeray,Gas,Copper Ridge,AZ,2022-11-28
ACCT-000281,Xiomara Abernathy,Electric,Elm Grove,IN,2023-06-06
ACCT-000282,Celia Kessler,Electric+Gas,Milldale,OH,2022-10-24
ACCT-000283,Farid Joubert,Electric,Pinehurst Flats,NC,2023-02-18
ACCT-000284,Tamsin Boulware,Gas,Gullport,FL,2022-05-15
ACCT-000285,Delphine Dovetail,Water,Oak Junction,MO,2022-11-07
ACCT-000286,Wendell Sablewood,Water,Fox Hollow,PA,2022-04-02
ACCT-000287,Xiomara Abernathy,Water,Milldale,OH,2025-01-03
ACCT-000288,Jasper Northcott,Electric+Gas,Stonebridge,VA,2022-07-24
ACCT-000289,Imani Pemberton,Electric+Gas,Oak Junction,MO,2022-12-24
ACCT-000290,Imani Joubert,Electric+Gas,Larkspur,CO,2022-11-10
ACCT-000291,Greta Underhill,Electric,Pinehurst Flats,NC,2023-10-26
ACCT-000292,Vera Okonkwo,Water,Pinehurst Flats,NC,2023-09-12
ACCT-000293,Priya Northcott,Electric+Gas,Harborview,MI,2022-03-16
ACCT-000294,Arlo Zimmerle,Gas,Elm Grove,IN,2022-04-10
ACCT-000295,Ada Joubert,Electric+Gas,Harborview,MI,2024-04-25
ACCT-000296,Imani Crowhurst,Water,Gullport,FL,2025-04-14
ACCT-000297,Jasper Sablewood,Electric+Gas,Stonebridge,VA,2024-01-08
ACCT-000298,Yusuf Abernathy,Electric,Pinehurst Flats,NC,2023-06-28
ACCT-000299,Silas Hartsfield,Water,Gullport,FL,2024-03-18
ACCT-000300,Jasper Hartsfield,Gas,Pinehurst Flats,NC,2023-08-21
ACCT-000301,Arlo Vasquez,Electric+Gas,Fox Hollow,PA,2024-08-31
ACCT-000302,Lionel Xanthos,Electric,Stonebridge,VA,2024-09-29
ACCT-000303,Rosa Yarborough,Water,Milldale,OH,2024-03-19
ACCT-000304,Esme Fairbanks,Electric+Gas,Larkspur,CO,2023-09-15
ACCT-000305,Greta Pemberton,Gas,Gullport,FL,2024-02-07
ACCT-000306,Rosa Kessler,Gas,Pinehurst Flats,NC,2023-06-03
ACCT-000307,Hollis Vasquez,Electric,Windmere,WI,2024-05-26
ACCT-000308,Ada Hartsfield,Electric,Larkspur,CO,2023-10-10
ACCT-000309,Wendell Fairbanks,Electric+Gas,Copper Ridge,AZ,2024-02-03
ACCT-000310,Cormac Abernathy,Gas,Harborview,MI,2024-02-10
ACCT-000311,Hollis Dovetail,Water,Harborview,MI,2023-07-10
ACCT-000312,Jasper Sablewood,Electric,Fox Hollow,PA,2023-12-15
ACCT-000313,Cormac Crowhurst,Gas,Gullport,FL,2022-09-06
ACCT-000314,Quentin Marchetti,Gas,Fox Hollow,PA,2023-07-07
ACCT-000315,Mira Dovetail,Water,Harborview,MI,2023-10-04
ACCT-000316,Odette Eastwick,Electric,Copper Ridge,AZ,2022-03-30
ACCT-000317,Esme Dovetail,Water,Pinehurst Flats,NC,2024-02-13
ACCT-000318,Cormac Goldwyn,Electric,Copper Ridge,AZ,2022-03-20
ACCT-000319,Nolan Goldwyn,Water,Copper Ridge,AZ,2024-12-09
ACCT-000320,Celia Winterbourne,Gas,Larkspur,CO,2024-04-21
ACCT-000321,Jasper Quintrell,Water,Cedar Bluff,TN,2022-01-07
ACCT-000322,Kaia Sablewood,Gas,Stonebridge,VA,2022-08-31
ACCT-000323,Hollis Goldwyn,Electric+Gas,Oak Junction,MO,2024-05-02
ACCT-000324,Delphine Pemberton,Electric,Copper Ridge,AZ,2022-10-07
ACCT-000325,Jasper Ashgrove,Gas,Harborview,MI,2024-08-03
ACCT-000326,Wendell Sablewood,Gas,Oak Junction,MO,2022-04-14
ACCT-000327,Arlo Hartsfield,Electric,Copper Ridge,AZ,2024-11-30
ACCT-000328,Priya Winterbourne,Water,Cedar Bluff,TN,2022-05-20
ACCT-000329,Tamsin Kessler,Water,Harborview,MI,2023-03-12
ACCT-000330,Priya Vasquez,Water,Oak Junction,MO,2022-08-25
ACCT-000331,Priya Castellano,Electric+Gas,Copper Ridge,AZ,2022-08-11
ACCT-000332,Priya Vasquez,Water,Elm Grove,IN,2023-07-11
ACCT-000333,Kaia Eastwick,Electric+Gas,Pinehurst Flats,NC,2024-01-13
ACCT-000334,Wendell Xanthos,Water,Windmere,WI,2022-03-25
ACCT-000335,Farid Castellano,Electric+Gas,Gullport,FL,2023-09-03
ACCT-000336,Ulric Lindqvist,Electric+Gas,Copper Ridge,AZ,2024-05-25
ACCT-000337,Jasper Goldwyn,Water,Harborview,MI,2023-12-31
ACCT-000338,Beatrix Quintrell,Gas,Oak Junction,MO,2025-04-05
ACCT-000339,Cormac Winterbourne,Water,Elm Grove,IN,2024-09-28
ACCT-000340,Cormac Underhill,Electric+Gas,Windmere,WI,2024-10-13
ACCT-000341,Jasper Joubert,Electric,Stonebridge,VA,2025-03-07
ACCT-000342,Ada Ashgrove,Gas,Pinehurst Flats,NC,2024-08-26
ACCT-000343,Esme Hartsfield,Water,Elm Grove,IN,2023-07-23
ACCT-000344,Kaia Dovetail,Water,Fox Hollow,PA,2025-04-06
ACCT-000345,Yusuf Northcott,Electric+Gas,Elm Grove,IN,2022-07-04
ACCT-000346,Ada Dovetail,Water,Copper Ridge,AZ,2022-11-24
ACCT-000347,Celia Marchetti,Electric,Gullport,FL,2024-09-27
ACCT-000348,Greta Castellano,Electric+Gas,Oak Junction,MO,2023-06-28
ACCT-000349,Quentin Sablewood,Electric,Copper Ridge,AZ,2022-08-16
ACCT-000350,Mira Crowhurst,Electric+Gas,Larkspur,CO,2023-01-22
ACCT-000351,Arlo Vasquez,Water,Milldale,OH,2022-12-07
ACCT-000352,Nolan Rosewater,Water,Copper Ridge,AZ,2022-05-23
ACCT-000353,Yusuf Hartsfield,Gas,Cedar Bluff,TN,2023-02-03
ACCT-000354,Beatrix Fairbanks,Electric,Windmere,WI,2023-05-11
ACCT-000355,Farid Rosewater,Electric,Gullport,FL,2025-03-03
ACCT-000356,Greta Fairbanks,Gas,Pinehurst Flats,NC,2023-01-11
ACCT-000357,Quentin Hartsfield,Gas,Gullport,FL,2024-04-14
ACCT-000358,Rosa Okonkwo,Gas,Copper Ridge,AZ,2022-09-15
ACCT-000359,Esme Thackeray,Electric,Stonebridge,VA,2025-02-20
ACCT-000360,Greta Rosewater,Electric,Fox Hollow,PA,2022-08-09
ACCT-000361,Arlo Hartsfield,Gas,Copper Ridge,AZ,2022-09-13
ACCT-000362,Priya Rosewater,Electric,Pinehurst Flats,NC,2024-08-15
ACCT-000363,Esme Ives,Water,Copper Ridge,AZ,2022-05-11
ACCT-000364,Tamsin Joubert,Electric+Gas,Milldale,OH,2024-04-11
ACCT-000365,Zelda Sablewood,Water,Oak Junction,MO,2023-09-16
ACCT-000366,Ada Boulware,Gas,Elm Grove,IN,2023-05-12
ACCT-000367,Lionel Thackeray,Electric+Gas,Cedar Bluff,TN,2024-06-30
ACCT-000368,Beatrix Xanthos,Gas,Copper Ridge,AZ,2024-08-01
ACCT-000369,Hollis Dunmore,Electric,Larkspur,CO,2023-05-22
ACCT-000370,Dorian Castellano,Water,Oak Junction,MO,2022-10-07
ACCT-000371,Mira Vasquez,Water,Fox Hollow,PA,2023-11-10
ACCT-000372,Tamsin Yarborough,Water,Gullport,FL,2023-03-16
ACCT-000373,Xiomara Boulware,Electric+Gas,Fox Hollow,PA,2024-10-24
ACCT-000374,Priya Dunmore,Gas,Larkspur,CO,2024-11-03
ACCT-000375,Rosa Castellano,Electric,Gullport,FL,2024-09-09
ACCT-000376,Greta Rosewater,Gas,Larkspur,CO,2024-05-23
ACCT-000377,Silas Northcott,Gas,Copper Ridge,AZ,2023-10-13
ACCT-000378,Kaia Vasquez,Gas,Harborview,MI,2022-02-12
ACCT-000379,Wendell Xanthos,Electric,Oak Junction,MO,2024-12-23
ACCT-000380,Priya Blackwell,Water,Cedar Bluff,TN,2023-05-02
ACCT-000381,Ada Blackwell,Water,Stonebridge,VA,2022-07-24
ACCT-000382,Ulric Pemberton,Water,Larkspur,CO,2023-08-01
ACCT-000383,Celia Yarborough,Electric+Gas,Copper Ridge,AZ,2022-07-31
ACCT-000384,Dorian Crowhurst,Gas,Milldale,OH,2022-01-15
ACCT-000385,Rosa Hartsfield,Water,Gullport,FL,2024-12-23
ACCT-000386,Bram Rosewater,Electric,Harborview,MI,2023-10-30
ACCT-000387,Delphine Marchetti,Gas,Stonebridge,VA,2022-04-22
ACCT-000388,Wendell Northcott,Electric,Larkspur,CO,2022-09-11
ACCT-000389,Silas Fairbanks,Water,Larkspur,CO,2022-07-25
ACCT-000390,Vera Abernathy,Electric+Gas,Larkspur,CO,2022-09-02
ACCT-000391,Delphine Joubert,Gas,Windmere,WI,2024-10-03
ACCT-000392,Mira Thackeray,Water,Stonebridge,VA,2025-01-02
ACCT-000393,Bram Okonkwo,Water,Milldale,OH,2024-02-27
ACCT-000394,Tamsin Hartsfield,Electric+Gas,Copper Ridge,AZ,2022-07-01
ACCT-000395,Zelda Fairbanks,Gas,Oak Junction,MO,2022-05-28
ACCT-000396,Esme Pemberton,Electric,Stonebridge,VA,2023-03-29
ACCT-000397,Zelda Kessler,Electric,Milldale,OH,2024-07-17
ACCT-000398,Imani Pemberton,Gas,Stonebridge,VA,2024-08-26
ACCT-000399,Farid Thackeray,Electric,Windmere,WI,2024-04-22
ACCT-000400,Silas Underhill,Electric,Elm Grove,IN,2024-10-28
ACCT-000401,Odette Blackwell,Electric,Gullport,FL,2022-09-06
ACCT-000402,Bram Thackeray,Electric,Stonebridge,VA,2024-02-18
ACCT-000403,Dorian Hartsfield,Gas,Fox Hollow,PA,2022-06-06
ACCT-000404,Greta Abernathy,Gas,Pinehurst Flats,NC,2022-05-31
ACCT-000405,Vera Thackeray,Gas,Oak Junction,MO,2022-01-28
ACCT-000406,Celia Dovetail,Electric+Gas,Harborview,MI,2023-11-29
ACCT-000407,Kaia Sablewood,Gas,Harborview,MI,2025-04-07
ACCT-000408,Ada Dunmore,Electric+Gas,Windmere,WI,2025-02-18
ACCT-000409,Zelda Dunmore,Gas,Windmere,WI,2023-05-26
ACCT-000410,Quentin Sablewood,Gas,Stonebridge,VA,2022-05-24
ACCT-000411,Beatrix Hartsfield,Gas,Copper Ridge,AZ,2023-06-17
ACCT-000412,Yusuf Northcott,Electric+Gas,Fox Hollow,PA,2024-10-27
ACCT-000413,Arlo Ives,Water,Elm Grove,IN,2023-08-30
ACCT-000414,Nolan Winterbourne,Electric+Gas,Windmere,WI,2023-02-19
ACCT-000415,Xiomara Castellano,Gas,Oak Junction,MO,2023-11-17
ACCT-000416,Imani Blackwell,Gas,Elm Grove,IN,2024-05-08
ACCT-000417,Ulric Dovetail,Gas,Fox Hollow,PA,2022-10-09
ACCT-000418,Bram Joubert,Water,Milldale,OH,2024-12-27
ACCT-000419,Rosa Quintrell,Electric,Copper Ridge,AZ,2022-05-27
ACCT-000420,Zelda Goldwyn,Electric,Elm Grove,IN,2024-03-21
ACCT-000421,Esme Xanthos,Gas,Larkspur,CO,2024-07-30
ACCT-000422,Nolan Marchetti,Gas,Copper Ridge,AZ,2024-05-21
ACCT-000423,Kaia Ives,Water,Larkspur,CO,2024-12-16
ACCT-000424,Priya Boulware,Water,Stonebridge,VA,2023-11-23
ACCT-000425,Ulric Winterbourne,Electric,Cedar Bluff,TN,2022-01-11
ACCT-000426,Beatrix Eastwick,Electric,Larkspur,CO,2024-10-27
ACCT-000427,Kaia Abernathy,Gas,Harborview,MI,2024-10-31
ACCT-000428,Hollis Blackwell,Water,Gullport,FL,2025-02-27
ACCT-000429,Mira Ashgrove,Water,Fox Hollow,PA,2024-12-11
ACCT-000430,Nolan Abernathy,Electric,Gullport,FL,2024-06-14
ACCT-000431,Cormac Boulware,Water,Harborview,MI,2024-08-08
ACCT-000432,Cormac Rosewater,Electric,Copper Ridge,AZ,2024-08-02
ACCT-000433,Beatrix Joubert,Gas,Elm Grove,IN,2023-03-26
ACCT-000434,Beatrix Fairbanks,Water,Stonebridge,VA,2025-02-20
ACCT-000435,Vera Abernathy,Electric+Gas,Stonebridge,VA,2024-06-21
ACCT-000436,Cormac Thackeray,Electric+Gas,Elm Grove,IN,2025-01-25
ACCT-000437,Lionel Vasquez,Water,Windmere,WI,2024-07-25
ACCT-000438,Ulric Hartsfield,Water,Harborview,MI,2022-10-09
ACCT-000439,Zelda Thackeray,Gas,Stonebridge,VA,2023-02-17
ACCT-000440,Jasper Quintrell,Electric,Copper Ridge,AZ,2025-02-25
ACCT-000441,Vera Quintrell,Electric+Gas,Oak Junction,MO,2023-10-09
ACCT-000442,Odette Fairbanks,Gas,Harborview,MI,2023-07-18
ACCT-000443,Priya Xanthos,Electric+Gas,Gullport,FL,2022-07-24
ACCT-000444,Quentin Marchetti,Electric,Elm Grove,IN,2024-12-19
ACCT-000445,Nolan Underhill,Electric+Gas,Cedar Bluff,TN,2025-01-23
ACCT-000446,Farid Winterbourne,Electric+Gas,Gullport,FL,2023-02-09
ACCT-000447,Celia Northcott,Gas,Pinehurst Flats,NC,2024-03-19
ACCT-000448,Esme Dovetail,Electric+Gas,Elm Grove,IN,2023-03-09
ACCT-000449,Wendell Ashgrove,Gas,Gullport,FL,2022-09-21
ACCT-000450,Odette Winterbourne,Gas,Pinehurst Flats,NC,2024-02-13
ACCT-000451,Arlo Quintrell,Gas,Larkspur,CO,2023-10-12
ACCT-000452,Wendell Abernathy,Electric+Gas,Harborview,MI,2023-02-24
ACCT-000453,Farid Abernathy,Gas,Milldale,OH,2023-10-26
ACCT-000454,Dorian Yarborough,Electric,Fox Hollow,PA,2022-03-03
ACCT-000455,Farid Rosewater,Gas,Windmere,WI,2023-04-29
ACCT-000456,Mira Thackeray,Water,Pinehurst Flats,NC,2023-02-01
ACCT-000457,Bram Rosewater,Electric+Gas,Gullport,FL,2024-10-14
ACCT-000458,Xiomara Abernathy,Water,Stonebridge,VA,2025-03-27
ACCT-000459,Ada Hartsfield,Electric+Gas,Stonebridge,VA,2023-10-13
ACCT-000460,Farid Crowhurst,Gas,Larkspur,CO,2023-11-29
ACCT-000461,Quentin Eastwick,Electric,Pinehurst Flats,NC,2023-08-12
ACCT-000462,Xiomara Okonkwo,Electric,Stonebridge,VA,2023-10-06
ACCT-000463,Ulric Northcott,Water,Fox Hollow,PA,2024-05-16
ACCT-000464,Priya Kessler,Gas,Copper Ridge,AZ,2022-03-05
ACCT-000465,Xiomara Joubert,Electric+Gas,Gullport,FL,2024-06-10
ACCT-000466,Delphine Vasquez,Water,Fox Hollow,PA,2024-12-06
ACCT-000467,Xiomara Blackwell,Water,Milldale,OH,2023-07-06
ACCT-000468,Imani Eastwick,Electric,Stonebridge,VA,2024-11-17
ACCT-000469,Wendell Crowhurst,Electric,Harborview,MI,2022-10-17
ACCT-000470,Esme Hartsfield,Electric,Cedar Bluff,TN,2024-05-19
ACCT-000471,Celia Lindqvist,Electric+Gas,Pinehurst Flats,NC,2023-02-04
ACCT-000472,Silas Lindqvist,Electric,Cedar Bluff,TN,2023-08-02
ACCT-000473,Dorian Kessler,Electric,Elm Grove,IN,2023-09-01
ACCT-000474,Yusuf Joubert,Gas,Milldale,OH,2023-05-28
ACCT-000475,Wendell Zimmerle,Electric+Gas,Stonebridge,VA,2023-06-02
ACCT-000476,Cormac Blackwell,Gas,Pinehurst Flats,NC,2023-04-06
ACCT-000477,Zelda Pemberton,Electric,Copper Ridge,AZ,2025-01-27
ACCT-000478,Jasper Rosewater,Electric,Oak Junction,MO,2023-05-03
ACCT-000479,Tamsin Abernathy,Water,Stonebridge,VA,2022-05-13
ACCT-000480,Ulric Joubert,Electric,Pinehurst Flats,NC,2024-07-16
ACCT-000481,Hollis Lindqvist,Electric,Oak Junction,MO,2023-12-21
ACCT-000482,Bram Goldwyn,Electric+Gas,Windmere,WI,2022-07-03
ACCT-000483,Bram Sablewood,Gas,Oak Junction,MO,2023-02-04
ACCT-000484,Esme Okonkwo,Electric+Gas,Cedar Bluff,TN,2023-06-30
ACCT-000485,Quentin Winterbourne,Gas,Fox Hollow,PA,2025-02-18
ACCT-000486,Farid Quintrell,Gas,Copper Ridge,AZ,2024-04-06
ACCT-000487,Yusuf Sablewood,Water,Fox Hollow,PA,2024-07-05
ACCT-000488,Tamsin Okonkwo,Electric,Harborview,MI,2023-05-26
ACCT-000489,Cormac Kessler,Electric,Elm Grove,IN,2024-04-14
ACCT-000490,Cormac Lindqvist,Water,Larkspur,CO,2024-08-25
ACCT-000491,Silas Fairbanks,Gas,Stonebridge,VA,2023-10-23
ACCT-000492,Farid Hartsfield,Water,Stonebridge,VA,2023-01-22
ACCT-000493,Beatrix Vasquez,Water,Stonebridge,VA,2024-03-24
ACCT-000494,Hollis Winterbourne,Gas,Pinehurst Flats,NC,2024-07-07
ACCT-000495,Zelda Fairbanks,Electric,Fox Hollow,PA,2023-09-10
ACCT-000496,Cormac Dovetail,Water,Stonebridge,VA,2023-10-16
ACCT-000497,Farid Underhill,Electric,Copper Ridge,AZ,2023-07-17
ACCT-000498,Lionel Kessler,Electric+Gas,Copper Ridge,AZ,2024-07-15
ACCT-000499,Yusuf Hartsfield,Electric,Gullport,FL,2023-06-26
ACCT-000500,Nolan Quintrell,Water,Larkspur,CO,2022-03-08
ACCT-000501,Tamsin Hartsfield,Electric,Larkspur,CO,2024-09-24
ACCT-000502,Ulric Joubert,Electric+Gas,Elm Grove,IN,2024-08-17
ACCT-000503,Arlo Northcott,Gas,Gullport,FL,2025-02-10
ACCT-000504,Ulric Crowhurst,Electric,Pinehurst Flats,NC,2024-10-18
ACCT-000505,Mira Fairbanks,Electric+Gas,Stonebridge,VA,2023-01-03
ACCT-000506,Quentin Winterbourne,Gas,Windmere,WI,2024-01-05
ACCT-000507,Odette Ashgrove,Electric,Windmere,WI,2023-03-19
ACCT-000508,Dorian Zimmerle,Electric,Larkspur,CO,2024-08-29
ACCT-000509,Wendell Crowhurst,Electric,Gullport,FL,2025-03-25
ACCT-000510,Wendell Boulware,Water,Oak Junction,MO,2023-05-11
ACCT-000511,Cormac Quintrell,Water,Milldale,OH,2024-04-05
ACCT-000512,Cormac Lindqvist,Electric,Elm Grove,IN,2022-01-05
ACCT-000513,Rosa Castellano,Electric,Larkspur,CO,2022-02-03
ACCT-000514,Yusuf Underhill,Gas,Pinehurst Flats,NC,2022-05-01
ACCT-000515,Beatrix Dunmore,Water,Milldale,OH,2022-11-07
ACCT-000516,Farid Boulware,Gas,Cedar Bluff,TN,2024-01-28
ACCT-000517,Odette Castellano,Electric+Gas,Elm Grove,IN,2022-09-28
ACCT-000518,Priya Hartsfield,Gas,Pinehurst Flats,NC,2024-06-20
ACCT-000519,Imani Castellano,Water,Pinehurst Flats,NC,2023-08-25
ACCT-000520,Wendell Winterbourne,Water,Harborview,MI,2022-05-13
ACCT-000521,Jasper Abernathy,Electric+Gas,Copper Ridge,AZ,2022-02-17
ACCT-000522,Vera Zimmerle,Electric+Gas,Windmere,WI,2023-02-06
ACCT-000523,Imani Okonkwo,Gas,Fox Hollow,PA,2023-04-23
ACCT-000524,Vera Goldwyn,Electric+Gas,Oak Junction,MO,2024-06-13
ACCT-000525,Tamsin Eastwick,Electric,Gullport,FL,2024-10-16
ACCT-000526,Xiomara Rosewater,Water,Copper Ridge,AZ,2024-03-12
ACCT-000527,Yusuf Dovetail,Electric+Gas,Windmere,WI,2022-05-20
ACCT-000528,Quentin Okonkwo,Electric+Gas,Larkspur,CO,2024-10-14
ACCT-000529,Hollis Lindqvist,Electric+Gas,Stonebridge,VA,2023-04-05
ACCT-000530,Vera Marchetti,Water,Larkspur,CO,2024-06-13
ACCT-000531,Odette Kessler,Water,Stonebridge,VA,2024-04-16
ACCT-000532,Celia Ashgrove,Electric+Gas,Oak Junction,MO,2023-02-26
ACCT-000533,Ada Yarborough,Water,Copper Ridge,AZ,2023-11-30
ACCT-000534,Celia Okonkwo,Water,Gullport,FL,2022-09-07
ACCT-000535,Arlo Eastwick,Gas,Harborview,MI,2024-12-24
ACCT-000536,Farid Rosewater,Electric+Gas,Windmere,WI,2025-04-01
ACCT-000537,Celia Dunmore,Electric,Harborview,MI,2024-09-25
ACCT-000538,Delphine Dovetail,Water,Gullport,FL,2022-12-30
ACCT-000539,Vera Hartsfield,Gas,Cedar Bluff,TN,2022-06-07
ACCT-000540,Xiomara Yarborough,Water,Milldale,OH,2023-05-11
ACCT-000541,Bram Winterbourne,Electric+Gas,Oak Junction,MO,2023-08-27
ACCT-000542,Imani Rosewater,Gas,Stonebridge,VA,2024-09-28
ACCT-000543,Delphine Thackeray,Gas,Oak Junction,MO,2023-12-25
ACCT-000544,Rosa Vasquez,Electric+Gas,Gullport,FL,2022-06-03
ACCT-000545,Greta Winterbourne,Electric+Gas,Windmere,WI,2022-01-31
ACCT-000546,Arlo Pemberton,Electric,Oak Junction,MO,2023-04-29
ACCT-000547,Wendell Pemberton,Electric+Gas,Stonebridge,VA,2024-12-03
ACCT-000548,Zelda Kessler,Electric+Gas,Gullport,FL,2024-02-19
ACCT-000549,Arlo Boulware,Water,Milldale,OH,2022-04-16
ACCT-000550,Nolan Marchetti,Electric,Cedar Bluff,TN,2023-03-05
ACCT-000551,Odette Crowhurst,Electric,Oak Junction,MO,2022-06-18
ACCT-000552,Mira Ives,Electric,Fox Hollow,PA,2024-06-10
ACCT-000553,Ulric Ashgrove,Electric+Gas,Copper Ridge,AZ,2024-05-31
ACCT-000554,Jasper Marchetti,Electric+Gas,Stonebridge,VA,2023-10-29
ACCT-000555,Vera Lindqvist,Water,Larkspur,CO,2023-05-09
ACCT-000556,Imani Xanthos,Gas,Pinehurst Flats,NC,2022-12-10
ACCT-000557,Rosa Quintrell,Water,Larkspur,CO,2024-07-13
ACCT-000558,Arlo Marchetti,Water,Fox Hollow,PA,2023-04-16
ACCT-000559,Lionel Ashgrove,Electric,Stonebridge,VA,2023-10-15
ACCT-000560,Mira Abernathy,Gas,Copper Ridge,AZ,2024-02-11
ACCT-000561,Bram Dunmore,Gas,Elm Grove,IN,2024-11-26
ACCT-000562,Wendell Pemberton,Electric+Gas,Oak Junction,MO,2023-07-04
ACCT-000563,Priya Abernathy,Electric+Gas,Gullport,FL,2022-01-30
ACCT-000564,Esme Ives,Electric+Gas,Fox Hollow,PA,2022-07-13
ACCT-000565,Celia Ashgrove,Gas,Copper Ridge,AZ,2023-10-25
ACCT-000566,Delphine Castellano,Gas,Larkspur,CO,2023-02-17
ACCT-000567,Farid Dovetail,Electric+Gas,Harborview,MI,2023-05-23
ACCT-000568,Priya Vasquez,Water,Fox Hollow,PA,2024-09-26
ACCT-000569,Yusuf Hartsfield,Water,Milldale,OH,2023-10-14
ACCT-000570,Wendell Dunmore,Gas,Fox Hollow,PA,2022-07-14
ACCT-000571,Nolan Okonkwo,Electric,Cedar Bluff,TN,2024-10-27
ACCT-000572,Xiomara Kessler,Electric,Stonebridge,VA,2024-11-13
ACCT-000573,Silas Goldwyn,Water,Oak Junction,MO,2023-11-04
ACCT-000574,Priya Xanthos,Electric,Copper Ridge,AZ,2022-02-10
ACCT-000575,Odette Goldwyn,Electric+Gas,Stonebridge,VA,2023-10-17
ACCT-000576,Imani Winterbourne,Water,Copper Ridge,AZ,2023-12-06
ACCT-000577,Kaia Ives,Electric+Gas,Cedar Bluff,TN,2024-08-20
ACCT-000578,Priya Quintrell,Water,Larkspur,CO,2022-01-22
ACCT-000579,Priya Kessler,Gas,Gullport,FL,2022-10-04
ACCT-000580,Odette Goldwyn,Gas,Harborview,MI,2022-08-05
ACCT-000581,Farid Dunmore,Gas,Milldale,OH,2025-03-13
ACCT-000582,Imani Xanthos,Water,Elm Grove,IN,2025-03-19
ACCT-000583,Cormac Dunmore,Electric,Fox Hollow,PA,2024-03-08
ACCT-000584,Rosa Underhill,Water,Elm Grove,IN,2024-03-19
ACCT-000585,Silas Ives,Gas,Gullport,FL,2024-06-15
ACCT-000586,Bram Joubert,Electric+Gas,Harborview,MI,2024-05-11
ACCT-000587,Yusuf Thackeray,Electric+Gas,Pinehurst Flats,NC,2024-02-07
ACCT-000588,Beatrix Crowhurst,Water,Pinehurst Flats,NC,2022-08-18
ACCT-000589,Vera Northcott,Electric,Oak Junction,MO,2024-06-06
ACCT-000590,Dorian Boulware,Electric,Oak Junction,MO,2022-09-03
ACCT-000591,Xiomara Goldwyn,Electric,Oak Junction,MO,2023-08-25
ACCT-000592,Yusuf Marchetti,Electric,Cedar Bluff,TN,2024-03-13
ACCT-000593,Arlo Northcott,Electric+Gas,Windmere,WI,2022-07-30
ACCT-000594,Silas Northcott,Gas,Gullport,FL,2022-01-15
ACCT-000595,Imani Lindqvist,Water,Fox Hollow,PA,2024-02-11
ACCT-000596,Celia Eastwick,Electric+Gas,Copper Ridge,AZ,2022-02-22
ACCT-000597,Nolan Boulware,Electric,Harborview,MI,2025-03-11
ACCT-000598,Yusuf Northcott,Electric,Oak Junction,MO,2025-03-28
ACCT-000599,Odette Lindqvist,Gas,Windmere,WI,2022-11-25
ACCT-000600,Jasper Abernathy,Gas,Windmere,WI,2022-06-13
ACCT-000601,Hollis Abernathy,Water,Elm Grove,IN,2022-11-13
ACCT-000602,Wendell Boulware,Water,Cedar Bluff,TN,2024-10-18
ACCT-000603,Imani Northcott,Water,Harborview,MI,2023-04-24
ACCT-000604,Bram Blackwell,Water,Copper Ridge,AZ,2023-05-19
ACCT-000605,Esme Yarborough,Electric,Windmere,WI,2024-11-19
ACCT-000606,Zelda Quintrell,Water,Harborview,MI,2022-02-26
ACCT-000607,Jasper Dovetail,Water,Fox Hollow,PA,2022-11-26
ACCT-000608,Delphine Abernathy,Electric+Gas,Harborview,MI,2023-01-07
ACCT-000609,Cormac Okonkwo,Gas,Larkspur,CO,2022-08-31
ACCT-000610,Nolan Lindqvist,Electric+Gas,Harborview,MI,2024-11-26
ACCT-000611,Jasper Marchetti,Electric+Gas,Windmere,WI,2024-06-11
ACCT-000612,Xiomara Ashgrove,Water,Copper Ridge,AZ,2023-03-15
ACCT-000613,Silas Yarborough,Gas,Milldale,OH,2024-09-30
ACCT-000614,Delphine Castellano,Gas,Gullport,FL,2024-05-14
ACCT-000615,Delphine Dunmore,Water,Elm Grove,IN,2024-06-23
ACCT-000616,Priya Dovetail,Electric,Fox Hollow,PA,2024-09-20
ACCT-000617,Delphine Thackeray,Water,Oak Junction,MO,2022-11-22
ACCT-000618,Greta Okonkwo,Gas,Elm Grove,IN,2024-02-19
ACCT-000619,Vera Zimmerle,Water,Harborview,MI,2023-02-22
ACCT-000620,Ulric Fairbanks,Water,Cedar Bluff,TN,2023-10-30
ACCT-000621,Farid Fairbanks,Water,Windmere,WI,2022-11-23
ACCT-000622,Lionel Marchetti,Electric,Pinehurst Flats,NC,2025-02-07
ACCT-000623,Jasper Quintrell,Gas,Pinehurst Flats,NC,2023-03-13
ACCT-000624,Vera Fairbanks,Gas,Cedar Bluff,TN,2023-02-24
ACCT-000625,Tamsin Ives,Electric+Gas,Windmere,WI,2022-12-19
ACCT-000626,Arlo Okonkwo,Electric+Gas,Harborview,MI,2024-12-21
ACCT-000627,Rosa Dunmore,Electric+Gas,Gullport,FL,2023-01-03
ACCT-000628,Priya Fairbanks,Electric+Gas,Elm Grove,IN,2023-01-31
ACCT-000629,Lionel Quintrell,Gas,Gullport,FL,2024-03-25
ACCT-000630,Celia Kessler,Gas,Elm Grove,IN,2024-06-06
ACCT-000631,Odette Quintrell,Electric+Gas,Harborview,MI,2022-12-05
ACCT-000632,Yusuf Abernathy,Water,Larkspur,CO,2022-10-27
ACCT-000633,Silas Rosewater,Gas,Stonebridge,VA,2024-12-13
ACCT-000634,Priya Vasquez,Gas,Stonebridge,VA,2023-04-17
ACCT-000635,Delphine Quintrell,Electric,Gullport,FL,2024-03-25
ACCT-000636,Bram Boulware,Gas,Cedar Bluff,TN,2024-02-11
ACCT-000637,Esme Kessler,Electric+Gas,Copper Ridge,AZ,2022-04-07
ACCT-000638,Ada Northcott,Water,Windmere,WI,2023-09-11
ACCT-000639,Celia Castellano,Water,Windmere,WI,2023-11-09
ACCT-000640,Cormac Dovetail,Gas,Milldale,OH,2022-05-10
ACCT-000641,Ada Eastwick,Electric,Gullport,FL,2023-01-30
ACCT-000642,Jasper Vasquez,Electric+Gas,Harborview,MI,2023-08-02
ACCT-000643,Lionel Castellano,Gas,Gullport,FL,2022-10-29
ACCT-000644,Delphine Lindqvist,Water,Stonebridge,VA,2023-05-28
ACCT-000645,Yusuf Hartsfield,Electric+Gas,Stonebridge,VA,2022-06-03
ACCT-000646,Ada Dovetail,Gas,Oak Junction,MO,2024-08-07
ACCT-000647,Mira Dovetail,Electric,Stonebridge,VA,2022-11-19
ACCT-000648,Lionel Fairbanks,Electric,Harborview,MI,2025-02-21
ACCT-000649,Ulric Blackwell,Gas,Milldale,OH,2023-11-23
ACCT-000650,Odette Northcott,Electric+Gas,Cedar Bluff,TN,2024-04-26
ACCT-000651,Arlo Marchetti,Gas,Larkspur,CO,2022-08-03
ACCT-000652,Dorian Marchetti,Electric,Cedar Bluff,TN,2023-03-03
ACCT-000653,Tamsin Winterbourne,Electric,Larkspur,CO,2023-03-15
ACCT-000654,Greta Joubert,Electric,Gullport,FL,2022-03-09
ACCT-000655,Mira Marchetti,Gas,Elm Grove,IN,2023-04-09
ACCT-000656,Ada Boulware,Electric,Oak Junction,MO,2024-10-28
ACCT-000657,Yusuf Kessler,Electric+Gas,Gullport,FL,2022-06-21
ACCT-000658,Wendell Underhill,Electric,Oak Junction,MO,2025-04-07
ACCT-000659,Beatrix Rosewater,Electric+Gas,Gullport,FL,2022-07-18
ACCT-000660,Yusuf Ives,Gas,Gullport,FL,2023-07-18
ACCT-000661,Nolan Yarborough,Water,Stonebridge,VA,2023-04-10
ACCT-000662,Kaia Dovetail,Gas,Cedar Bluff,TN,2023-03-16
ACCT-000663,Yusuf Marchetti,Water,Elm Grove,IN,2022-02-08
ACCT-000664,Bram Crowhurst,Electric,Pinehurst Flats,NC,2024-11-30
ACCT-000665,Rosa Northcott,Gas,Harborview,MI,2024-08-19
ACCT-000666,Quentin Marchetti,Electric+Gas,Larkspur,CO,2023-10-15
ACCT-000667,Jasper Abernathy,Electric+Gas,Windmere,WI,2022-10-15
ACCT-000668,Mira Vasquez,Gas,Fox Hollow,PA,2022-08-11
ACCT-000669,Tamsin Dunmore,Electric+Gas,Fox Hollow,PA,2022-10-27
ACCT-000670,Ulric Eastwick,Gas,Elm Grove,IN,2024-10-31
ACCT-000671,Arlo Joubert,Electric+Gas,Windmere,WI,2022-02-24
ACCT-000672,Imani Okonkwo,Water,Oak Junction,MO,2022-05-04
ACCT-000673,Greta Castellano,Gas,Elm Grove,IN,2023-12-05
ACCT-000674,Cormac Marchetti,Water,Cedar Bluff,TN,2024-08-18
ACCT-000675,Greta Hartsfield,Water,Stonebridge,VA,2024-09-08
ACCT-000676,Bram Boulware,Gas,Elm Grove,IN,2023-06-05
ACCT-000677,Cormac Okonkwo,Water,Oak Junction,MO,2022-03-06
ACCT-000678,Rosa Okonkwo,Electric+Gas,Fox Hollow,PA,2022-08-27
ACCT-000679,Mira Zimmerle,Electric+Gas,Larkspur,CO,2023-07-07
ACCT-000680,Dorian Joubert,Electric+Gas,Oak Junction,MO,2023-03-11
ACCT-000681,Celia Xanthos,Electric+Gas,Larkspur,CO,2022-09-13
ACCT-000682,Yusuf Crowhurst,Electric+Gas,Milldale,OH,2022-04-07
ACCT-000683,Odette Fairbanks,Electric+Gas,Gullport,FL,2024-07-31
ACCT-000684,Vera Quintrell,Electric+Gas,Elm Grove,IN,2025-03-25
ACCT-000685,Odette Northcott,Gas,Pinehurst Flats,NC,2023-12-08
ACCT-000686,Jasper Rosewater,Water,Gullport,FL,2024-07-20
ACCT-000687,Celia Hartsfield,Electric,Fox Hollow,PA,2024-01-01
ACCT-000688,Celia Lindqvist,Water,Harborview,MI,2023-10-13
ACCT-000689,Dorian Okonkwo,Electric,Windmere,WI,2023-09-01
ACCT-000690,Lionel Hartsfield,Gas,Harborview,MI,2025-04-02
ACCT-000691,Greta Vasquez,Electric,Pinehurst Flats,NC,2022-09-11
ACCT-000692,Vera Kessler,Electric,Gullport,FL,2024-11-12
ACCT-000693,Yusuf Yarborough,Electric+Gas,Milldale,OH,2022-03-03
ACCT-000694,Imani Zimmerle,Electric+Gas,Windmere,WI,2025-03-04
ACCT-000695,Farid Crowhurst,Electric,Elm Grove,IN,2023-01-22
ACCT-000696,Hollis Fairbanks,Water,Gullport,FL,2022-03-13
ACCT-000697,Silas Marchetti,Gas,Larkspur,CO,2025-02-13
ACCT-000698,Tamsin Ives,Electric+Gas,Copper Ridge,AZ,2024-10-19
ACCT-000699,Priya Yarborough,Gas,Stonebridge,VA,2023-07-01
ACCT-000700,Mira Abernathy,Electric+Gas,Copper Ridge,AZ,2024-07-04
ACCT-000701,Odette Goldwyn,Gas,Fox Hollow,PA,2023-07-01
ACCT-000702,Lionel Pemberton,Water,Elm Grove,IN,2022-12-28
ACCT-000703,Tamsin Abernathy,Gas,Stonebridge,VA,2024-05-31
ACCT-000704,Farid Abernathy,Water,Milldale,OH,2022-03-31
ACCT-000705,Dorian Quintrell,Water,Windmere,WI,2022-02-02
ACCT-000706,Hollis Joubert,Electric+Gas,Oak Junction,MO,2022-10-08
ACCT-000707,Celia Dunmore,Water,Copper Ridge,AZ,2024-08-21
ACCT-000708,Hollis Winterbourne,Water,Harborview,MI,2022-07-07
ACCT-000709,Odette Yarborough,Water,Copper Ridge,AZ,2024-03-31
ACCT-000710,Farid Eastwick,Gas,Copper Ridge,AZ,2025-02-01
ACCT-000711,Odette Okonkwo,Water,Fox Hollow,PA,2024-06-03
ACCT-000712,Esme Okonkwo,Electric,Larkspur,CO,2022-03-24
ACCT-000713,Nolan Pemberton,Gas,Gullport,FL,2022-04-02
ACCT-000714,Greta Abernathy,Gas,Harborview,MI,2022-07-18
ACCT-000715,Silas Zimmerle,Gas,Milldale,OH,2024-04-20
ACCT-000716,Zelda Xanthos,Water,Cedar Bluff,TN,2023-01-18
ACCT-000717,Kaia Crowhurst,Electric+Gas,Fox Hollow,PA,2025-03-02
ACCT-000718,Ada Underhill,Electric+Gas,Stonebridge,VA,2022-03-20
ACCT-000719,Odette Sablewood,Water,Harborview,MI,2022-04-29
ACCT-000720,Mira Ashgrove,Gas,Larkspur,CO,2024-08-13
ACCT-000721,Hollis Joubert,Electric,Elm Grove,IN,2023-02-19
ACCT-000722,Quentin Zimmerle,Electric+Gas,Stonebridge,VA,2023-03-22
ACCT-000723,Celia Ashgrove,Water,Cedar Bluff,TN,2022-08-21
ACCT-000724,Ada Boulware,Water,Windmere,WI,2024-04-25
ACCT-000725,Ulric Yarborough,Electric,Gullport,FL,2023-07-05
ACCT-000726,Rosa Blackwell,Electric,Stonebridge,VA,2024-03-25
ACCT-000727,Dorian Ives,Electric+Gas,Harborview,MI,2023-09-08
ACCT-000728,Cormac Xanthos,Gas,Oak Junction,MO,2024-10-04
ACCT-000729,Priya Winterbourne,Gas,Pinehurst Flats,NC,2023-08-31
ACCT-000730,Silas Thackeray,Electric+Gas,Oak Junction,MO,2023-02-13
ACCT-000731,Odette Dovetail,Electric,Elm Grove,IN,2023-03-24
ACCT-000732,Yusuf Lindqvist,Electric+Gas,Larkspur,CO,2024-01-07
ACCT-000733,Yusuf Rosewater,Gas,Windmere,WI,2024-01-16
ACCT-000734,Dorian Okonkwo,Electric,Stonebridge,VA,2024-11-20
ACCT-000735,Wendell Dunmore,Water,Elm Grove,IN,2022-02-27
ACCT-000736,Celia Crowhurst,Electric+Gas,Milldale,OH,2023-12-01
ACCT-000737,Yusuf Ashgrove,Gas,Oak Junction,MO,2022-04-25
ACCT-000738,Quentin Goldwyn,Electric,Copper Ridge,AZ,2023-09-18
ACCT-000739,Rosa Castellano,Electric,Copper Ridge,AZ,2023-09-18
ACCT-000740,Yusuf Pemberton,Electric,Fox Hollow,PA,2022-03-29
ACCT-000741,Xiomara Underhill,Water,Gullport,FL,2025-01-14
ACCT-000742,Rosa Crowhurst,Water,Cedar Bluff,TN,2024-06-23
ACCT-000743,Nolan Pemberton,Gas,Oak Junction,MO,2022-10-17
ACCT-000744,Zelda Boulware,Electric+Gas,Fox Hollow,PA,2022-03-02
ACCT-000745,Ada Goldwyn,Electric+Gas,Milldale,OH,2024-07-22
ACCT-000746,Imani Kessler,Water,Milldale,OH,2025-01-02
ACCT-000747,Celia Ives,Water,Windmere,WI,2022-01-10
ACCT-000748,Quentin Lindqvist,Electric+Gas,Gullport,FL,2024-07-19
ACCT-000749,Imani Pemberton,Water,Oak Junction,MO,2024-08-25
ACCT-000750,Delphine Sablewood,Electric+Gas,Pinehurst Flats,NC,2025-01-08
ACCT-000751,Silas Vasquez,Water,Elm Grove,IN,2022-08-25
ACCT-000752,Xiomara Sablewood,Water,Fox Hollow,PA,2024-02-13
ACCT-000753,Arlo Zimmerle,Water,Fox Hollow,PA,2024-06-26
ACCT-000754,Priya Lindqvist,Electric,Stonebridge,VA,2024-04-22
ACCT-000755,Ada Goldwyn,Water,Harborview,MI,2024-08-06
ACCT-000756,Cormac Dunmore,Water,Larkspur,CO,2022-11-07
ACCT-000757,Dorian Dunmore,Electric,Elm Grove,IN,2022-05-29
ACCT-000758,Priya Winterbourne,Electric,Fox Hollow,PA,2022-11-30
ACCT-000759,Nolan Goldwyn,Water,Windmere,WI,2023-03-30
ACCT-000760,Yusuf Boulware,Electric,Stonebridge,VA,2024-06-29
ACCT-000761,Tamsin Rosewater,Gas,Elm Grove,IN,2023-01-15
ACCT-000762,Delphine Hartsfield,Gas,Elm Grove,IN,2023-05-20
ACCT-000763,Cormac Dovetail,Electric,Milldale,OH,2024-11-26
ACCT-000764,Priya Northcott,Water,Stonebridge,VA,2024-03-19
ACCT-000765,Celia Hartsfield,Water,Harborview,MI,2023-11-07
ACCT-000766,Quentin Blackwell,Gas,Larkspur,CO,2024-10-20
ACCT-000767,Mira Rosewater,Electric+Gas,Milldale,OH,2025-01-22
ACCT-000768,Arlo Hartsfield,Water,Gullport,FL,2022-01-26
ACCT-000769,Bram Crowhurst,Electric,Gullport,FL,2024-01-20
ACCT-000770,Zelda Boulware,Electric+Gas,Cedar Bluff,TN,2025-02-06
ACCT-000771,Cormac Joubert,Electric+Gas,Harborview,MI,2022-04-03
ACCT-000772,Hollis Zimmerle,Electric,Windmere,WI,2025-01-15
ACCT-000773,Wendell Zimmerle,Water,Cedar Bluff,TN,2022-11-19
ACCT-000774,Esme Sablewood,Electric,Cedar Bluff,TN,2022-09-05
ACCT-000775,Farid Fairbanks,Electric+Gas,Oak Junction,MO,2023-03-02
ACCT-000776,Jasper Quintrell,Water,Stonebridge,VA,2024-01-12
ACCT-000777,Hollis Okonkwo,Electric,Pinehurst Flats,NC,2022-02-10
ACCT-000778,Imani Boulware,Gas,Larkspur,CO,2024-04-28
ACCT-000779,Ulric Xanthos,Electric+Gas,Oak Junction,MO,2024-11-14
ACCT-000780,Rosa Lindqvist,Water,Stonebridge,VA,2022-01-28
ACCT-000781,Odette Goldwyn,Gas,Gullport,FL,2022-12-30
ACCT-000782,Odette Abernathy,Electric,Elm Grove,IN,2024-07-25
ACCT-000783,Cormac Xanthos,Electric,Windmere,WI,2022-03-20
ACCT-000784,Odette Xanthos,Electric+Gas,Harborview,MI,2022-07-26
ACCT-000785,Xiomara Crowhurst,Electric,Cedar Bluff,TN,2024-11-14
ACCT-000786,Bram Fairbanks,Electric,Elm Grove,IN,2022-09-17
ACCT-000787,Yusuf Winterbourne,Water,Larkspur,CO,2022-03-06
ACCT-000788,Vera Thackeray,Electric+Gas,Pinehurst Flats,NC,2025-04-01
ACCT-000789,Cormac Rosewater,Electric+Gas,Oak Junction,MO,2024-09-15
ACCT-000790,Greta Quintrell,Water,Copper Ridge,AZ,2024-08-25
ACCT-000791,Odette Vasquez,Electric,Milldale,OH,2023-06-18
ACCT-000792,Dorian Pemberton,Electric,Oak Junction,MO,2023-08-21
ACCT-000793,Kaia Goldwyn,Gas,Milldale,OH,2024-05-05
ACCT-000794,Jasper Boulware,Water,Pinehurst Flats,NC,2023-03-19
ACCT-000795,Tamsin Ashgrove,Electric,Gullport,FL,2025-01-02
ACCT-000796,Ada Sablewood,Electric+Gas,Stonebridge,VA,2022-07-24
ACCT-000797,Mira Blackwell,Electric,Larkspur,CO,2025-01-21
ACCT-000798,Arlo Yarborough,Electric,Milldale,OH,2022-08-09
ACCT-000799,Mira Castellano,Water,Windmere,WI,2024-09-19
ACCT-000800,Tamsin Pemberton,Electric,Copper Ridge,AZ,2023-06-07
ACCT-000801,Greta Northcott,Electric,Harborview,MI,2022-09-29
ACCT-000802,Rosa Blackwell,Water,Larkspur,CO,2025-02-03
ACCT-000803,Odette Kessler,Electric+Gas,Milldale,OH,2025-03-31
ACCT-000804,Bram Sablewood,Gas,Harborview,MI,2022-08-31
ACCT-000805,Delphine Marchetti,Electric,Milldale,OH,2022-11-28
ACCT-000806,Lionel Underhill,Electric+Gas,Milldale,OH,2023-06-28
ACCT-000807,Xiomara Quintrell,Gas,Pinehurst Flats,NC,2023-11-23
ACCT-000808,Odette Abernathy,Electric,Pinehurst Flats,NC,2023-08-30
ACCT-000809,Xiomara Pemberton,Gas,Elm Grove,IN,2024-08-30
ACCT-000810,Nolan Winterbourne,Electric+Gas,Cedar Bluff,TN,2024-04-09
ACCT-000811,Ulric Goldwyn,Electric,Copper Ridge,AZ,2023-06-28
ACCT-000812,Tamsin Northcott,Gas,Cedar Bluff,TN,2022-09-05
ACCT-000813,Bram Okonkwo,Gas,Larkspur,CO,2023-12-23
ACCT-000814,Kaia Joubert,Gas,Larkspur,CO,2023-09-06
ACCT-000815,Lionel Boulware,Electric,Gullport,FL,2025-02-10
ACCT-000816,Ada Lindqvist,Water,Larkspur,CO,2022-11-25
ACCT-000817,Jasper Hartsfield,Electric,Windmere,WI,2022-12-20
ACCT-000818,Jasper Kessler,Electric,Milldale,OH,2023-01-25
ACCT-000819,Beatrix Hartsfield,Water,Copper Ridge,AZ,2022-02-08
ACCT-000820,Dorian Dovetail,Gas,Oak Junction,MO,2023-02-03
ACCT-000821,Quentin Underhill,Gas,Larkspur,CO,2023-02-24
ACCT-000822,Hollis Vasquez,Gas,Elm Grove,IN,2023-05-07
ACCT-000823,Delphine Abernathy,Water,Harborview,MI,2023-11-19
ACCT-000824,Tamsin Crowhurst,Water,Larkspur,CO,2023-02-16
ACCT-000825,Kaia Castellano,Water,Elm Grove,IN,2022-02-12
ACCT-000826,Quentin Dovetail,Electric,Pinehurst Flats,NC,2022-12-15
ACCT-000827,Cormac Vasquez,Electric+Gas,Oak Junction,MO,2023-10-27
ACCT-000828,Vera Ashgrove,Gas,Gullport,FL,2022-11-26
ACCT-000829,Odette Yarborough,Water,Copper Ridge,AZ,2024-07-13
ACCT-000830,Wendell Castellano,Water,Stonebridge,VA,2023-09-07
ACCT-000831,Rosa Winterbourne,Electric,Larkspur,CO,2024-04-23
ACCT-000832,Lionel Underhill,Water,Stonebridge,VA,2024-02-16
ACCT-000833,Lionel Winterbourne,Gas,Larkspur,CO,2023-06-05
ACCT-000834,Silas Abernathy,Water,Fox Hollow,PA,2023-11-03
ACCT-000835,Odette Rosewater,Water,Oak Junction,MO,2024-11-03
ACCT-000836,Rosa Underhill,Electric+Gas,Larkspur,CO,2023-03-20
ACCT-000837,Dorian Eastwick,Gas,Elm Grove,IN,2025-02-27
ACCT-000838,Priya Crowhurst,Electric+Gas,Stonebridge,VA,2023-03-17
ACCT-000839,Rosa Ashgrove,Water,Stonebridge,VA,2022-11-07
ACCT-000840,Zelda Yarborough,Electric,Copper Ridge,AZ,2024-01-26
ACCT-000841,Delphine Northcott,Water,Copper Ridge,AZ,2023-02-19
ACCT-000842,Bram Dunmore,Electric,Harborview,MI,2022-11-10
ACCT-000843,Mira Kessler,Electric,Windmere,WI,2022-03-03
ACCT-000844,Tamsin Marchetti,Electric+Gas,Larkspur,CO,2025-01-30
ACCT-000845,Beatrix Winterbourne,Water,Cedar Bluff,TN,2024-12-24
ACCT-000846,Zelda Lindqvist,Gas,Harborview,MI,2025-04-06
ACCT-000847,Zelda Xanthos,Gas,Oak Junction,MO,2024-03-24
ACCT-000848,Hollis Underhill,Electric+Gas,Pinehurst Flats,NC,2022-06-08
ACCT-000849,Ulric Dovetail,Gas,Pinehurst Flats,NC,2024-08-11
ACCT-000850,Vera Boulware,Electric+Gas,Windmere,WI,2024-05-18
ACCT-000851,Arlo Ashgrove,Water,Oak Junction,MO,2024-07-01
ACCT-000852,Bram Fairbanks,Electric,Windmere,WI,2022-04-13
ACCT-000853,Hollis Dunmore,Water,Larkspur,CO,2024-09-22
ACCT-000854,Esme Xanthos,Water,Harborview,MI,2024-08-08
ACCT-000855,Tamsin Hartsfield,Gas,Elm Grove,IN,2023-10-28
ACCT-000856,Yusuf Pemberton,Electric+Gas,Windmere,WI,2023-06-07
ACCT-000857,Ulric Okonkwo,Water,Milldale,OH,2022-03-20
ACCT-000858,Nolan Vasquez,Water,Larkspur,CO,2025-03-28
ACCT-000859,Lionel Yarborough,Gas,Milldale,OH,2022-01-17
ACCT-000860,Arlo Marchetti,Electric,Stonebridge,VA,2022-06-25
ACCT-000861,Rosa Dovetail,Gas,Harborview,MI,2024-02-03
ACCT-000862,Greta Fairbanks,Electric,Stonebridge,VA,2024-01-27
ACCT-000863,Ulric Okonkwo,Electric+Gas,Gullport,FL,2025-03-19
ACCT-000864,Yusuf Yarborough,Gas,Windmere,WI,2024-02-14
ACCT-000865,Lionel Quintrell,Water,Milldale,OH,2023-03-15
ACCT-000866,Mira Underhill,Water,Stonebridge,VA,2023-10-21
ACCT-000867,Zelda Lindqvist,Gas,Pinehurst Flats,NC,2022-08-04
ACCT-000868,Mira Castellano,Gas,Elm Grove,IN,2024-11-08
ACCT-000869,Ada Winterbourne,Electric+Gas,Copper Ridge,AZ,2023-01-10
ACCT-000870,Esme Ives,Electric+Gas,Harborview,MI,2023-10-09
ACCT-000871,Priya Pemberton,Gas,Elm Grove,IN,2025-03-23
ACCT-000872,Hollis Hartsfield,Electric,Copper Ridge,AZ,2023-05-25
ACCT-000873,Hollis Sablewood,Gas,Oak Junction,MO,2022-12-11
ACCT-000874,Celia Dovetail,Water,Larkspur,CO,2025-02-26
ACCT-000875,Lionel Zimmerle,Gas,Harborview,MI,2023-03-31
ACCT-000876,Cormac Castellano,Electric+Gas,Copper Ridge,AZ,2023-09-11
ACCT-000877,Ada Eastwick,Water,Elm Grove,IN,2023-03-25
ACCT-000878,Ulric Ashgrove,Gas,Harborview,MI,2022-02-02
ACCT-000879,Cormac Underhill,Electric+Gas,Pinehurst Flats,NC,2024-12-28
ACCT-000880,Rosa Ives,Electric+Gas,Stonebridge,VA,2023-06-28
ACCT-000881,Mira Xanthos,Electric,Fox Hollow,PA,2022-10-25
ACCT-000882,Nolan Kessler,Electric,Larkspur,CO,2024-05-15
ACCT-000883,Arlo Xanthos,Water,Harborview,MI,2022-11-27
ACCT-000884,Lionel Castellano,Gas,Pinehurst Flats,NC,2025-01-01
ACCT-000885,Yusuf Northcott,Electric+Gas,Oak Junction,MO,2023-06-27
ACCT-000886,Ada Blackwell,Electric,Fox Hollow,PA,2022-08-11
ACCT-000887,Arlo Boulware,Electric+Gas,Stonebridge,VA,2024-10-18
ACCT-000888,Yusuf Dunmore,Water,Milldale,OH,2023-07-16
ACCT-000889,Priya Marchetti,Electric+Gas,Windmere,WI,2022-01-02
ACCT-000890,Esme Thackeray,Electric+Gas,Elm Grove,IN,2023-03-15
ACCT-000891,Yusuf Vasquez,Electric,Harborview,MI,2025-01-25
ACCT-000892,Bram Abernathy,Water,Pinehurst Flats,NC,2024-01-11
ACCT-000893,Wendell Boulware,Gas,Elm Grove,IN,2022-08-11
ACCT-000894,Ulric Northcott,Water,Cedar Bluff,TN,2025-01-22
ACCT-000895,Celia Blackwell,Water,Windmere,WI,2024-03-08
ACCT-000896,Delphine Yarborough,Electric+Gas,Stonebridge,VA,2022-05-15
ACCT-000897,Delphine Zimmerle,Electric,Oak Junction,MO,2022-01-23
ACCT-000898,Wendell Castellano,Electric+Gas,Elm Grove,IN,2023-12-03
ACCT-000899,Odette Sablewood,Electric,Elm Grove,IN,2023-04-03
ACCT-000900,Xiomara Crowhurst,Electric,Fox Hollow,PA,2024-11-11
ACCT-000901,Kaia Dunmore,Electric+Gas,Milldale,OH,2025-02-20
ACCT-000902,Jasper Fairbanks,Gas,Stonebridge,VA,2025-04-14
ACCT-000903,Yusuf Vasquez,Water,Milldale,OH,2023-11-04
ACCT-000904,Greta Abernathy,Water,Windmere,WI,2025-01-27
ACCT-000905,Silas Sablewood,Electric+Gas,Fox Hollow,PA,2022-09-07
ACCT-000906,Rosa Joubert,Electric,Larkspur,CO,2022-10-11
ACCT-000907,Dorian Northcott,Water,Oak Junction,MO,2023-02-28
ACCT-000908,Jasper Hartsfield,Gas,Stonebridge,VA,2024-10-26
ACCT-000909,Greta Dunmore,Water,Pinehurst Flats,NC,2023-03-05
ACCT-000910,Ulric Winterbourne,Water,Harborview,MI,2023-04-29
ACCT-000911,Greta Goldwyn,Water,Windmere,WI,2024-10-18
ACCT-000912,Bram Dunmore,Gas,Pinehurst Flats,NC,2025-03-30
ACCT-000913,Delphine Abernathy,Electric+Gas,Cedar Bluff,TN,2024-01-20
ACCT-000914,Hollis Zimmerle,Electric+Gas,Stonebridge,VA,2024-02-18
ACCT-000915,Esme Okonkwo,Water,Milldale,OH,2025-01-05
ACCT-000916,Celia Crowhurst,Electric,Oak Junction,MO,2023-04-02
ACCT-000917,Vera Sablewood,Gas,Pinehurst Flats,NC,2024-04-10
ACCT-000918,Beatrix Eastwick,Electric+Gas,Windmere,WI,2023-03-27
ACCT-000919,Wendell Lindqvist,Water,Cedar Bluff,TN,2022-12-05
ACCT-000920,Ada Castellano,Water,Windmere,WI,2023-05-25
ACCT-000921,Dorian Crowhurst,Gas,Copper Ridge,AZ,2025-04-01
ACCT-000922,Greta Fairbanks,Water,Harborview,MI,2024-09-21
ACCT-000923,Ulric Okonkwo,Water,Cedar Bluff,TN,2023-10-05
ACCT-000924,Quentin Castellano,Gas,Stonebridge,VA,2024-01-02
ACCT-000925,Delphine Underhill,Water,Stonebridge,VA,2022-10-26
ACCT-000926,Ada Goldwyn,Gas,Elm Grove,IN,2025-03-06
ACCT-000927,Celia Castellano,Electric,Pinehurst Flats,NC,2022-10-24
ACCT-000928,Greta Rosewater,Electric+Gas,Copper Ridge,AZ,2023-02-19
ACCT-000929,Zelda Ashgrove,Electric+Gas,Stonebridge,VA,2022-11-06
ACCT-000930,Zelda Northcott,Electric+Gas,Pinehurst Flats,NC,2022-04-13
ACCT-000931,Jasper Okonkwo,Water,Harborview,MI,2024-06-01
ACCT-000932,Bram Eastwick,Gas,Elm Grove,IN,2022-03-19
ACCT-000933,Xiomara Blackwell,Gas,Elm Grove,IN,2024-04-17
ACCT-000934,Ada Eastwick,Gas,Stonebridge,VA,2023-11-25
ACCT-000935,Kaia Eastwick,Water,Gullport,FL,2023-06-06
ACCT-000936,Celia Underhill,Electric,Pinehurst Flats,NC,2024-07-22
ACCT-000937,Greta Joubert,Electric,Harborview,MI,2024-02-04
ACCT-000938,Delphine Ives,Water,Elm Grove,IN,2024-09-09
ACCT-000939,Vera Rosewater,Electric,Milldale,OH,2024-12-22
ACCT-000940,Quentin Okonkwo,Gas,Cedar Bluff,TN,2024-12-02
ACCT-000941,Delphine Sablewood,Electric,Fox Hollow,PA,2022-07-24
ACCT-000942,Bram Xanthos,Gas,Oak Junction,MO,2023-12-04
ACCT-000943,Quentin Zimmerle,Electric+Gas,Windmere,WI,2024-01-10
ACCT-000944,Kaia Hartsfield,Electric+Gas,Copper Ridge,AZ,2024-10-13
ACCT-000945,Kaia Joubert,Electric+Gas,Cedar Bluff,TN,2022-06-10
ACCT-000946,Priya Abernathy,Electric,Oak Junction,MO,2022-09-23
ACCT-000947,Zelda Underhill,Water,Windmere,WI,2023-07-19
ACCT-000948,Silas Lindqvist,Water,Pinehurst Flats,NC,2022-01-25
ACCT-000949,Mira Xanthos,Gas,Pinehurst Flats,NC,2023-11-22
ACCT-000950,Lionel Castellano,Electric,Copper Ridge,AZ,2022-01-14
ACCT-000951,Kaia Goldwyn,Water,Stonebridge,VA,2023-08-05
ACCT-000952,Jasper Marchetti,Gas,Larkspur,CO,2022-04-23
ACCT-000953,Kaia Fairbanks,Electric+Gas,Gullport,FL,2023-02-19
ACCT-000954,Xiomara Ives,Electric+Gas,Oak Junction,MO,2024-06-13
ACCT-000955,Nolan Marchetti,Electric+Gas,Harborview,MI,2025-03-17
ACCT-000956,Yusuf Yarborough,Electric+Gas,Pinehurst Flats,NC,2024-02-17
ACCT-000957,Esme Eastwick,Gas,Elm Grove,IN,2023-06-10
ACCT-000958,Silas Castellano,Electric+Gas,Gullport,FL,2022-08-23
ACCT-000959,Bram Marchetti,Electric,Fox Hollow,PA,2022-08-15
ACCT-000960,Farid Lindqvist,Electric+Gas,Copper Ridge,AZ,2024-08-15
ACCT-000961,Celia Quintrell,Gas,Oak Junction,MO,2024-06-16
ACCT-000962,Celia Yarborough,Water,Pinehurst Flats,NC,2022-02-17
ACCT-000963,Mira Castellano,Electric+Gas,Cedar Bluff,TN,2023-12-02
ACCT-000964,Jasper Kessler,Electric+Gas,Fox Hollow,PA,2024-09-10
ACCT-000965,Hollis Lindqvist,Electric,Windmere,WI,2023-05-21
ACCT-000966,Tamsin Fairbanks,Electric+Gas,Larkspur,CO,2023-08-19
ACCT-000967,Bram Ives,Water,Fox Hollow,PA,2023-07-04
ACCT-000968,Farid Joubert,Gas,Windmere,WI,2024-09-10
ACCT-000969,Beatrix Vasquez,Water,Elm Grove,IN,2024-02-17
ACCT-000970,Esme Crowhurst,Water,Elm Grove,IN,2022-04-02
ACCT-000971,Greta Okonkwo,Electric+Gas,Elm Grove,IN,2023-11-04
ACCT-000972,Zelda Yarborough,Gas,Milldale,OH,2023-05-13
ACCT-000973,Xiomara Boulware,Electric+Gas,Windmere,WI,2022-08-02
ACCT-000974,Rosa Underhill,Gas,Elm Grove,IN,2024-11-24
ACCT-000975,Wendell Dovetail,Electric+Gas,Stonebridge,VA,2023-04-19
ACCT-000976,Delphine Fairbanks,Electric,Elm Grove,IN,2024-02-06
ACCT-000977,Priya Dunmore,Gas,Elm Grove,IN,2024-08-06
ACCT-000978,Tamsin Ashgrove,Electric,Copper Ridge,AZ,2024-09-02
ACCT-000979,Rosa Marchetti,Water,Milldale,OH,2025-04-10
ACCT-000980,Wendell Winterbourne,Electric+Gas,Fox Hollow,PA,2023-05-16
ACCT-000981,Greta Goldwyn,Water,Larkspur,CO,2022-01-08
ACCT-000982,Kaia Sablewood,Electric+Gas,Gullport,FL,2022-01-20
ACCT-000983,Nolan Yarborough,Gas,Stonebridge,VA,2023-03-27
ACCT-000984,Delphine Marchetti,Gas,Copper Ridge,AZ,2023-11-29
ACCT-000985,Arlo Underhill,Electric,Milldale,OH,2022-03-25
ACCT-000986,Rosa Marchetti,Electric,Pinehurst Flats,NC,2022-11-21
ACCT-000987,Lionel Pemberton,Electric,Fox Hollow,PA,2023-12-13
ACCT-000988,Priya Goldwyn,Electric+Gas,Pinehurst Flats,NC,2022-12-31
ACCT-000989,Imani Vasquez,Electric+Gas,Elm Grove,IN,2023-05-08
ACCT-000990,Zelda Crowhurst,Water,Stonebridge,VA,2024-01-22
ACCT-000991,Imani Lindqvist,Water,Cedar Bluff,TN,2024-10-04
ACCT-000992,Vera Zimmerle,Gas,Milldale,OH,2022-04-17
ACCT-000993,Odette Quintrell,Water,Pinehurst Flats,NC,2023-03-23
ACCT-000994,Mira Blackwell,Electric,Copper Ridge,AZ,2024-05-21
ACCT-000995,Dorian Winterbourne,Electric+Gas,Gullport,FL,2022-12-18
ACCT-000996,Vera Vasquez,Gas,Elm Grove,IN,2024-06-02
ACCT-000997,Wendell Fairbanks,Electric+Gas,Elm Grove,IN,2024-01-21
ACCT-000998,Arlo Marchetti,Electric+Gas,Copper Ridge,AZ,2022-01-06
ACCT-000999,Quentin Sablewood,Water,Harborview,MI,2023-01-12
ACCT-001000,Kaia Crowhurst,Water,Larkspur,CO,2025-02-06
ACCT-001001,Beatrix Abernathy,Gas,Elm Grove,IN,2023-06-19
ACCT-001002,Kaia Kessler,Electric,Milldale,OH,2024-04-30
ACCT-001003,Hollis Thackeray,Electric+Gas,Copper Ridge,AZ,2024-06-11
ACCT-001004,Arlo Dovetail,Electric,Pinehurst Flats,NC,2022-01-13
ACCT-001005,Greta Winterbourne,Electric+Gas,Copper Ridge,AZ,2025-04-06
ACCT-001006,Esme Quintrell,Electric+Gas,Stonebridge,VA,2025-02-07
ACCT-001007,Wendell Pemberton,Electric,Gullport,FL,2023-06-16
ACCT-001008,Yusuf Pemberton,Gas,Milldale,OH,2023-03-28
ACCT-001009,Zelda Boulware,Gas,Gullport,FL,2024-08-15
ACCT-001010,Celia Winterbourne,Gas,Gullport,FL,2022-12-17
ACCT-001011,Zelda Hartsfield,Electric+Gas,Stonebridge,VA,2023-07-31
ACCT-001012,Priya Goldwyn,Gas,Stonebridge,VA,2024-02-03
ACCT-001013,Wendell Lindqvist,Electric,Windmere,WI,2024-08-20
ACCT-001014,Ulric Joubert,Gas,Elm Grove,IN,2023-11-13
ACCT-001015,Hollis Boulware,Electric,Gullport,FL,2024-01-01
ACCT-001016,Nolan Quintrell,Gas,Copper Ridge,AZ,2023-08-09
ACCT-001017,Beatrix Xanthos,Gas,Elm Grove,IN,2024-10-23
ACCT-001018,Vera Vasquez,Gas,Larkspur,CO,2022-12-11
ACCT-001019,Greta Quintrell,Electric+Gas,Pinehurst Flats,NC,2024-05-20
ACCT-001020,Kaia Zimmerle,Gas,Elm Grove,IN,2022-02-17
ACCT-001021,Ulric Lindqvist,Electric+Gas,Cedar Bluff,TN,2023-05-22
ACCT-001022,Lionel Vasquez,Electric,Copper Ridge,AZ,2023-05-31
ACCT-001023,Rosa Northcott,Water,Elm Grove,IN,2024-10-30
ACCT-001024,Priya Dovetail,Water,Milldale,OH,2022-03-08
ACCT-001025,Arlo Marchetti,Gas,Cedar Bluff,TN,2024-05-30
ACCT-001026,Hollis Dunmore,Gas,Stonebridge,VA,2023-01-22
ACCT-001027,Jasper Xanthos,Electric,Copper Ridge,AZ,2024-09-20
ACCT-001028,Odette Okonkwo,Water,Larkspur,CO,2023-05-30
ACCT-001029,Hollis Rosewater,Water,Oak Junction,MO,2022-11-19
ACCT-001030,Ulric Joubert,Electric,Copper Ridge,AZ,2023-02-04
ACCT-001031,Wendell Hartsfield,Electric,Oak Junction,MO,2024-11-02
ACCT-001032,Mira Rosewater,Gas,Gullport,FL,2022-02-24
ACCT-001033,Xiomara Rosewater,Water,Cedar Bluff,TN,2024-05-03
ACCT-001034,Nolan Xanthos,Electric,Milldale,OH,2025-03-16
ACCT-001035,Priya Boulware,Gas,Windmere,WI,2022-05-22
ACCT-001036,Ada Quintrell,Water,Copper Ridge,AZ,2023-08-27
ACCT-001037,Silas Zimmerle,Electric,Windmere,WI,2023-09-30
ACCT-001038,Odette Yarborough,Gas,Oak Junction,MO,2022-07-30
ACCT-001039,Imani Dunmore,Gas,Pinehurst Flats,NC,2023-10-27
ACCT-001040,Xiomara Marchetti,Water,Stonebridge,VA,2023-01-28
ACCT-001041,Tamsin Hartsfield,Gas,Stonebridge,VA,2024-12-27
ACCT-001042,Vera Rosewater,Gas,Copper Ridge,AZ,2025-02-19
ACCT-001043,Jasper Zimmerle,Gas,Oak Junction,MO,2025-03-09
ACCT-001044,Arlo Okonkwo,Water,Copper Ridge,AZ,2025-02-11
ACCT-001045,Priya Ives,Water,Milldale,OH,2022-02-12
ACCT-001046,Farid Dunmore,Water,Fox Hollow,PA,2024-07-11
ACCT-001047,Hollis Blackwell,Water,Harborview,MI,2023-10-19
ACCT-001048,Celia Dunmore,Electric,Elm Grove,IN,2022-09-12
ACCT-001049,Xiomara Thackeray,Gas,Fox Hollow,PA,2025-01-20
ACCT-001050,Cormac Castellano,Water,Copper Ridge,AZ,2023-06-09
ACCT-001051,Celia Lindqvist,Water,Copper Ridge,AZ,2023-04-20
ACCT-001052,Tamsin Quintrell,Electric+Gas,Windmere,WI,2022-11-14
ACCT-001053,Kaia Zimmerle,Gas,Oak Junction,MO,2023-09-09
ACCT-001054,Delphine Abernathy,Water,Larkspur,CO,2022-06-17
ACCT-001055,Priya Marchetti,Electric+Gas,Pinehurst Flats,NC,2022-07-28
ACCT-001056,Ulric Lindqvist,Water,Harborview,MI,2024-05-23
ACCT-001057,Celia Pemberton,Gas,Fox Hollow,PA,2023-03-27
ACCT-001058,Vera Marchetti,Gas,Harborview,MI,2024-04-03
ACCT-001059,Tamsin Thackeray,Electric,Gullport,FL,2025-03-23
ACCT-001060,Arlo Castellano,Electric,Elm Grove,IN,2022-03-23
ACCT-001061,Beatrix Quintrell,Gas,Stonebridge,VA,2024-10-14
ACCT-001062,Vera Pemberton,Water,Oak Junction,MO,2024-09-11
ACCT-001063,Kaia Fairbanks,Water,Oak Junction,MO,2024-11-17
ACCT-001064,Celia Lindqvist,Electric+Gas,Harborview,MI,2023-12-28
ACCT-001065,Zelda Lindqvist,Electric,Larkspur,CO,2024-12-07
ACCT-001066,Odette Castellano,Water,Elm Grove,IN,2022-10-08
ACCT-001067,Priya Marchetti,Electric,Stonebridge,VA,2024-09-06
ACCT-001068,Jasper Sablewood,Electric+Gas,Fox Hollow,PA,2022-10-30
ACCT-001069,Imani Castellano,Water,Cedar Bluff,TN,2023-08-05
ACCT-001070,Yusuf Castellano,Gas,Harborview,MI,2024-07-03
ACCT-001071,Silas Thackeray,Electric,Windmere,WI,2024-01-11
ACCT-001072,Beatrix Rosewater,Gas,Larkspur,CO,2025-04-10
ACCT-001073,Bram Crowhurst,Electric,Milldale,OH,2022-09-11
ACCT-001074,Celia Abernathy,Electric,Windmere,WI,2023-09-27
ACCT-001075,Imani Yarborough,Electric,Fox Hollow,PA,2023-06-22
ACCT-001076,Ada Yarborough,Electric+Gas,Fox Hollow,PA,2023-04-25
ACCT-001077,Bram Lindqvist,Gas,Harborview,MI,2022-02-20
ACCT-001078,Mira Dunmore,Electric,Pinehurst Flats,NC,2024-11-27
ACCT-001079,Silas Sablewood,Water,Pinehurst Flats,NC,2022-09-20
ACCT-001080,Nolan Boulware,Water,Milldale,OH,2022-09-24
ACCT-001081,Esme Zimmerle,Electric+Gas,Stonebridge,VA,2024-05-25
ACCT-001082,Vera Blackwell,Gas,Harborview,MI,2024-06-30
ACCT-001083,Xiomara Fairbanks,Electric,Larkspur,CO,2023-04-21
ACCT-001084,Mira Vasquez,Water,Pinehurst Flats,NC,2024-04-01
ACCT-001085,Silas Rosewater,Water,Fox Hollow,PA,2024-11-09
ACCT-001086,Celia Okonkwo,Gas,Elm Grove,IN,2023-01-15
ACCT-001087,Xiomara Blackwell,Gas,Copper Ridge,AZ,2022-09-09
ACCT-001088,Dorian Pemberton,Electric,Stonebridge,VA,2024-06-07
ACCT-001089,Beatrix Ashgrove,Gas,Elm Grove,IN,2024-07-20
ACCT-001090,Xiomara Thackeray,Water,Elm Grove,IN,2023-03-16
ACCT-001091,Odette Castellano,Electric+Gas,Stonebridge,VA,2025-02-15
ACCT-001092,Silas Abernathy,Electric+Gas,Stonebridge,VA,2023-11-20
ACCT-001093,Priya Dunmore,Electric+Gas,Milldale,OH,2023-07-24
ACCT-001094,Delphine Okonkwo,Water,Windmere,WI,2023-08-27
ACCT-001095,Yusuf Crowhurst,Electric+Gas,Oak Junction,MO,2025-02-01
ACCT-001096,Farid Marchetti,Electric,Copper Ridge,AZ,2022-07-26
ACCT-001097,Esme Dunmore,Water,Fox Hollow,PA,2024-05-16
ACCT-001098,Lionel Crowhurst,Electric,Larkspur,CO,2023-10-22
ACCT-001099,Hollis Boulware,Electric+Gas,Stonebridge,VA,2024-03-11
ACCT-001100,Dorian Quintrell,Gas,Stonebridge,VA,2022-03-04
ACCT-001101,Tamsin Yarborough,Gas,Milldale,OH,2022-03-25
