adjustments_id,account_id,batch_id,adjustments_amount,generated_at
ADS-000001,ACCT-000001,B0001,18.27,2026-07-12T19:44:37+00:00
ADS-000002,ACCT-000002,B0001,0.0,2026-07-12T19:44:37+00:00
ADS-000003,ACCT-000003,B0001,69.46,2026-07-12T19:44:37+00:00
ADS-000004,ACCT-000004,B0001,-20.23,2026-07-12T19:44:37+00:00
ADS-000005,ACCT-000005,B0001,0.0,2026-07-12T19:44:37+00:00
ADS-000006,ACCT-000006,B0001,0.0,2026-07-12T19:44:37+00:00
ADS-000007,ACCT-000007,B0001,-23.1,2026-07-12T19:44:37+00:00
ADS-000008,ACCT-000008,B0001,-9.78,2026-07-12T19:44:37+00:00
ADS-000009,ACCT-000009,B0001,-84.32,2026-07-12T19:44:37+00:00
ADS-000010,ACCT-000010,B0001,40.68,2026-07-12T19:44:37+00:00
ADS-000011,ACCT-000011,B0001,0.0,2026-07-12T19:44:37+00:00
ADS-000012,ACCT-000012,B0001,0.0,2026-07-12T19:44:37+00:00
ADS-000013,ACCT-000013,B0001,0.0,2026-07-12T19:44:37+00:00
ADS-000014,ACCT-000014,B0001,-36.05,2026-07-12T19:44:37+00:00
ADS-000015,ACCT-000015,B0001,-39.7,2026-07-12T19:44:37+00:00
ADS-000016,ACCT-000016,B0001,-31.2,2026-07-12T19:44:37+00:00
ADS-000017,ACCT-000017,B0001,21.72,2026-07-12T19:44:37+00:00
ADS-000018,ACCT-000018,B0001,0.0,2026-07-12T19:44:37+00:00
ADS-000019,ACCT-000019,B0001,4.6,2026-07-12T19:44:37+00:00
ADS-000020,ACCT-000020,B0001,2.96,2026-07-12T19:44:37+00:00
ADS-000021,ACCT-000021,B0001,0.0,2026-07-12T19:44:37+00:00
ADS-000022,ACCT-000022,B0001,8.59,2026-07-12T19:44:37+00:00
ADS-000023,ACCT-000023,B0001,0.0,2026-07-12T19:44:37+00:00
ADS-000024,ACCT-000024,B0001,-11.74,2026-07-12T19:44:37+00:00
ADS-000025,ACCT-000025,B0001,42.03,2026-07-12T19:44:37+00:00
ADS-000026,ACCT-000026,B0001,-21.17,2026-07-12T19:44:37+00:00
ADS-000027,ACCT-000027,B0001,11.41,2026-07-12T19:44:37+00:00
ADS-000028,ACCT-000028,B0001,39.55,2026-07-12T19:44:37+00:00
ADS-000029,ACCT-000029,B0001,14.84,2026-07-12T19:44:37+00:00
ADS-000030,ACCT-000030,B0001,8.12,2026-07-12T19:44:37+00:00
ADS-000031,ACCT-000031,B0001,0.0,2026-07-12T19:44:37+00:00
ADS-000032,ACCT-000032,B0001,10.38,2026-07-12T19:44:37+00:00
ADS-000033,ACCT-000033,B0001,0.0,2026-07-12T19:44:37+00:00
ADS-000034,ACCT-000034,B0001,46.22,2026-07-12T19:44:37+00:00
ADS-000035,ACCT-000035,B0001,0.0,2026-07-12T19:44:37+00:00
ADS-000036,ACCT-000036,B0001,0.0,2026-07-12T19:44:37+00:00
ADS-000037,ACCT-000037,B0001,-3.49,2026-07-12T19:44:37+00:00
ADS-000038,ACCT-000038,B0001,0.0,2026-07-12T19:44:37+00:00
ADS-000039,ACCT-000039,B0001,0.0,2026-07-12T19:44:37+00:00
ADS-000040,ACCT-000040,B0001,-12.57,2026-07-12T19:44:37+00:00
ADS-000041,ACCT-000041,B0001,-29.13,2026-07-12T19:44:37+00:00
ADS-000042,ACCT-000042,B0001,0.0,2026-07-12T19:44:37+00:00
ADS-000043,ACCT-000043,B0001,0.0,2026-07-12T19:44:37+00:00
ADS-000044,ACCT-000044,B0001,0.0,2026-07-12T19:44:37+00:00
ADS-000045,ACCT-000045,B0001,6.55,2026-07-12T19:44:37+00:00
ADS-000046,ACCT-000046,B0001,0.0,2026-07-12T19:44:37+00:00
ADS-000047,ACCT-000047,B0001,0.0,2026-07-12T19:44:37+00:00
ADS-000048,ACCT-000048,B0001,43.94,2026-07-12T19:44:37+00:00
ADS-000049,ACCT-000049,B0001,5.62,2026-07-12T19:44:37+00:00
ADS-000050,ACCT-000050,B0001,0.0,2026-07-12T19:44:37+00:00
ADS-000051,ACCT-000051,B0001,46.89,2026-07-12T19:44:37+00:00
ADS-000052,ACCT-000052,B0001,25.81,2026-07-12T19:44:37+00:00
ADS-000053,ACCT-000053,B0001,11.08,2026-07-12T19:44:37+00:00
ADS-000054,ACCT-000054,B0001,41.57,2026-07-12T19:44:37+00:00
ADS-000055,ACCT-000055,B0001,0.0,2026-07-12T19:44:37+00:00
ADS-000056,ACCT-000056,B0001,31.38,2026-07-12T19:44:37+00:00
ADS-000057,ACCT-000057,B0001,40.85,2026-07-12T19:44:37+00:00
ADS-000058,ACCT-000058,B0001,-41.28,2026-07-12T19:44:37+00:00
ADS-000059,ACCT-000059,B0001,0.0,2026-07-12T19:44:37+00:00
ADS-000060,ACCT-000060,B0001,-8.07,2026-07-12T19:44:37+00:00
ADS-000061,ACCT-000061,B0001,-49.75,2026-07-12T19:44:37+00:00
ADS-000062,ACCT-000062,B0001,79.93,2026-07-12T19:44:37+00:00
ADS-000063,ACCT-000063,B0001,31.58,2026-07-12T19:44:37+00:00
ADS-000064,ACCT-000064,B0001,0.8,2026-07-12T19:44:37+00:00
ADS-000065,ACCT-000065,B0001,31.51,2026-07-12T19:44:37+00:00
ADS-000066,ACCT-000066,B0001,23.05,2026-07-12T19:44:37+00:00
ADS-000067,ACCT-000067,B0001,-40.61,2026-07-12T19:44:37+00:00
ADS-000068,ACCT-000068,B0001,-13.73,2026-07-12T19:44:37+00:00
ADS-000069,ACCT-000069,B0001,23.11,2026-07-12T19:44:37+00:00
ADS-000070,ACCT-000070,B0001,-35.5,2026-07-12T19:44:37+00:00
ADS-000071,ACCT-000071,B0001,15.23,2026-07-12T19:44:37+00:00
ADS-000072,ACCT-000072,B0001,-48.4,2026-07-12T19:44:37+00:00
ADS-000073,ACCT-000073,B0001,-85.82,2026-07-12T19:44:37+00:00
ADS-000074,ACCT-000074,B0001,0.0,2026-07-12T19:44:37+00:00
ADS-000075,ACCT-000075,B0001,-10.4,2026-07-12T19:44:37+00:00
ADS-000076,ACCT-000076,B0001,31.48,2026-07-12T19:44:37+00:00
ADS-000077,ACCT-000077,B0001,0.0,2026-07-12T19:44:37+00:00
ADS-000078,ACCT-000078,B0001,5.55,2026-07-12T19:44:37+00:00
ADS-000079,ACCT-000079,B0001,35.08,2026-07-12T19:44:37+00:00
ADS-000080,ACCT-000080,B0001,72.38,2026-07-12T19:44:37+00:00
ADS-000081,ACCT-000081,B0001,-55.83,2026-07-12T19:44:37+00:00
ADS-000082,ACCT-000082,B0001,-16.04,2026-07-12T19:44:37+00:00
ADS-000083,ACCT-000083,B0001,0.0,2026-07-12T19:44:37+00:00
ADS-000084,ACCT-000084,B0001,-21.77,2026-07-12T19:44:37+00:00
ADS-000085,ACCT-000085,B0001,0.0,2026-07-12T19:44:37+00:00
ADS-000086,ACCT-000086,B0001,10.99,2026-07-12T19:44:37+00:00
ADS-000087,ACCT-000087,B0001,20.15,2026-07-12T19:44:37+00:00
ADS-000088,ACCT-000088,B0001,-54.48,2026-07-12T19:44:37+00:00
ADS-000089,ACCT-000089,B0001,-14.02,2026-07-12T19:44:37+00:00
ADS-000090,ACCT-000090,B0001,79.15,2026-07-12T19:44:37+00:00
ADS-000091,ACCT-000091,B0001,6.44,2026-07-12T19:44:37+00:00
ADS-000092,ACCT-000092,B0001,11.54,2026-07-12T19:44:37+00:00
ADS-000093,ACCT-000093,B0001,0.0,2026-07-12T19:44:37+00:00
ADS-000094,ACCT-000094,B0001,-54.37,2026-07-12T19:44:37+00:00
ADS-000095,ACCT-000095,B0001,-0.77,2026-07-12T19:44:37+00:00
ADS-000096,ACCT-000096,B0001,0.0,2026-07-12T19:44:37+00:00
ADS-000097,ACCT-000097,B0001,26.61,2026-07-12T19:44:37+00:00
ADS-000098,ACCT-000098,B0001,0.0,2026-07-12T19:44:37+00:00
ADS-000099,ACCT-000099,B0001,-10.79,2026-07-12T19:44:37+00:00
ADS-000100,ACCT-000100,B0001,14.55,2026-07-12T19:44:37+00:00
ADS-000101,ACCT-000101,B0001,-19.85,2026-07-12T19:44:37+00:00
ADS-000102,ACCT-000102,B0001,-10.1,2026-07-12T19:44:37+00:00
ADS-000103,ACCT-000103,B0001,0.0,2026-07-12T19:44:37+00:00
ADS-000104,ACCT-000104,B0001,0.0,2026-07-12T19:44:37+00:00
ADS-000105,ACCT-000105,B0001,-46.74,2026-07-12T19:44:37+00:00
ADS-000106,ACCT-000106,B0001,0.0,2026-07-12T19:44:37+00:00
ADS-000107,ACCT-000107,B0001,-45.15,2026-07-12T19:44:37+00:00
ADS-000108,ACCT-000108,B0001,9.09,2026-07-12T19:44:37+00:00
ADS-000109,ACCT-000109,B0001,-33.08,2026-07-12T19:44:37+00:00
ADS-000110,ACCT-000110,B0001,30.79,2026-07-12T19:44:37+00:00
ADS-000111,ACCT-000111,B0001,-48.9,2026-07-12T19:44:37+00:00
ADS-000112,ACCT-000112,B0001,33.83,2026-07-12T19:44:37+00:00
ADS-000113,ACCT-000113,B0001,-24.75,2026-07-12T19:44:37+00:00
ADS-000114,ACCT-000114,B0001,-17.18,2026-07-12T19:44:37+00:00
ADS-000115,ACCT-000115,B0001,0.0,2026-07-12T19:44:37+00:00
ADS-000116,ACCT-000116,B0001,-39.0,2026-07-12T19:44:37+00:00
ADS-000117,ACCT-000117,B0001,-4.97,2026-07-12T19:44:37+00:00
ADS-000118,ACCT-000118,B0001,0.0,2026-07-12T19:44:37+00:00
ADS-000119,ACCT-000119,B0001,48.0,2026-07-12T19:44:37+00:00
ADS-000120,ACCT-000120,B0001,8.6,2026-07-12T19:44:37+00:00
ADS-000121,ACCT-000070,B0002,0.89,2026-07-12T20:07:48+00:00
ADS-000122,ACCT-000111,B0002,28.58,2026-07-12T20:07:48+00:00
ADS-000123,ACCT-000083,B0002,0.0,2026-07-12T20:07:48+00:00
ADS-000124,ACCT-000079,B0002,26.63,2026-07-12T20:07:48+00:00
ADS-000125,ACCT-000072,B0002,24.58,2026-07-12T20:07:48+00:00
ADS-000126,ACCT-000027,B0002,16.39,2026-07-12T20:07:48+00:00
ADS-000127,ACCT-000023,B0002,49.51,2026-07-12T20:07:48+00:00
ADS-000128,ACCT-000016,B0002,0.0,2026-07-12T20:07:48+00:00
ADS-000129,ACCT-000041,B0002,0.0,2026-07-12T20:07:48+00:00
ADS-000130,ACCT-000042,B0002,-16.3,2026-07-12T20:07:48+00:00
ADS-000131,ACCT-000058,B0002,1.19,2026-07-12T20:07:48+00:00
ADS-000132,ACCT-000025,B0002,0.0,2026-07-12T20:07:48+00:00
ADS-000133,ACCT-000052,B0002,0.0,2026-07-12T20:07:48+00:00
ADS-000134,ACCT-000076,B0002,0.0,2026-07-12T20:07:48+00:00
ADS-000135,ACCT-000013,B0002,19.83,2026-07-12T20:07:48+00:00
ADS-000136,ACCT-000113,B0002,30.13,2026-07-12T20:07:48+00:00
ADS-000137,ACCT-000005,B0002,-26.09,2026-07-12T20:07:48+00:00
ADS-000138,ACCT-000037,B0002,47.01,2026-07-12T20:07:48+00:00
ADS-000139,ACCT-000001,B0002,19.37,2026-07-12T20:07:48+00:00
ADS-000140,ACCT-000107,B0002,-40.36,2026-07-12T20:07:48+00:00
ADS-000141,ACCT-000038,B0002,41.11,2026-07-12T20:07:48+00:00
ADS-000142,ACCT-000028,B0002,14.3,2026-07-12T20:07:48+00:00
ADS-000143,ACCT-000116,B0002,0.0,2026-07-12T20:07:48+00:00
ADS-000144,ACCT-000074,B0002,9.78,2026-07-12T20:07:48+00:00
ADS-000145,ACCT-000012,B0002,34.42,2026-07-12T20:07:48+00:00
ADS-000146,ACCT-000120,B0002,6.93,2026-07-12T20:07:48+00:00
ADS-000147,ACCT-000078,B0002,0.0,2026-07-12T20:07:48+00:00
ADS-000148,ACCT-000121,B0002,0.0,2026-07-12T20:07:48+00:00
ADS-000149,ACCT-000122,B0002,-71.18,2026-07-12T20:07:48+00:00
ADS-000150,ACCT-000103,B0003,-3.87,2026-07-12T21:41:14+00:00
ADS-000151,ACCT-000017,B0003,17.49,2026-07-12T21:41:14+00:00
ADS-000152,ACCT-000093,B0003,0.0,2026-07-12T21:41:14+00:00
ADS-000153,ACCT-000089,B0003,22.06,2026-07-12T21:41:14+00:00
ADS-000154,ACCT-000082,B0003,0.0,2026-07-12T21:41:14+00:00
ADS-000155,ACCT-000109,B0003,-19.66,2026-07-12T21:41:14+00:00
ADS-000156,ACCT-000066,B0003,26.24,2026-07-12T21:41:14+00:00
ADS-000157,ACCT-000024,B0003,0.0,2026-07-12T21:41:14+00:00
ADS-000158,ACCT-000010,B0003,-11.38,2026-07-12T21:41:14+00:00
ADS-000159,ACCT-000025,B0003,-33.33,2026-07-12T21:41:14+00:00
ADS-000160,ACCT-000114,B0003,-40.57,2026-07-12T21:41:14+00:00
ADS-000161,ACCT-000080,B0003,0.0,2026-07-12T21:41:14+00:00
ADS-000162,ACCT-000011,B0003,-6.04,2026-07-12T21:41:14+00:00
ADS-000163,ACCT-000018,B0003,31.63,2026-07-12T21:41:14+00:00
ADS-000164,ACCT-000029,B0003,0.0,2026-07-12T21:41:14+00:00
ADS-000165,ACCT-000096,B0003,3.87,2026-07-12T21:41:14+00:00
ADS-000166,ACCT-000100,B0003,37.54,2026-07-12T21:41:14+00:00
ADS-000167,ACCT-000084,B0003,-39.98,2026-07-12T21:41:14+00:00
ADS-000168,ACCT-000044,B0003,-26.77,2026-07-12T21:41:14+00:00
ADS-000169,ACCT-000046,B0003,-46.98,2026-07-12T21:41:14+00:00
ADS-000170,ACCT-000091,B0003,0.0,2026-07-12T21:41:14+00:00
ADS-000171,ACCT-000028,B0003,-19.03,2026-07-12T21:41:14+00:00
ADS-000172,ACCT-000112,B0003,0.0,2026-07-12T21:41:14+00:00
ADS-000173,ACCT-000038,B0003,0.0,2026-07-12T21:41:14+00:00
ADS-000174,ACCT-000085,B0003,-36.38,2026-07-12T21:41:14+00:00
ADS-000175,ACCT-000095,B0003,0.0,2026-07-12T21:41:14+00:00
ADS-000176,ACCT-000087,B0003,0.0,2026-07-12T21:41:14+00:00
ADS-000177,ACCT-000036,B0003,-12.06,2026-07-12T21:41:14+00:00
ADS-000178,ACCT-000053,B0003,-21.65,2026-07-12T21:41:14+00:00
ADS-000179,ACCT-000101,B0003,-51.11,2026-07-12T21:41:14+00:00
ADS-000180,ACCT-000033,B0003,0.0,2026-07-12T21:41:14+00:00
ADS-000181,ACCT-000121,B0003,0.0,2026-07-12T21:41:14+00:00
ADS-000182,ACCT-000123,B0003,3.91,2026-07-12T21:41:14+00:00
ADS-000183,ACCT-000124,B0003,-17.61,2026-07-12T21:41:14+00:00
ADS-000184,ACCT-000125,B0003,-78.38,2026-07-12T21:41:14+00:00
ADS-000185,ACCT-000126,B0003,0.0,2026-07-12T21:41:14+00:00
ADS-000186,ACCT-000064,B0004,54.84,2026-07-12T22:39:31+00:00
ADS-000187,ACCT-000034,B0004,-32.5,2026-07-12T22:39:31+00:00
ADS-000188,ACCT-000096,B0004,0.0,2026-07-12T22:39:31+00:00
ADS-000189,ACCT-000091,B0004,33.54,2026-07-12T22:39:31+00:00
ADS-000190,ACCT-000068,B0004,23.93,2026-07-12T22:39:31+00:00
ADS-000191,ACCT-000029,B0004,0.0,2026-07-12T22:39:31+00:00
ADS-000192,ACCT-000047,B0004,0.0,2026-07-12T22:39:31+00:00
ADS-000193,ACCT-000083,B0004,13.8,2026-07-12T22:39:31+00:00
ADS-000194,ACCT-000052,B0004,0.0,2026-07-12T22:39:31+00:00
ADS-000195,ACCT-000001,B0004,45.01,2026-07-12T22:39:31+00:00
ADS-000196,ACCT-000022,B0004,-48.16,2026-07-12T22:39:31+00:00
ADS-000197,ACCT-000016,B0004,44.81,2026-07-12T22:39:31+00:00
ADS-000198,ACCT-000102,B0004,17.61,2026-07-12T22:39:31+00:00
ADS-000199,ACCT-000113,B0004,-10.29,2026-07-12T22:39:31+00:00
ADS-000200,ACCT-000013,B0004,0.0,2026-07-12T22:39:31+00:00
ADS-000201,ACCT-000121,B0004,17.86,2026-07-12T22:39:31+00:00
ADS-000202,ACCT-000030,B0004,36.61,2026-07-12T22:39:31+00:00
ADS-000203,ACCT-000043,B0004,0.0,2026-07-12T22:39:31+00:00
ADS-000204,ACCT-000105,B0004,21.32,2026-07-12T22:39:31+00:00
ADS-000205,ACCT-000028,B0004,0.0,2026-07-12T22:39:31+00:00
ADS-000206,ACCT-000010,B0004,0.0,2026-07-12T22:39:31+00:00
ADS-000207,ACCT-000109,B0004,-20.49,2026-07-12T22:39:31+00:00
ADS-000208,ACCT-000103,B0004,37.63,2026-07-12T22:39:31+00:00
ADS-000209,ACCT-000125,B0004,0.0,2026-07-12T22:39:31+00:00
ADS-000210,ACCT-000046,B0004,12.42,2026-07-12T22:39:31+00:00
ADS-000211,ACCT-000114,B0004,0.0,2026-07-12T22:39:31+00:00
ADS-000212,ACCT-000011,B0004,20.06,2026-07-12T22:39:31+00:00
ADS-000213,ACCT-000089,B0004,-58.83,2026-07-12T22:39:31+00:00
ADS-000214,ACCT-000092,B0004,24.22,2026-07-12T22:39:31+00:00
ADS-000215,ACCT-000111,B0004,-40.1,2026-07-12T22:39:31+00:00
ADS-000216,ACCT-000079,B0004,37.34,2026-07-12T22:39:31+00:00
ADS-000217,ACCT-000127,B0004,43.22,2026-07-12T22:39:31+00:00
ADS-000218,ACCT-000128,B0004,9.98,2026-07-12T22:39:31+00:00
ADS-000219,ACCT-000073,B0005,0.0,2026-07-12T23:44:19+00:00
ADS-000220,ACCT-000115,B0005,0.0,2026-07-12T23:44:19+00:00
ADS-000221,ACCT-000017,B0005,0.0,2026-07-12T23:44:19+00:00
ADS-000222,ACCT-000043,B0005,11.74,2026-07-12T23:44:19+00:00
ADS-000223,ACCT-000050,B0005,0.0,2026-07-12T23:44:19+00:00
ADS-000224,ACCT-000083,B0005,2.06,2026-07-12T23:44:19+00:00
ADS-000225,ACCT-000070,B0005,0.0,2026-07-12T23:44:19+00:00
ADS-000226,ACCT-000075,B0005,0.0,2026-07-12T23:44:19+00:00
ADS-000227,ACCT-000012,B0005,-28.49,2026-07-12T23:44:19+00:00
ADS-000228,ACCT-000076,B0005,-25.35,2026-07-12T23:44:19+00:00
ADS-000229,ACCT-000128,B0005,-49.74,2026-07-12T23:44:19+00:00
ADS-000230,ACCT-000118,B0005,0.0,2026-07-12T23:44:19+00:00
ADS-000231,ACCT-000047,B0005,-9.15,2026-07-12T23:44:19+00:00
ADS-000232,ACCT-000031,B0005,15.06,2026-07-12T23:44:19+00:00
ADS-000233,ACCT-000093,B0005,12.32,2026-07-12T23:44:19+00:00
ADS-000234,ACCT-000049,B0005,0.0,2026-07-12T23:44:19+00:00
ADS-000235,ACCT-000057,B0005,0.0,2026-07-12T23:44:19+00:00
ADS-000236,ACCT-000097,B0005,-11.06,2026-07-12T23:44:19+00:00
ADS-000237,ACCT-000013,B0005,-25.69,2026-07-12T23:44:19+00:00
ADS-000238,ACCT-000005,B0005,0.0,2026-07-12T23:44:19+00:00
ADS-000239,ACCT-000074,B0005,0.0,2026-07-12T23:44:19+00:00
ADS-000240,ACCT-000104,B0005,9.53,2026-07-12T23:44:19+00:00
ADS-000241,ACCT-000086,B0005,49.46,2026-07-12T23:44:19+00:00
ADS-000242,ACCT-000018,B0005,-17.17,2026-07-12T23:44:19+00:00
ADS-000243,ACCT-000026,B0005,0.0,2026-07-12T23:44:19+00:00
ADS-000244,ACCT-000072,B0005,19.24,2026-07-12T23:44:19+00:00
ADS-000245,ACCT-000038,B0005,0.0,2026-07-12T23:44:19+00:00
ADS-000246,ACCT-000080,B0005,-30.88,2026-07-12T23:44:19+00:00
ADS-000247,ACCT-000114,B0005,-49.54,2026-07-12T23:44:19+00:00
ADS-000248,ACCT-000011,B0005,0.0,2026-07-12T23:44:19+00:00
ADS-000249,ACCT-000084,B0005,0.0,2026-07-12T23:44:19+00:00
ADS-000250,ACCT-000095,B0005,0.0,2026-07-12T23:44:19+00:00
ADS-000251,ACCT-000034,B0005,16.49,2026-07-12T23:44:19+00:00
ADS-000252,ACCT-000081,B0005,0.0,2026-07-12T23:44:19+00:00
ADS-000253,ACCT-000129,B0005,-12.94,2026-07-12T23:44:19+00:00
ADS-000254,ACCT-000130,B0005,0.0,2026-07-12T23:44:19+00:00
ADS-000255,ACCT-000048,B0006,-14.98,2026-07-14T22:50:00+00:00
ADS-000256,ACCT-000064,B0006,34.8,2026-07-14T22:50:00+00:00
ADS-000257,ACCT-000076,B0006,23.13,2026-07-14T22:50:00+00:00
ADS-000258,ACCT-000041,B0006,-30.09,2026-07-14T22:50:00+00:00
ADS-000259,ACCT-000052,B0006,40.33,2026-07-14T22:50:00+00:00
ADS-000260,ACCT-000011,B0006,10.93,2026-07-14T22:50:00+00:00
ADS-000261,ACCT-000047,B0006,0.0,2026-07-14T22:50:00+00:00
ADS-000262,ACCT-000034,B0006,-19.75,2026-07-14T22:50:00+00:00
ADS-000263,ACCT-000036,B0006,0.0,2026-07-14T22:50:00+00:00
ADS-000264,ACCT-000069,B0006,-42.91,2026-07-14T22:50:00+00:00
ADS-000265,ACCT-000124,B0006,10.73,2026-07-14T22:50:00+00:00
ADS-000266,ACCT-000039,B0006,36.05,2026-07-14T22:50:00+00:00
ADS-000267,ACCT-000090,B0006,0.0,2026-07-14T22:50:00+00:00
ADS-000268,ACCT-000129,B0006,-0.06,2026-07-14T22:50:00+00:00
ADS-000269,ACCT-000022,B0006,0.0,2026-07-14T22:50:00+00:00
ADS-000270,ACCT-000118,B0006,-37.83,2026-07-14T22:50:00+00:00
ADS-000271,ACCT-000105,B0006,-12.96,2026-07-14T22:50:00+00:00
ADS-000272,ACCT-000038,B0006,17.2,2026-07-14T22:50:00+00:00
ADS-000273,ACCT-000109,B0006,41.15,2026-07-14T22:50:00+00:00
ADS-000274,ACCT-000119,B0006,13.7,2026-07-14T22:50:00+00:00
ADS-000275,ACCT-000081,B0006,0.0,2026-07-14T22:50:00+00:00
ADS-000276,ACCT-000120,B0006,16.57,2026-07-14T22:50:00+00:00
ADS-000277,ACCT-000020,B0006,-24.1,2026-07-14T22:50:00+00:00
ADS-000278,ACCT-000057,B0006,0.0,2026-07-14T22:50:00+00:00
ADS-000279,ACCT-000033,B0006,-7.03,2026-07-14T22:50:00+00:00
ADS-000280,ACCT-000093,B0006,-11.29,2026-07-14T22:50:00+00:00
ADS-000281,ACCT-000112,B0006,5.16,2026-07-14T22:50:00+00:00
ADS-000282,ACCT-000088,B0006,0.0,2026-07-14T22:50:00+00:00
ADS-000283,ACCT-000131,B0006,0.0,2026-07-14T22:50:00+00:00
ADS-000284,ACCT-000132,B0006,4.33,2026-07-14T22:50:00+00:00
ADS-000285,ACCT-000133,B0006,-5.25,2026-07-14T22:50:00+00:00
ADS-000286,ACCT-000084,B0007,0.0,2026-07-14T23:44:01+00:00
ADS-000287,ACCT-000089,B0007,0.0,2026-07-14T23:44:01+00:00
ADS-000288,ACCT-000117,B0007,0.0,2026-07-14T23:44:01+00:00
ADS-000289,ACCT-000039,B0007,0.0,2026-07-14T23:44:01+00:00
ADS-000290,ACCT-000109,B0007,0.0,2026-07-14T23:44:01+00:00
ADS-000291,ACCT-000076,B0007,-24.46,2026-07-14T23:44:01+00:00
ADS-000292,ACCT-000037,B0007,-25.6,2026-07-14T23:44:01+00:00
ADS-000293,ACCT-000035,B0007,0.0,2026-07-14T23:44:01+00:00
ADS-000294,ACCT-000003,B0007,0.0,2026-07-14T23:44:01+00:00
ADS-000295,ACCT-000045,B0007,0.0,2026-07-14T23:44:01+00:00
ADS-000296,ACCT-000032,B0007,0.0,2026-07-14T23:44:01+00:00
ADS-000297,ACCT-000087,B0007,-43.19,2026-07-14T23:44:01+00:00
ADS-000298,ACCT-000115,B0007,0.76,2026-07-14T23:44:01+00:00
ADS-000299,ACCT-000128,B0007,19.97,2026-07-14T23:44:01+00:00
ADS-000300,ACCT-000057,B0007,-43.23,2026-07-14T23:44:01+00:00
ADS-000301,ACCT-000123,B0007,-58.69,2026-07-14T23:44:01+00:00
ADS-000302,ACCT-000120,B0007,74.85,2026-07-14T23:44:01+00:00
ADS-000303,ACCT-000053,B0007,0.0,2026-07-14T23:44:01+00:00
ADS-000304,ACCT-000006,B0007,0.0,2026-07-14T23:44:01+00:00
ADS-000305,ACCT-000088,B0007,-79.21,2026-07-14T23:44:01+00:00
ADS-000306,ACCT-000018,B0007,-15.45,2026-07-14T23:44:01+00:00
ADS-000307,ACCT-000067,B0007,15.36,2026-07-14T23:44:01+00:00
ADS-000308,ACCT-000105,B0007,11.63,2026-07-14T23:44:01+00:00
ADS-000309,ACCT-000101,B0007,24.74,2026-07-14T23:44:01+00:00
ADS-000310,ACCT-000127,B0007,0.0,2026-07-14T23:44:01+00:00
ADS-000311,ACCT-000134,B0007,-19.53,2026-07-14T23:44:01+00:00
ADS-000312,ACCT-000135,B0007,-21.1,2026-07-14T23:44:01+00:00
ADS-000313,ACCT-000136,B0007,10.15,2026-07-14T23:44:01+00:00
ADS-000314,ACCT-000137,B0007,0.0,2026-07-14T23:44:01+00:00
ADS-000315,ACCT-000133,B0008,0.0,2026-07-15T01:41:57+00:00
ADS-000316,ACCT-000105,B0008,0.0,2026-07-15T01:41:57+00:00
ADS-000317,ACCT-000126,B0008,0.0,2026-07-15T01:41:57+00:00
ADS-000318,ACCT-000026,B0008,0.0,2026-07-15T01:41:57+00:00
ADS-000319,ACCT-000032,B0008,24.79,2026-07-15T01:41:57+00:00
ADS-000320,ACCT-000084,B0008,0.0,2026-07-15T01:41:57+00:00
ADS-000321,ACCT-000008,B0008,17.16,2026-07-15T01:41:57+00:00
ADS-000322,ACCT-000024,B0008,-37.74,2026-07-15T01:41:57+00:00
ADS-000323,ACCT-000113,B0008,27.49,2026-07-15T01:41:57+00:00
ADS-000324,ACCT-000076,B0008,23.42,2026-07-15T01:41:57+00:00
ADS-000325,ACCT-000029,B0008,0.0,2026-07-15T01:41:57+00:00
ADS-000326,ACCT-000058,B0008,28.91,2026-07-15T01:41:57+00:00
ADS-000327,ACCT-000114,B0008,0.0,2026-07-15T01:41:57+00:00
ADS-000328,ACCT-000124,B0008,-42.71,2026-07-15T01:41:57+00:00
ADS-000329,ACCT-000115,B0008,0.0,2026-07-15T01:41:57+00:00
ADS-000330,ACCT-000132,B0008,19.68,2026-07-15T01:41:57+00:00
ADS-000331,ACCT-000006,B0008,0.0,2026-07-15T01:41:57+00:00
ADS-000332,ACCT-000127,B0008,0.0,2026-07-15T01:41:57+00:00
ADS-000333,ACCT-000069,B0008,-25.49,2026-07-15T01:41:57+00:00
ADS-000334,ACCT-000098,B0008,-40.28,2026-07-15T01:41:57+00:00
ADS-000335,ACCT-000063,B0008,-11.19,2026-07-15T01:41:57+00:00
ADS-000336,ACCT-000064,B0008,-29.69,2026-07-15T01:41:57+00:00
ADS-000337,ACCT-000030,B0008,0.0,2026-07-15T01:41:57+00:00
ADS-000338,ACCT-000083,B0008,0.0,2026-07-15T01:41:57+00:00
ADS-000339,ACCT-000081,B0008,0.0,2026-07-15T01:41:57+00:00
ADS-000340,ACCT-000033,B0008,0.0,2026-07-15T01:41:57+00:00
ADS-000341,ACCT-000077,B0008,4.6,2026-07-15T01:41:57+00:00
ADS-000342,ACCT-000051,B0008,0.0,2026-07-15T01:41:57+00:00
ADS-000343,ACCT-000130,B0008,-4.22,2026-07-15T01:41:57+00:00
ADS-000344,ACCT-000100,B0008,75.7,2026-07-15T01:41:57+00:00
ADS-000345,ACCT-000052,B0008,-33.47,2026-07-15T01:41:57+00:00
ADS-000346,ACCT-000138,B0008,0.0,2026-07-15T01:41:57+00:00
ADS-000347,ACCT-000139,B0008,14.94,2026-07-15T01:41:57+00:00
ADS-000348,ACCT-000140,B0008,49.7,2026-07-15T01:41:57+00:00
ADS-000349,ACCT-000081,B0009,10.71,2026-07-15T04:44:07+00:00
ADS-000350,ACCT-000029,B0009,42.6,2026-07-15T04:44:07+00:00
ADS-000351,ACCT-000057,B0009,-80.6,2026-07-15T04:44:07+00:00
ADS-000352,ACCT-000096,B0009,0.0,2026-07-15T04:44:07+00:00
ADS-000353,ACCT-000085,B0009,0.69,2026-07-15T04:44:07+00:00
ADS-000354,ACCT-000120,B0009,7.52,2026-07-15T04:44:07+00:00
ADS-000355,ACCT-000101,B0009,35.56,2026-07-15T04:44:07+00:00
ADS-000356,ACCT-000097,B0009,-11.21,2026-07-15T04:44:07+00:00
ADS-000357,ACCT-000079,B0009,21.15,2026-07-15T04:44:07+00:00
ADS-000358,ACCT-000137,B0009,29.59,2026-07-15T04:44:07+00:00
ADS-000359,ACCT-000071,B0009,0.0,2026-07-15T04:44:07+00:00
ADS-000360,ACCT-000005,B0009,-34.09,2026-07-15T04:44:07+00:00
ADS-000361,ACCT-000094,B0009,-26.25,2026-07-15T04:44:07+00:00
ADS-000362,ACCT-000063,B0009,30.93,2026-07-15T04:44:07+00:00
ADS-000363,ACCT-000128,B0009,7.86,2026-07-15T04:44:07+00:00
ADS-000364,ACCT-000068,B0009,0.0,2026-07-15T04:44:07+00:00
ADS-000365,ACCT-000048,B0009,19.59,2026-07-15T04:44:07+00:00
ADS-000366,ACCT-000087,B0009,-41.22,2026-07-15T04:44:07+00:00
ADS-000367,ACCT-000062,B0009,-8.15,2026-07-15T04:44:07+00:00
ADS-000368,ACCT-000091,B0009,47.83,2026-07-15T04:44:07+00:00
ADS-000369,ACCT-000092,B0009,-45.73,2026-07-15T04:44:07+00:00
ADS-000370,ACCT-000026,B0009,0.0,2026-07-15T04:44:07+00:00
ADS-000371,ACCT-000113,B0009,0.0,2026-07-15T04:44:07+00:00
ADS-000372,ACCT-000006,B0009,0.0,2026-07-15T04:44:07+00:00
ADS-000373,ACCT-000061,B0009,-46.75,2026-07-15T04:44:07+00:00
ADS-000374,ACCT-000108,B0009,-32.76,2026-07-15T04:44:07+00:00
ADS-000375,ACCT-000058,B0009,-25.46,2026-07-15T04:44:07+00:00
ADS-000376,ACCT-000067,B0009,0.0,2026-07-15T04:44:07+00:00
ADS-000377,ACCT-000055,B0009,0.0,2026-07-15T04:44:07+00:00
ADS-000378,ACCT-000119,B0009,1.72,2026-07-15T04:44:07+00:00
ADS-000379,ACCT-000141,B0009,70.25,2026-07-15T04:44:07+00:00
ADS-000380,ACCT-000142,B0009,-9.49,2026-07-15T04:44:07+00:00
ADS-000381,ACCT-000143,B0009,-46.69,2026-07-15T04:44:07+00:00
ADS-000382,ACCT-000063,B0010,0.0,2026-07-15T07:08:34+00:00
ADS-000383,ACCT-000103,B0010,0.0,2026-07-15T07:08:34+00:00
ADS-000384,ACCT-000052,B0010,0.0,2026-07-15T07:08:34+00:00
ADS-000385,ACCT-000041,B0010,0.0,2026-07-15T07:08:34+00:00
ADS-000386,ACCT-000076,B0010,49.35,2026-07-15T07:08:34+00:00
ADS-000387,ACCT-000075,B0010,68.13,2026-07-15T07:08:34+00:00
ADS-000388,ACCT-000095,B0010,8.04,2026-07-15T07:08:34+00:00
ADS-000389,ACCT-000003,B0010,-39.52,2026-07-15T07:08:34+00:00
ADS-000390,ACCT-000127,B0010,0.0,2026-07-15T07:08:34+00:00
ADS-000391,ACCT-000092,B0010,0.0,2026-07-15T07:08:34+00:00
ADS-000392,ACCT-000010,B0010,81.17,2026-07-15T07:08:34+00:00
ADS-000393,ACCT-000021,B0010,-3.01,2026-07-15T07:08:34+00:00
ADS-000394,ACCT-000136,B0010,0.0,2026-07-15T07:08:34+00:00
ADS-000395,ACCT-000061,B0010,27.7,2026-07-15T07:08:34+00:00
ADS-000396,ACCT-000119,B0010,0.0,2026-07-15T07:08:34+00:00
ADS-000397,ACCT-000002,B0010,23.32,2026-07-15T07:08:34+00:00
ADS-000398,ACCT-000053,B0010,-45.1,2026-07-15T07:08:34+00:00
ADS-000399,ACCT-000084,B0010,0.93,2026-07-15T07:08:34+00:00
ADS-000400,ACCT-000018,B0010,-44.02,2026-07-15T07:08:34+00:00
ADS-000401,ACCT-000074,B0010,0.0,2026-07-15T07:08:34+00:00
ADS-000402,ACCT-000143,B0010,-30.18,2026-07-15T07:08:34+00:00
ADS-000403,ACCT-000049,B0010,0.0,2026-07-15T07:08:34+00:00
ADS-000404,ACCT-000097,B0010,37.58,2026-07-15T07:08:34+00:00
ADS-000405,ACCT-000048,B0010,-1.59,2026-07-15T07:08:34+00:00
ADS-000406,ACCT-000039,B0010,50.0,2026-07-15T07:08:34+00:00
ADS-000407,ACCT-000038,B0010,0.0,2026-07-15T07:08:34+00:00
ADS-000408,ACCT-000006,B0010,-20.52,2026-07-15T07:08:34+00:00
ADS-000409,ACCT-000124,B0010,-51.21,2026-07-15T07:08:34+00:00
ADS-000410,ACCT-000137,B0010,-36.63,2026-07-15T07:08:34+00:00
ADS-000411,ACCT-000117,B0010,20.01,2026-07-15T07:08:34+00:00
ADS-000412,ACCT-000077,B0010,0.0,2026-07-15T07:08:34+00:00
ADS-000413,ACCT-000031,B0010,0.0,2026-07-15T07:08:34+00:00
ADS-000414,ACCT-000144,B0010,0.84,2026-07-15T07:08:34+00:00
ADS-000415,ACCT-000145,B0010,39.15,2026-07-15T07:08:34+00:00
ADS-000416,ACCT-000024,B0011,37.66,2026-07-15T09:27:10+00:00
ADS-000417,ACCT-000055,B0011,-26.96,2026-07-15T09:27:10+00:00
ADS-000418,ACCT-000107,B0011,79.35,2026-07-15T09:27:10+00:00
ADS-000419,ACCT-000086,B0011,42.5,2026-07-15T09:27:10+00:00
ADS-000420,ACCT-000088,B0011,-65.76,2026-07-15T09:27:10+00:00
ADS-000421,ACCT-000114,B0011,-28.41,2026-07-15T09:27:10+00:00
ADS-000422,ACCT-000133,B0011,20.86,2026-07-15T09:27:10+00:00
ADS-000423,ACCT-000058,B0011,-47.94,2026-07-15T09:27:10+00:00
ADS-000424,ACCT-000125,B0011,30.63,2026-07-15T09:27:10+00:00
ADS-000425,ACCT-000062,B0011,-12.78,2026-07-15T09:27:10+00:00
ADS-000426,ACCT-000077,B0011,0.0,2026-07-15T09:27:10+00:00
ADS-000427,ACCT-000116,B0011,0.0,2026-07-15T09:27:10+00:00
ADS-000428,ACCT-000059,B0011,27.4,2026-07-15T09:27:10+00:00
ADS-000429,ACCT-000016,B0011,-1.64,2026-07-15T09:27:10+00:00
ADS-000430,ACCT-000115,B0011,0.0,2026-07-15T09:27:10+00:00
ADS-000431,ACCT-000067,B0011,49.61,2026-07-15T09:27:10+00:00
ADS-000432,ACCT-000074,B0011,0.0,2026-07-15T09:27:10+00:00
ADS-000433,ACCT-000010,B0011,0.0,2026-07-15T09:27:10+00:00
ADS-000434,ACCT-000008,B0011,-31.3,2026-07-15T09:27:10+00:00
ADS-000435,ACCT-000050,B0011,-37.34,2026-07-15T09:27:10+00:00
ADS-000436,ACCT-000071,B0011,0.0,2026-07-15T09:27:10+00:00
ADS-000437,ACCT-000099,B0011,20.85,2026-07-15T09:27:10+00:00
ADS-000438,ACCT-000075,B0011,0.0,2026-07-15T09:27:10+00:00
ADS-000439,ACCT-000121,B0011,51.77,2026-07-15T09:27:10+00:00
ADS-000440,ACCT-000095,B0011,78.39,2026-07-15T09:27:10+00:00
ADS-000441,ACCT-000043,B0011,43.71,2026-07-15T09:27:10+00:00
ADS-000442,ACCT-000096,B0011,-25.99,2026-07-15T09:27:10+00:00
ADS-000443,ACCT-000030,B0011,80.2,2026-07-15T09:27:10+00:00
ADS-000444,ACCT-000073,B0011,10.05,2026-07-15T09:27:10+00:00
ADS-000445,ACCT-000068,B0011,-41.91,2026-07-15T09:27:10+00:00
ADS-000446,ACCT-000006,B0011,77.68,2026-07-15T09:27:10+00:00
ADS-000447,ACCT-000146,B0011,25.3,2026-07-15T09:27:10+00:00
ADS-000448,ACCT-000147,B0011,20.48,2026-07-15T09:27:10+00:00
ADS-000449,ACCT-000148,B0011,12.82,2026-07-15T09:27:10+00:00
ADS-000450,ACCT-000125,B0012,0.0,2026-07-15T11:08:21+00:00
ADS-000451,ACCT-000071,B0012,0.0,2026-07-15T11:08:21+00:00
ADS-000452,ACCT-000036,B0012,76.53,2026-07-15T11:08:21+00:00
ADS-000453,ACCT-000070,B0012,-40.16,2026-07-15T11:08:21+00:00
ADS-000454,ACCT-000020,B0012,29.48,2026-07-15T11:08:21+00:00
ADS-000455,ACCT-000081,B0012,-43.78,2026-07-15T11:08:21+00:00
ADS-000456,ACCT-000127,B0012,-55.25,2026-07-15T11:08:21+00:00
ADS-000457,ACCT-000035,B0012,0.0,2026-07-15T11:08:21+00:00
ADS-000458,ACCT-000078,B0012,24.99,2026-07-15T11:08:21+00:00
ADS-000459,ACCT-000093,B0012,-17.82,2026-07-15T11:08:21+00:00
ADS-000460,ACCT-000104,B0012,-44.44,2026-07-15T11:08:21+00:00
ADS-000461,ACCT-000105,B0012,0.0,2026-07-15T11:08:21+00:00
ADS-000462,ACCT-000108,B0012,-11.37,2026-07-15T11:08:21+00:00
ADS-000463,ACCT-000068,B0012,59.35,2026-07-15T11:08:21+00:00
ADS-000464,ACCT-000029,B0012,0.0,2026-07-15T11:08:21+00:00
ADS-000465,ACCT-000013,B0012,0.0,2026-07-15T11:08:21+00:00
ADS-000466,ACCT-000072,B0012,0.0,2026-07-15T11:08:21+00:00
ADS-000467,ACCT-000126,B0012,25.87,2026-07-15T11:08:21+00:00
ADS-000468,ACCT-000141,B0012,7.42,2026-07-15T11:08:21+00:00
ADS-000469,ACCT-000143,B0012,-78.72,2026-07-15T11:08:21+00:00
ADS-000470,ACCT-000034,B0012,9.96,2026-07-15T11:08:21+00:00
ADS-000471,ACCT-000027,B0012,-5.09,2026-07-15T11:08:21+00:00
ADS-000472,ACCT-000062,B0012,-7.45,2026-07-15T11:08:21+00:00
ADS-000473,ACCT-000073,B0012,0.0,2026-07-15T11:08:21+00:00
ADS-000474,ACCT-000045,B0012,-44.77,2026-07-15T11:08:21+00:00
ADS-000475,ACCT-000139,B0012,-8.88,2026-07-15T11:08:21+00:00
ADS-000476,ACCT-000149,B0012,39.79,2026-07-15T11:08:21+00:00
ADS-000477,ACCT-000150,B0012,7.43,2026-07-15T11:08:21+00:00
ADS-000478,ACCT-000151,B0012,-92.52,2026-07-15T11:08:21+00:00
ADS-000479,ACCT-000075,B0013,-0.07,2026-07-15T12:49:22+00:00
ADS-000480,ACCT-000123,B0013,77.59,2026-07-15T12:49:22+00:00
ADS-000481,ACCT-000013,B0013,23.24,2026-07-15T12:49:22+00:00
ADS-000482,ACCT-000050,B0013,-29.8,2026-07-15T12:49:22+00:00
ADS-000483,ACCT-000041,B0013,0.0,2026-07-15T12:49:22+00:00
ADS-000484,ACCT-000132,B0013,0.0,2026-07-15T12:49:22+00:00
ADS-000485,ACCT-000025,B0013,0.0,2026-07-15T12:49:22+00:00
ADS-000486,ACCT-000061,B0013,31.93,2026-07-15T12:49:22+00:00
ADS-000487,ACCT-000126,B0013,0.0,2026-07-15T12:49:22+00:00
ADS-000488,ACCT-000051,B0013,16.92,2026-07-15T12:49:22+00:00
ADS-000489,ACCT-000150,B0013,-8.05,2026-07-15T12:49:22+00:00
ADS-000490,ACCT-000059,B0013,0.0,2026-07-15T12:49:22+00:00
ADS-000491,ACCT-000121,B0013,-5.07,2026-07-15T12:49:22+00:00
ADS-000492,ACCT-000032,B0013,0.0,2026-07-15T12:49:22+00:00
ADS-000493,ACCT-000118,B0013,6.11,2026-07-15T12:49:22+00:00
ADS-000494,ACCT-000080,B0013,3.3,2026-07-15T12:49:22+00:00
ADS-000495,ACCT-000017,B0013,0.0,2026-07-15T12:49:22+00:00
ADS-000496,ACCT-000099,B0013,13.39,2026-07-15T12:49:22+00:00
ADS-000497,ACCT-000005,B0013,0.0,2026-07-15T12:49:22+00:00
ADS-000498,ACCT-000088,B0013,0.0,2026-07-15T12:49:22+00:00
ADS-000499,ACCT-000124,B0013,-28.65,2026-07-15T12:49:22+00:00
ADS-000500,ACCT-000115,B0013,58.01,2026-07-15T12:49:22+00:00
ADS-000501,ACCT-000056,B0013,13.1,2026-07-15T12:49:22+00:00
ADS-000502,ACCT-000014,B0013,22.81,2026-07-15T12:49:22+00:00
ADS-000503,ACCT-000120,B0013,0.0,2026-07-15T12:49:22+00:00
ADS-000504,ACCT-000083,B0013,48.65,2026-07-15T12:49:22+00:00
ADS-000505,ACCT-000101,B0013,0.0,2026-07-15T12:49:22+00:00
ADS-000506,ACCT-000102,B0013,-30.52,2026-07-15T12:49:22+00:00
ADS-000507,ACCT-000134,B0013,0.0,2026-07-15T12:49:22+00:00
ADS-000508,ACCT-000135,B0013,-6.1,2026-07-15T12:49:22+00:00
ADS-000509,ACCT-000098,B0013,14.65,2026-07-15T12:49:22+00:00
ADS-000510,ACCT-000106,B0013,0.0,2026-07-15T12:49:22+00:00
ADS-000511,ACCT-000007,B0013,3.12,2026-07-15T12:49:22+00:00
ADS-000512,ACCT-000012,B0013,38.1,2026-07-15T12:49:22+00:00
ADS-000513,ACCT-000060,B0013,19.03,2026-07-15T12:49:22+00:00
ADS-000514,ACCT-000152,B0013,0.0,2026-07-15T12:49:22+00:00
ADS-000515,ACCT-000153,B0013,0.0,2026-07-15T12:49:22+00:00
ADS-000516,ACCT-000154,B0013,26.48,2026-07-15T12:49:22+00:00
ADS-000517,ACCT-000049,B0014,-40.32,2026-07-15T14:43:18+00:00
ADS-000518,ACCT-000078,B0014,-46.09,2026-07-15T14:43:18+00:00
ADS-000519,ACCT-000148,B0014,0.0,2026-07-15T14:43:18+00:00
ADS-000520,ACCT-000093,B0014,-18.28,2026-07-15T14:43:18+00:00
ADS-000521,ACCT-000004,B0014,33.44,2026-07-15T14:43:18+00:00
ADS-000522,ACCT-000070,B0014,22.27,2026-07-15T14:43:18+00:00
ADS-000523,ACCT-000041,B0014,0.0,2026-07-15T14:43:18+00:00
ADS-000524,ACCT-000035,B0014,-21.6,2026-07-15T14:43:18+00:00
ADS-000525,ACCT-000007,B0014,-39.38,2026-07-15T14:43:18+00:00
ADS-000526,ACCT-000137,B0014,0.0,2026-07-15T14:43:18+00:00
ADS-000527,ACCT-000099,B0014,0.0,2026-07-15T14:43:18+00:00
ADS-000528,ACCT-000005,B0014,19.92,2026-07-15T14:43:18+00:00
ADS-000529,ACCT-000018,B0014,4.58,2026-07-15T14:43:18+00:00
ADS-000530,ACCT-000052,B0014,-3.69,2026-07-15T14:43:18+00:00
ADS-000531,ACCT-000086,B0014,0.0,2026-07-15T14:43:18+00:00
ADS-000532,ACCT-000083,B0014,-11.84,2026-07-15T14:43:18+00:00
ADS-000533,ACCT-000045,B0014,43.66,2026-07-15T14:43:18+00:00
ADS-000534,ACCT-000040,B0014,32.4,2026-07-15T14:43:18+00:00
ADS-000535,ACCT-000081,B0014,-4.11,2026-07-15T14:43:18+00:00
ADS-000536,ACCT-000069,B0014,-18.41,2026-07-15T14:43:18+00:00
ADS-000537,ACCT-000085,B0014,0.0,2026-07-15T14:43:18+00:00
ADS-000538,ACCT-000098,B0014,0.0,2026-07-15T14:43:18+00:00
ADS-000539,ACCT-000011,B0014,0.0,2026-07-15T14:43:18+00:00
ADS-000540,ACCT-000015,B0014,0.0,2026-07-15T14:43:18+00:00
ADS-000541,ACCT-000143,B0014,0.0,2026-07-15T14:43:18+00:00
ADS-000542,ACCT-000028,B0014,22.61,2026-07-15T14:43:18+00:00
ADS-000543,ACCT-000127,B0014,-41.98,2026-07-15T14:43:18+00:00
ADS-000544,ACCT-000019,B0014,-35.19,2026-07-15T14:43:18+00:00
ADS-000545,ACCT-000090,B0014,14.42,2026-07-15T14:43:18+00:00
ADS-000546,ACCT-000038,B0014,0.0,2026-07-15T14:43:18+00:00
ADS-000547,ACCT-000048,B0014,0.0,2026-07-15T14:43:18+00:00
ADS-000548,ACCT-000145,B0014,0.0,2026-07-15T14:43:18+00:00
ADS-000549,ACCT-000155,B0014,-17.46,2026-07-15T14:43:18+00:00
ADS-000550,ACCT-000156,B0014,-43.35,2026-07-15T14:43:18+00:00
ADS-000551,ACCT-000157,B0014,15.6,2026-07-15T14:43:18+00:00
ADS-000552,ACCT-000009,B0015,0.0,2026-07-15T16:14:57+00:00
ADS-000553,ACCT-000026,B0015,25.92,2026-07-15T16:14:57+00:00
ADS-000554,ACCT-000064,B0015,0.0,2026-07-15T16:14:57+00:00
ADS-000555,ACCT-000034,B0015,4.37,2026-07-15T16:14:57+00:00
ADS-000556,ACCT-000021,B0015,0.0,2026-07-15T16:14:57+00:00
ADS-000557,ACCT-000100,B0015,10.09,2026-07-15T16:14:57+00:00
ADS-000558,ACCT-000086,B0015,0.0,2026-07-15T16:14:57+00:00
ADS-000559,ACCT-000003,B0015,0.0,2026-07-15T16:14:57+00:00
ADS-000560,ACCT-000078,B0015,-27.15,2026-07-15T16:14:57+00:00
ADS-000561,ACCT-000069,B0015,-52.91,2026-07-15T16:14:57+00:00
ADS-000562,ACCT-000047,B0015,19.27,2026-07-15T16:14:57+00:00
ADS-000563,ACCT-000152,B0015,0.0,2026-07-15T16:14:57+00:00
ADS-000564,ACCT-000079,B0015,27.86,2026-07-15T16:14:57+00:00
ADS-000565,ACCT-000023,B0015,-25.54,2026-07-15T16:14:57+00:00
ADS-000566,ACCT-000001,B0015,0.0,2026-07-15T16:14:57+00:00
ADS-000567,ACCT-000061,B0015,-41.94,2026-07-15T16:14:57+00:00
ADS-000568,ACCT-000057,B0015,49.62,2026-07-15T16:14:57+00:00
ADS-000569,ACCT-000033,B0015,0.0,2026-07-15T16:14:57+00:00
ADS-000570,ACCT-000129,B0015,-41.43,2026-07-15T16:14:57+00:00
ADS-000571,ACCT-000123,B0015,-15.58,2026-07-15T16:14:57+00:00
ADS-000572,ACCT-000137,B0015,0.0,2026-07-15T16:14:57+00:00
ADS-000573,ACCT-000042,B0015,-35.22,2026-07-15T16:14:57+00:00
ADS-000574,ACCT-000036,B0015,0.0,2026-07-15T16:14:57+00:00
ADS-000575,ACCT-000116,B0015,0.0,2026-07-15T16:14:57+00:00
ADS-000576,ACCT-000140,B0015,-12.65,2026-07-15T16:14:57+00:00
ADS-000577,ACCT-000050,B0015,0.0,2026-07-15T16:14:57+00:00
ADS-000578,ACCT-000010,B0015,0.0,2026-07-15T16:14:57+00:00
ADS-000579,ACCT-000022,B0015,14.64,2026-07-15T16:14:57+00:00
ADS-000580,ACCT-000158,B0015,50.51,2026-07-15T16:14:57+00:00
ADS-000581,ACCT-000159,B0015,14.19,2026-07-15T16:14:57+00:00
ADS-000582,ACCT-000096,B0016,-12.02,2026-07-15T17:44:30+00:00
ADS-000583,ACCT-000060,B0016,0.0,2026-07-15T17:44:30+00:00
ADS-000584,ACCT-000130,B0016,3.5,2026-07-15T17:44:30+00:00
ADS-000585,ACCT-000027,B0016,0.0,2026-07-15T17:44:30+00:00
ADS-000586,ACCT-000035,B0016,-5.5,2026-07-15T17:44:30+00:00
ADS-000587,ACCT-000049,B0016,49.93,2026-07-15T17:44:30+00:00
ADS-000588,ACCT-000158,B0016,46.42,2026-07-15T17:44:30+00:00
ADS-000589,ACCT-000088,B0016,-69.27,2026-07-15T17:44:30+00:00
ADS-000590,ACCT-000001,B0016,0.0,2026-07-15T17:44:30+00:00
ADS-000591,ACCT-000037,B0016,0.0,2026-07-15T17:44:30+00:00
ADS-000592,ACCT-000077,B0016,56.11,2026-07-15T17:44:30+00:00
ADS-000593,ACCT-000144,B0016,0.0,2026-07-15T17:44:30+00:00
ADS-000594,ACCT-000092,B0016,-19.28,2026-07-15T17:44:30+00:00
ADS-000595,ACCT-000010,B0016,-15.75,2026-07-15T17:44:30+00:00
ADS-000596,ACCT-000090,B0016,0.0,2026-07-15T17:44:30+00:00
ADS-000597,ACCT-000147,B0016,19.23,2026-07-15T17:44:30+00:00
ADS-000598,ACCT-000070,B0016,33.78,2026-07-15T17:44:30+00:00
ADS-000599,ACCT-000039,B0016,-13.91,2026-07-15T17:44:30+00:00
ADS-000600,ACCT-000089,B0016,0.0,2026-07-15T17:44:30+00:00
ADS-000601,ACCT-000086,B0016,28.2,2026-07-15T17:44:30+00:00
ADS-000602,ACCT-000139,B0016,0.0,2026-07-15T17:44:30+00:00
ADS-000603,ACCT-000103,B0016,56.44,2026-07-15T17:44:30+00:00
ADS-000604,ACCT-000142,B0016,-25.68,2026-07-15T17:44:30+00:00
ADS-000605,ACCT-000036,B0016,0.0,2026-07-15T17:44:30+00:00
ADS-000606,ACCT-000117,B0016,47.2,2026-07-15T17:44:30+00:00
ADS-000607,ACCT-000112,B0016,0.44,2026-07-15T17:44:30+00:00
ADS-000608,ACCT-000121,B0016,-39.42,2026-07-15T17:44:30+00:00
ADS-000609,ACCT-000019,B0016,-30.38,2026-07-15T17:44:30+00:00
ADS-000610,ACCT-000128,B0016,65.95,2026-07-15T17:44:30+00:00
ADS-000611,ACCT-000093,B0016,-26.04,2026-07-15T17:44:30+00:00
ADS-000612,ACCT-000047,B0016,0.0,2026-07-15T17:44:30+00:00
ADS-000613,ACCT-000065,B0016,-44.09,2026-07-15T17:44:30+00:00
ADS-000614,ACCT-000160,B0016,9.49,2026-07-15T17:44:30+00:00
ADS-000615,ACCT-000161,B0016,0.0,2026-07-15T17:44:30+00:00
ADS-000616,ACCT-000148,B0017,0.0,2026-07-15T18:58:12+00:00
ADS-000617,ACCT-000019,B0017,-8.03,2026-07-15T18:58:12+00:00
ADS-000618,ACCT-000086,B0017,5.48,2026-07-15T18:58:12+00:00
ADS-000619,ACCT-000052,B0017,-13.48,2026-07-15T18:58:12+00:00
ADS-000620,ACCT-000049,B0017,0.0,2026-07-15T18:58:12+00:00
ADS-000621,ACCT-000154,B0017,-37.18,2026-07-15T18:58:12+00:00
ADS-000622,ACCT-000081,B0017,-8.35,2026-07-15T18:58:12+00:00
ADS-000623,ACCT-000119,B0017,0.0,2026-07-15T18:58:12+00:00
ADS-000624,ACCT-000157,B0017,0.0,2026-07-15T18:58:12+00:00
ADS-000625,ACCT-000037,B0017,36.53,2026-07-15T18:58:12+00:00
ADS-000626,ACCT-000011,B0017,36.81,2026-07-15T18:58:12+00:00
ADS-000627,ACCT-000137,B0017,0.0,2026-07-15T18:58:12+00:00
ADS-000628,ACCT-000055,B0017,-23.02,2026-07-15T18:58:12+00:00
ADS-000629,ACCT-000065,B0017,-15.12,2026-07-15T18:58:12+00:00
ADS-000630,ACCT-000009,B0017,45.09,2026-07-15T18:58:12+00:00
ADS-000631,ACCT-000075,B0017,-58.69,2026-07-15T18:58:12+00:00
ADS-000632,ACCT-000130,B0017,-6.49,2026-07-15T18:58:12+00:00
ADS-000633,ACCT-000128,B0017,45.37,2026-07-15T18:58:12+00:00
ADS-000634,ACCT-000108,B0017,-18.72,2026-07-15T18:58:12+00:00
ADS-000635,ACCT-000082,B0017,-15.39,2026-07-15T18:58:12+00:00
ADS-000636,ACCT-000017,B0017,-24.65,2026-07-15T18:58:12+00:00
ADS-000637,ACCT-000151,B0017,-5.78,2026-07-15T18:58:12+00:00
ADS-000638,ACCT-000139,B0017,0.0,2026-07-15T18:58:12+00:00
ADS-000639,ACCT-000107,B0017,28.25,2026-07-15T18:58:12+00:00
ADS-000640,ACCT-000044,B0017,0.0,2026-07-15T18:58:12+00:00
ADS-000641,ACCT-000095,B0017,0.0,2026-07-15T18:58:12+00:00
ADS-000642,ACCT-000048,B0017,0.0,2026-07-15T18:58:12+00:00
ADS-000643,ACCT-000138,B0017,-5.52,2026-07-15T18:58:12+00:00
ADS-000644,ACCT-000056,B0017,30.33,2026-07-15T18:58:12+00:00
ADS-000645,ACCT-000097,B0017,0.0,2026-07-15T18:58:12+00:00
ADS-000646,ACCT-000106,B0017,44.0,2026-07-15T18:58:12+00:00
ADS-000647,ACCT-000006,B0017,-6.17,2026-07-15T18:58:12+00:00
ADS-000648,ACCT-000124,B0017,16.39,2026-07-15T18:58:12+00:00
ADS-000649,ACCT-000127,B0017,-11.54,2026-07-15T18:58:12+00:00
ADS-000650,ACCT-000113,B0017,2.97,2026-07-15T18:58:12+00:00
ADS-000651,ACCT-000162,B0017,0.0,2026-07-15T18:58:12+00:00
ADS-000652,ACCT-000163,B0017,-11.96,2026-07-15T18:58:12+00:00
ADS-000653,ACCT-000164,B0017,16.35,2026-07-15T18:58:12+00:00
ADS-000654,ACCT-000152,B0018,-26.67,2026-07-15T20:08:35+00:00
ADS-000655,ACCT-000153,B0018,3.11,2026-07-15T20:08:35+00:00
ADS-000656,ACCT-000106,B0018,43.22,2026-07-15T20:08:35+00:00
ADS-000657,ACCT-000030,B0018,0.0,2026-07-15T20:08:35+00:00
ADS-000658,ACCT-000143,B0018,-51.65,2026-07-15T20:08:35+00:00
ADS-000659,ACCT-000011,B0018,54.15,2026-07-15T20:08:35+00:00
ADS-000660,ACCT-000095,B0018,-60.62,2026-07-15T20:08:35+00:00
ADS-000661,ACCT-000112,B0018,45.97,2026-07-15T20:08:35+00:00
ADS-000662,ACCT-000098,B0018,0.0,2026-07-15T20:08:35+00:00
ADS-000663,ACCT-000113,B0018,0.0,2026-07-15T20:08:35+00:00
ADS-000664,ACCT-000127,B0018,-37.63,2026-07-15T20:08:35+00:00
ADS-000665,ACCT-000104,B0018,-40.04,2026-07-15T20:08:35+00:00
ADS-000666,ACCT-000077,B0018,0.0,2026-07-15T20:08:35+00:00
ADS-000667,ACCT-000131,B0018,34.44,2026-07-15T20:08:35+00:00
ADS-000668,ACCT-000148,B0018,19.65,2026-07-15T20:08:35+00:00
ADS-000669,ACCT-000046,B0018,0.0,2026-07-15T20:08:35+00:00
ADS-000670,ACCT-000100,B0018,-17.55,2026-07-15T20:08:35+00:00
ADS-000671,ACCT-000111,B0018,47.34,2026-07-15T20:08:35+00:00
ADS-000672,ACCT-000058,B0018,16.49,2026-07-15T20:08:35+00:00
ADS-000673,ACCT-000158,B0018,0.0,2026-07-15T20:08:35+00:00
ADS-000674,ACCT-000124,B0018,26.76,2026-07-15T20:08:35+00:00
ADS-000675,ACCT-000099,B0018,0.0,2026-07-15T20:08:35+00:00
ADS-000676,ACCT-000140,B0018,25.57,2026-07-15T20:08:35+00:00
ADS-000677,ACCT-000054,B0018,-16.12,2026-07-15T20:08:35+00:00
ADS-000678,ACCT-000017,B0018,0.0,2026-07-15T20:08:35+00:00
ADS-000679,ACCT-000120,B0018,0.0,2026-07-15T20:08:35+00:00
ADS-000680,ACCT-000003,B0018,0.0,2026-07-15T20:08:35+00:00
ADS-000681,ACCT-000149,B0018,41.39,2026-07-15T20:08:35+00:00
ADS-000682,ACCT-000038,B0018,33.87,2026-07-15T20:08:35+00:00
ADS-000683,ACCT-000043,B0018,21.37,2026-07-15T20:08:35+00:00
ADS-000684,ACCT-000122,B0018,-15.13,2026-07-15T20:08:35+00:00
ADS-000685,ACCT-000102,B0018,0.0,2026-07-15T20:08:35+00:00
ADS-000686,ACCT-000045,B0018,-28.18,2026-07-15T20:08:35+00:00
ADS-000687,ACCT-000165,B0018,0.0,2026-07-15T20:08:35+00:00
ADS-000688,ACCT-000166,B0018,82.77,2026-07-15T20:08:35+00:00
ADS-000689,ACCT-000011,B0019,0.0,2026-07-15T21:28:51+00:00
ADS-000690,ACCT-000002,B0019,0.0,2026-07-15T21:28:51+00:00
ADS-000691,ACCT-000052,B0019,52.87,2026-07-15T21:28:51+00:00
ADS-000692,ACCT-000074,B0019,16.91,2026-07-15T21:28:51+00:00
ADS-000693,ACCT-000067,B0019,12.61,2026-07-15T21:28:51+00:00
ADS-000694,ACCT-000123,B0019,19.78,2026-07-15T21:28:51+00:00
ADS-000695,ACCT-000117,B0019,-3.79,2026-07-15T21:28:51+00:00
ADS-000696,ACCT-000129,B0019,-25.77,2026-07-15T21:28:51+00:00
ADS-000697,ACCT-000027,B0019,8.88,2026-07-15T21:28:51+00:00
ADS-000698,ACCT-000153,B0019,-47.5,2026-07-15T21:28:51+00:00
ADS-000699,ACCT-000093,B0019,-19.74,2026-07-15T21:28:51+00:00
ADS-000700,ACCT-000014,B0019,31.16,2026-07-15T21:28:51+00:00
ADS-000701,ACCT-000103,B0019,-4.4,2026-07-15T21:28:51+00:00
ADS-000702,ACCT-000134,B0019,5.75,2026-07-15T21:28:51+00:00
ADS-000703,ACCT-000054,B0019,-10.77,2026-07-15T21:28:51+00:00
ADS-000704,ACCT-000066,B0019,0.0,2026-07-15T21:28:51+00:00
ADS-000705,ACCT-000091,B0019,0.0,2026-07-15T21:28:51+00:00
ADS-000706,ACCT-000160,B0019,4.57,2026-07-15T21:28:51+00:00
ADS-000707,ACCT-000145,B0019,-7.5,2026-07-15T21:28:51+00:00
ADS-000708,ACCT-000082,B0019,9.73,2026-07-15T21:28:51+00:00
ADS-000709,ACCT-000047,B0019,0.0,2026-07-15T21:28:51+00:00
ADS-000710,ACCT-000130,B0019,0.0,2026-07-15T21:28:51+00:00
ADS-000711,ACCT-000031,B0019,66.73,2026-07-15T21:28:51+00:00
ADS-000712,ACCT-000164,B0019,0.0,2026-07-15T21:28:51+00:00
ADS-000713,ACCT-000086,B0019,14.31,2026-07-15T21:28:51+00:00
ADS-000714,ACCT-000113,B0019,-39.4,2026-07-15T21:28:51+00:00
ADS-000715,ACCT-000025,B0019,48.35,2026-07-15T21:28:51+00:00
ADS-000716,ACCT-000068,B0019,0.0,2026-07-15T21:28:51+00:00
ADS-000717,ACCT-000105,B0019,-12.52,2026-07-15T21:28:51+00:00
ADS-000718,ACCT-000056,B0019,-34.8,2026-07-15T21:28:51+00:00
ADS-000719,ACCT-000167,B0019,28.44,2026-07-15T21:28:51+00:00
ADS-000720,ACCT-000168,B0019,0.0,2026-07-15T21:28:51+00:00
ADS-000721,ACCT-000169,B0019,0.0,2026-07-15T21:28:51+00:00
ADS-000722,ACCT-000170,B0019,-4.55,2026-07-15T21:28:51+00:00
ADS-000723,ACCT-000144,B0020,0.0,2026-07-15T22:30:17+00:00
ADS-000724,ACCT-000117,B0020,9.9,2026-07-15T22:30:17+00:00
ADS-000725,ACCT-000126,B0020,0.0,2026-07-15T22:30:17+00:00
ADS-000726,ACCT-000085,B0020,33.84,2026-07-15T22:30:17+00:00
ADS-000727,ACCT-000122,B0020,-39.24,2026-07-15T22:30:17+00:00
ADS-000728,ACCT-000100,B0020,2.04,2026-07-15T22:30:17+00:00
ADS-000729,ACCT-000150,B0020,26.48,2026-07-15T22:30:17+00:00
ADS-000730,ACCT-000140,B0020,-63.07,2026-07-15T22:30:17+00:00
ADS-000731,ACCT-000131,B0020,45.27,2026-07-15T22:30:17+00:00
ADS-000732,ACCT-000095,B0020,-27.38,2026-07-15T22:30:17+00:00
ADS-000733,ACCT-000111,B0020,-6.98,2026-07-15T22:30:17+00:00
ADS-000734,ACCT-000129,B0020,33.81,2026-07-15T22:30:17+00:00
ADS-000735,ACCT-000136,B0020,-11.15,2026-07-15T22:30:17+00:00
ADS-000736,ACCT-000161,B0020,0.0,2026-07-15T22:30:17+00:00
ADS-000737,ACCT-000028,B0020,93.82,2026-07-15T22:30:17+00:00
ADS-000738,ACCT-000054,B0020,-29.94,2026-07-15T22:30:17+00:00
ADS-000739,ACCT-000079,B0020,39.59,2026-07-15T22:30:17+00:00
ADS-000740,ACCT-000046,B0020,0.0,2026-07-15T22:30:17+00:00
ADS-000741,ACCT-000070,B0020,-15.74,2026-07-15T22:30:17+00:00
ADS-000742,ACCT-000011,B0020,0.0,2026-07-15T22:30:17+00:00
ADS-000743,ACCT-000081,B0020,-11.29,2026-07-15T22:30:17+00:00
ADS-000744,ACCT-000169,B0020,0.0,2026-07-15T22:30:17+00:00
ADS-000745,ACCT-000088,B0020,45.03,2026-07-15T22:30:17+00:00
ADS-000746,ACCT-000005,B0020,30.68,2026-07-15T22:30:17+00:00
ADS-000747,ACCT-000066,B0020,-10.87,2026-07-15T22:30:17+00:00
ADS-000748,ACCT-000059,B0020,-67.69,2026-07-15T22:30:17+00:00
ADS-000749,ACCT-000134,B0020,-69.7,2026-07-15T22:30:17+00:00
ADS-000750,ACCT-000171,B0020,0.0,2026-07-15T22:30:17+00:00
ADS-000751,ACCT-000172,B0020,0.0,2026-07-15T22:30:17+00:00
ADS-000752,ACCT-000173,B0020,0.0,2026-07-15T22:30:17+00:00
ADS-000753,ACCT-000136,B0021,0.0,2026-07-15T23:31:36+00:00
ADS-000754,ACCT-000024,B0021,-30.7,2026-07-15T23:31:36+00:00
ADS-000755,ACCT-000116,B0021,-28.01,2026-07-15T23:31:36+00:00
ADS-000756,ACCT-000069,B0021,47.6,2026-07-15T23:31:36+00:00
ADS-000757,ACCT-000015,B0021,-46.43,2026-07-15T23:31:36+00:00
ADS-000758,ACCT-000092,B0021,0.0,2026-07-15T23:31:36+00:00
ADS-000759,ACCT-000042,B0021,-35.28,2026-07-15T23:31:36+00:00
ADS-000760,ACCT-000158,B0021,0.0,2026-07-15T23:31:36+00:00
ADS-000761,ACCT-000081,B0021,35.42,2026-07-15T23:31:36+00:00
ADS-000762,ACCT-000052,B0021,-26.51,2026-07-15T23:31:36+00:00
ADS-000763,ACCT-000153,B0021,-37.36,2026-07-15T23:31:36+00:00
ADS-000764,ACCT-000045,B0021,5.92,2026-07-15T23:31:36+00:00
ADS-000765,ACCT-000149,B0021,0.0,2026-07-15T23:31:36+00:00
ADS-000766,ACCT-000072,B0021,-0.57,2026-07-15T23:31:36+00:00
ADS-000767,ACCT-000138,B0021,0.0,2026-07-15T23:31:36+00:00
ADS-000768,ACCT-000103,B0021,34.9,2026-07-15T23:31:36+00:00
ADS-000769,ACCT-000096,B0021,29.49,2026-07-15T23:31:36+00:00
ADS-000770,ACCT-000157,B0021,0.0,2026-07-15T23:31:36+00:00
ADS-000771,ACCT-000019,B0021,54.5,2026-07-15T23:31:36+00:00
ADS-000772,ACCT-000139,B0021,0.0,2026-07-15T23:31:36+00:00
ADS-000773,ACCT-000086,B0021,-25.05,2026-07-15T23:31:36+00:00
ADS-000774,ACCT-000172,B0021,44.05,2026-07-15T23:31:36+00:00
ADS-000775,ACCT-000141,B0021,2.2,2026-07-15T23:31:36+00:00
ADS-000776,ACCT-000131,B0021,38.96,2026-07-15T23:31:36+00:00
ADS-000777,ACCT-000028,B0021,-48.26,2026-07-15T23:31:36+00:00
ADS-000778,ACCT-000135,B0021,0.0,2026-07-15T23:31:36+00:00
ADS-000779,ACCT-000108,B0021,57.99,2026-07-15T23:31:36+00:00
ADS-000780,ACCT-000082,B0021,4.76,2026-07-15T23:31:36+00:00
ADS-000781,ACCT-000167,B0021,0.0,2026-07-15T23:31:36+00:00
ADS-000782,ACCT-000093,B0021,85.67,2026-07-15T23:31:36+00:00
ADS-000783,ACCT-000030,B0021,-28.32,2026-07-15T23:31:36+00:00
ADS-000784,ACCT-000097,B0021,-41.97,2026-07-15T23:31:36+00:00
ADS-000785,ACCT-000174,B0021,8.97,2026-07-15T23:31:36+00:00
ADS-000786,ACCT-000175,B0021,41.42,2026-07-15T23:31:36+00:00
ADS-000787,ACCT-000176,B0021,0.0,2026-07-15T23:31:36+00:00
ADS-000788,ACCT-000177,B0021,0.0,2026-07-15T23:31:36+00:00
ADS-000789,ACCT-000084,B0022,21.7,2026-07-16T01:51:46+00:00
ADS-000790,ACCT-000014,B0022,-47.13,2026-07-16T01:51:46+00:00
ADS-000791,ACCT-000082,B0022,0.0,2026-07-16T01:51:46+00:00
ADS-000792,ACCT-000090,B0022,-59.3,2026-07-16T01:51:46+00:00
ADS-000793,ACCT-000112,B0022,36.95,2026-07-16T01:51:46+00:00
ADS-000794,ACCT-000063,B0022,0.0,2026-07-16T01:51:46+00:00
ADS-000795,ACCT-000088,B0022,34.3,2026-07-16T01:51:46+00:00
ADS-000796,ACCT-000108,B0022,-11.56,2026-07-16T01:51:46+00:00
ADS-000797,ACCT-000007,B0022,-23.41,2026-07-16T01:51:46+00:00
ADS-000798,ACCT-000172,B0022,-45.39,2026-07-16T01:51:46+00:00
ADS-000799,ACCT-000025,B0022,-14.13,2026-07-16T01:51:46+00:00
ADS-000800,ACCT-000174,B0022,0.0,2026-07-16T01:51:46+00:00
ADS-000801,ACCT-000104,B0022,-32.7,2026-07-16T01:51:46+00:00
ADS-000802,ACCT-000057,B0022,43.47,2026-07-16T01:51:46+00:00
ADS-000803,ACCT-000089,B0022,-11.3,2026-07-16T01:51:46+00:00
ADS-000804,ACCT-000137,B0022,5.98,2026-07-16T01:51:46+00:00
ADS-000805,ACCT-000154,B0022,10.43,2026-07-16T01:51:46+00:00
ADS-000806,ACCT-000148,B0022,-15.75,2026-07-16T01:51:46+00:00
ADS-000807,ACCT-000114,B0022,38.7,2026-07-16T01:51:46+00:00
ADS-000808,ACCT-000150,B0022,0.0,2026-07-16T01:51:46+00:00
ADS-000809,ACCT-000044,B0022,0.0,2026-07-16T01:51:46+00:00
ADS-000810,ACCT-000053,B0022,0.0,2026-07-16T01:51:46+00:00
ADS-000811,ACCT-000036,B0022,0.0,2026-07-16T01:51:46+00:00
ADS-000812,ACCT-000103,B0022,-23.67,2026-07-16T01:51:46+00:00
ADS-000813,ACCT-000070,B0022,-26.97,2026-07-16T01:51:46+00:00
ADS-000814,ACCT-000165,B0022,-41.55,2026-07-16T01:51:46+00:00
ADS-000815,ACCT-000178,B0022,2.44,2026-07-16T01:51:46+00:00
ADS-000816,ACCT-000179,B0022,29.81,2026-07-16T01:51:46+00:00
ADS-000817,ACCT-000132,B0023,-62.53,2026-07-16T04:53:53+00:00
ADS-000818,ACCT-000088,B0023,0.0,2026-07-16T04:53:53+00:00
ADS-000819,ACCT-000123,B0023,0.0,2026-07-16T04:53:53+00:00
ADS-000820,ACCT-000148,B0023,0.0,2026-07-16T04:53:53+00:00
ADS-000821,ACCT-000130,B0023,-19.64,2026-07-16T04:53:53+00:00
ADS-000822,ACCT-000104,B0023,-67.24,2026-07-16T04:53:53+00:00
ADS-000823,ACCT-000089,B0023,0.0,2026-07-16T04:53:53+00:00
ADS-000824,ACCT-000169,B0023,-47.56,2026-07-16T04:53:53+00:00
ADS-000825,ACCT-000048,B0023,20.01,2026-07-16T04:53:53+00:00
ADS-000826,ACCT-000155,B0023,-25.49,2026-07-16T04:53:53+00:00
ADS-000827,ACCT-000056,B0023,-18.22,2026-07-16T04:53:53+00:00
ADS-000828,ACCT-000081,B0023,-3.74,2026-07-16T04:53:53+00:00
ADS-000829,ACCT-000174,B0023,4.98,2026-07-16T04:53:53+00:00
ADS-000830,ACCT-000153,B0023,-42.79,2026-07-16T04:53:53+00:00
ADS-000831,ACCT-000058,B0023,67.51,2026-07-16T04:53:53+00:00
ADS-000832,ACCT-000063,B0023,-30.39,2026-07-16T04:53:53+00:00
ADS-000833,ACCT-000145,B0023,0.0,2026-07-16T04:53:53+00:00
ADS-000834,ACCT-000037,B0023,0.0,2026-07-16T04:53:53+00:00
ADS-000835,ACCT-000075,B0023,0.0,2026-07-16T04:53:53+00:00
ADS-000836,ACCT-000114,B0023,8.11,2026-07-16T04:53:53+00:00
ADS-000837,ACCT-000044,B0023,3.78,2026-07-16T04:53:53+00:00
ADS-000838,ACCT-000022,B0023,-55.95,2026-07-16T04:53:53+00:00
ADS-000839,ACCT-000156,B0023,-22.86,2026-07-16T04:53:53+00:00
ADS-000840,ACCT-000033,B0023,8.05,2026-07-16T04:53:53+00:00
ADS-000841,ACCT-000036,B0023,9.5,2026-07-16T04:53:53+00:00
ADS-000842,ACCT-000074,B0023,35.25,2026-07-16T04:53:53+00:00
ADS-000843,ACCT-000147,B0023,39.32,2026-07-16T04:53:53+00:00
ADS-000844,ACCT-000070,B0023,-48.16,2026-07-16T04:53:53+00:00
ADS-000845,ACCT-000115,B0023,0.0,2026-07-16T04:53:53+00:00
ADS-000846,ACCT-000136,B0023,-20.45,2026-07-16T04:53:53+00:00
ADS-000847,ACCT-000078,B0023,0.0,2026-07-16T04:53:53+00:00
ADS-000848,ACCT-000042,B0023,-68.06,2026-07-16T04:53:53+00:00
ADS-000849,ACCT-000030,B0023,0.0,2026-07-16T04:53:53+00:00
ADS-000850,ACCT-000034,B0023,0.0,2026-07-16T04:53:53+00:00
ADS-000851,ACCT-000062,B0023,0.0,2026-07-16T04:53:53+00:00
ADS-000852,ACCT-000180,B0023,6.04,2026-07-16T04:53:53+00:00
ADS-000853,ACCT-000181,B0023,0.0,2026-07-16T04:53:53+00:00
ADS-000854,ACCT-000182,B0023,0.0,2026-07-16T04:53:53+00:00
ADS-000855,ACCT-000039,B0024,-11.97,2026-07-16T07:18:19+00:00
ADS-000856,ACCT-000008,B0024,0.0,2026-07-16T07:18:19+00:00
ADS-000857,ACCT-000059,B0024,0.0,2026-07-16T07:18:19+00:00
ADS-000858,ACCT-000076,B0024,0.0,2026-07-16T07:18:19+00:00
ADS-000859,ACCT-000171,B0024,3.11,2026-07-16T07:18:19+00:00
ADS-000860,ACCT-000106,B0024,32.0,2026-07-16T07:18:19+00:00
ADS-000861,ACCT-000069,B0024,-22.6,2026-07-16T07:18:19+00:00
ADS-000862,ACCT-000057,B0024,42.8,2026-07-16T07:18:19+00:00
ADS-000863,ACCT-000001,B0024,27.94,2026-07-16T07:18:19+00:00
ADS-000864,ACCT-000074,B0024,-27.21,2026-07-16T07:18:19+00:00
ADS-000865,ACCT-000172,B0024,40.76,2026-07-16T07:18:19+00:00
ADS-000866,ACCT-000150,B0024,0.0,2026-07-16T07:18:19+00:00
ADS-000867,ACCT-000174,B0024,-2.94,2026-07-16T07:18:19+00:00
ADS-000868,ACCT-000142,B0024,29.75,2026-07-16T07:18:19+00:00
ADS-000869,ACCT-000011,B0024,0.0,2026-07-16T07:18:19+00:00
ADS-000870,ACCT-000181,B0024,-13.31,2026-07-16T07:18:19+00:00
ADS-000871,ACCT-000093,B0024,-33.38,2026-07-16T07:18:19+00:00
ADS-000872,ACCT-000079,B0024,4.59,2026-07-16T07:18:19+00:00
ADS-000873,ACCT-000062,B0024,-7.63,2026-07-16T07:18:19+00:00
ADS-000874,ACCT-000135,B0024,-8.84,2026-07-16T07:18:19+00:00
ADS-000875,ACCT-000089,B0024,-1.67,2026-07-16T07:18:19+00:00
ADS-000876,ACCT-000081,B0024,0.0,2026-07-16T07:18:19+00:00
ADS-000877,ACCT-000010,B0024,-33.12,2026-07-16T07:18:19+00:00
ADS-000878,ACCT-000180,B0024,14.19,2026-07-16T07:18:19+00:00
ADS-000879,ACCT-000163,B0024,-9.85,2026-07-16T07:18:19+00:00
ADS-000880,ACCT-000023,B0024,-76.28,2026-07-16T07:18:19+00:00
ADS-000881,ACCT-000121,B0024,-87.92,2026-07-16T07:18:19+00:00
ADS-000882,ACCT-000085,B0024,-38.17,2026-07-16T07:18:19+00:00
ADS-000883,ACCT-000183,B0024,-53.54,2026-07-16T07:18:19+00:00
ADS-000884,ACCT-000184,B0024,0.0,2026-07-16T07:18:19+00:00
ADS-000885,ACCT-000150,B0025,-41.57,2026-07-16T09:34:14+00:00
ADS-000886,ACCT-000066,B0025,-19.37,2026-07-16T09:34:14+00:00
ADS-000887,ACCT-000038,B0025,31.74,2026-07-16T09:34:14+00:00
ADS-000888,ACCT-000171,B0025,0.0,2026-07-16T09:34:14+00:00
ADS-000889,ACCT-000159,B0025,0.0,2026-07-16T09:34:14+00:00
ADS-000890,ACCT-000092,B0025,-2.75,2026-07-16T09:34:14+00:00
ADS-000891,ACCT-000162,B0025,32.69,2026-07-16T09:34:14+00:00
ADS-000892,ACCT-000121,B0025,19.71,2026-07-16T09:34:14+00:00
ADS-000893,ACCT-000049,B0025,16.9,2026-07-16T09:34:14+00:00
ADS-000894,ACCT-000018,B0025,7.62,2026-07-16T09:34:14+00:00
ADS-000895,ACCT-000026,B0025,0.0,2026-07-16T09:34:14+00:00
ADS-000896,ACCT-000115,B0025,0.0,2026-07-16T09:34:14+00:00
ADS-000897,ACCT-000119,B0025,0.0,2026-07-16T09:34:14+00:00
ADS-000898,ACCT-000005,B0025,0.0,2026-07-16T09:34:14+00:00
ADS-000899,ACCT-000006,B0025,-47.3,2026-07-16T09:34:14+00:00
ADS-000900,ACCT-000098,B0025,38.04,2026-07-16T09:34:14+00:00
ADS-000901,ACCT-000023,B0025,15.99,2026-07-16T09:34:14+00:00
ADS-000902,ACCT-000140,B0025,0.0,2026-07-16T09:34:14+00:00
ADS-000903,ACCT-000078,B0025,69.65,2026-07-16T09:34:14+00:00
ADS-000904,ACCT-000093,B0025,0.0,2026-07-16T09:34:14+00:00
ADS-000905,ACCT-000129,B0025,4.46,2026-07-16T09:34:14+00:00
ADS-000906,ACCT-000142,B0025,-25.4,2026-07-16T09:34:14+00:00
ADS-000907,ACCT-000114,B0025,0.0,2026-07-16T09:34:14+00:00
ADS-000908,ACCT-000165,B0025,-48.85,2026-07-16T09:34:14+00:00
ADS-000909,ACCT-000022,B0025,10.0,2026-07-16T09:34:14+00:00
ADS-000910,ACCT-000036,B0025,37.94,2026-07-16T09:34:14+00:00
ADS-000911,ACCT-000071,B0025,-11.49,2026-07-16T09:34:14+00:00
ADS-000912,ACCT-000185,B0025,27.04,2026-07-16T09:34:14+00:00
ADS-000913,ACCT-000186,B0025,5.48,2026-07-16T09:34:14+00:00
ADS-000914,ACCT-000187,B0025,12.97,2026-07-16T09:34:14+00:00
ADS-000915,ACCT-000188,B0025,-15.53,2026-07-16T09:34:14+00:00
ADS-000916,ACCT-000093,B0026,-23.48,2026-07-16T11:28:07+00:00
ADS-000917,ACCT-000187,B0026,-58.53,2026-07-16T11:28:07+00:00
ADS-000918,ACCT-000149,B0026,6.87,2026-07-16T11:28:07+00:00
ADS-000919,ACCT-000026,B0026,29.57,2026-07-16T11:28:07+00:00
ADS-000920,ACCT-000062,B0026,78.21,2026-07-16T11:28:07+00:00
ADS-000921,ACCT-000101,B0026,-9.79,2026-07-16T11:28:07+00:00
ADS-000922,ACCT-000177,B0026,-80.47,2026-07-16T11:28:07+00:00
ADS-000923,ACCT-000169,B0026,-1.31,2026-07-16T11:28:07+00:00
ADS-000924,ACCT-000100,B0026,-16.61,2026-07-16T11:28:07+00:00
ADS-000925,ACCT-000025,B0026,12.98,2026-07-16T11:28:07+00:00
ADS-000926,ACCT-000051,B0026,-34.46,2026-07-16T11:28:07+00:00
ADS-000927,ACCT-000011,B0026,-14.51,2026-07-16T11:28:07+00:00
ADS-000928,ACCT-000076,B0026,42.51,2026-07-16T11:28:07+00:00
ADS-000929,ACCT-000027,B0026,27.63,2026-07-16T11:28:07+00:00
ADS-000930,ACCT-000006,B0026,0.0,2026-07-16T11:28:07+00:00
ADS-000931,ACCT-000145,B0026,9.98,2026-07-16T11:28:07+00:00
ADS-000932,ACCT-000135,B0026,-68.44,2026-07-16T11:28:07+00:00
ADS-000933,ACCT-000120,B0026,0.0,2026-07-16T11:28:07+00:00
ADS-000934,ACCT-000113,B0026,-11.41,2026-07-16T11:28:07+00:00
ADS-000935,ACCT-000116,B0026,0.0,2026-07-16T11:28:07+00:00
ADS-000936,ACCT-000042,B0026,-46.37,2026-07-16T11:28:07+00:00
ADS-000937,ACCT-000058,B0026,-42.14,2026-07-16T11:28:07+00:00
ADS-000938,ACCT-000008,B0026,0.0,2026-07-16T11:28:07+00:00
ADS-000939,ACCT-000005,B0026,3.08,2026-07-16T11:28:07+00:00
ADS-000940,ACCT-000154,B0026,-73.02,2026-07-16T11:28:07+00:00
ADS-000941,ACCT-000146,B0026,38.52,2026-07-16T11:28:07+00:00
ADS-000942,ACCT-000168,B0026,29.77,2026-07-16T11:28:07+00:00
ADS-000943,ACCT-000105,B0026,0.0,2026-07-16T11:28:07+00:00
ADS-000944,ACCT-000044,B0026,0.0,2026-07-16T11:28:07+00:00
ADS-000945,ACCT-000160,B0026,64.96,2026-07-16T11:28:07+00:00
ADS-000946,ACCT-000018,B0026,5.4,2026-07-16T11:28:07+00:00
ADS-000947,ACCT-000181,B0026,64.36,2026-07-16T11:28:07+00:00
ADS-000948,ACCT-000030,B0026,-35.61,2026-07-16T11:28:07+00:00
ADS-000949,ACCT-000077,B0026,-6.73,2026-07-16T11:28:07+00:00
ADS-000950,ACCT-000152,B0026,-35.57,2026-07-16T11:28:07+00:00
ADS-000951,ACCT-000189,B0026,-19.92,2026-07-16T11:28:07+00:00
ADS-000952,ACCT-000190,B0026,-33.04,2026-07-16T11:28:07+00:00
ADS-000953,ACCT-000191,B0026,38.13,2026-07-16T11:28:07+00:00
ADS-000954,ACCT-000192,B0026,-11.25,2026-07-16T11:28:07+00:00
ADS-000955,ACCT-000127,B0027,0.0,2026-07-16T12:59:56+00:00
ADS-000956,ACCT-000166,B0027,57.25,2026-07-16T12:59:56+00:00
ADS-000957,ACCT-000129,B0027,11.5,2026-07-16T12:59:56+00:00
ADS-000958,ACCT-000157,B0027,23.22,2026-07-16T12:59:56+00:00
ADS-000959,ACCT-000035,B0027,0.0,2026-07-16T12:59:56+00:00
ADS-000960,ACCT-000135,B0027,32.27,2026-07-16T12:59:56+00:00
ADS-000961,ACCT-000132,B0027,-14.4,2026-07-16T12:59:56+00:00
ADS-000962,ACCT-000023,B0027,0.0,2026-07-16T12:59:56+00:00
ADS-000963,ACCT-000159,B0027,-7.83,2026-07-16T12:59:56+00:00
ADS-000964,ACCT-000179,B0027,36.96,2026-07-16T12:59:56+00:00
ADS-000965,ACCT-000024,B0027,-40.95,2026-07-16T12:59:56+00:00
ADS-000966,ACCT-000094,B0027,0.0,2026-07-16T12:59:56+00:00
ADS-000967,ACCT-000188,B0027,-62.88,2026-07-16T12:59:56+00:00
ADS-000968,ACCT-000040,B0027,0.0,2026-07-16T12:59:56+00:00
ADS-000969,ACCT-000078,B0027,43.65,2026-07-16T12:59:56+00:00
ADS-000970,ACCT-000176,B0027,-16.3,2026-07-16T12:59:56+00:00
ADS-000971,ACCT-000062,B0027,0.0,2026-07-16T12:59:56+00:00
ADS-000972,ACCT-000190,B0027,0.0,2026-07-16T12:59:56+00:00
ADS-000973,ACCT-000154,B0027,7.01,2026-07-16T12:59:56+00:00
ADS-000974,ACCT-000022,B0027,12.42,2026-07-16T12:59:56+00:00
ADS-000975,ACCT-000009,B0027,0.0,2026-07-16T12:59:56+00:00
ADS-000976,ACCT-000161,B0027,0.0,2026-07-16T12:59:56+00:00
ADS-000977,ACCT-000111,B0027,-8.41,2026-07-16T12:59:56+00:00
ADS-000978,ACCT-000155,B0027,0.0,2026-07-16T12:59:56+00:00
ADS-000979,ACCT-000102,B0027,-23.51,2026-07-16T12:59:56+00:00
ADS-000980,ACCT-000165,B0027,0.0,2026-07-16T12:59:56+00:00
ADS-000981,ACCT-000193,B0027,19.65,2026-07-16T12:59:56+00:00
ADS-000982,ACCT-000194,B0027,-41.97,2026-07-16T12:59:56+00:00
ADS-000983,ACCT-000166,B0028,-40.63,2026-07-16T15:05:52+00:00
ADS-000984,ACCT-000005,B0028,0.0,2026-07-16T15:05:52+00:00
ADS-000985,ACCT-000059,B0028,-41.07,2026-07-16T15:05:52+00:00
ADS-000986,ACCT-000080,B0028,-2.31,2026-07-16T15:05:52+00:00
ADS-000987,ACCT-000052,B0028,0.0,2026-07-16T15:05:52+00:00
ADS-000988,ACCT-000097,B0028,40.4,2026-07-16T15:05:52+00:00
ADS-000989,ACCT-000101,B0028,-27.54,2026-07-16T15:05:52+00:00
ADS-000990,ACCT-000084,B0028,-36.24,2026-07-16T15:05:52+00:00
ADS-000991,ACCT-000098,B0028,0.0,2026-07-16T15:05:52+00:00
ADS-000992,ACCT-000008,B0028,-45.28,2026-07-16T15:05:52+00:00
ADS-000993,ACCT-000119,B0028,7.97,2026-07-16T15:05:52+00:00
ADS-000994,ACCT-000071,B0028,0.0,2026-07-16T15:05:52+00:00
ADS-000995,ACCT-000163,B0028,-85.6,2026-07-16T15:05:52+00:00
ADS-000996,ACCT-000120,B0028,28.21,2026-07-16T15:05:52+00:00
ADS-000997,ACCT-000141,B0028,0.0,2026-07-16T15:05:52+00:00
ADS-000998,ACCT-000019,B0028,-34.28,2026-07-16T15:05:52+00:00
ADS-000999,ACCT-000159,B0028,26.62,2026-07-16T15:05:52+00:00
ADS-001000,ACCT-000142,B0028,24.4,2026-07-16T15:05:52+00:00
ADS-001001,ACCT-000127,B0028,-14.95,2026-07-16T15:05:52+00:00
ADS-001002,ACCT-000061,B0028,-76.62,2026-07-16T15:05:52+00:00
ADS-001003,ACCT-000125,B0028,0.0,2026-07-16T15:05:52+00:00
ADS-001004,ACCT-000132,B0028,-12.16,2026-07-16T15:05:52+00:00
ADS-001005,ACCT-000038,B0028,-24.04,2026-07-16T15:05:52+00:00
ADS-001006,ACCT-000100,B0028,-9.56,2026-07-16T15:05:52+00:00
ADS-001007,ACCT-000007,B0028,0.0,2026-07-16T15:05:52+00:00
ADS-001008,ACCT-000093,B0028,0.0,2026-07-16T15:05:52+00:00
ADS-001009,ACCT-000195,B0028,0.0,2026-07-16T15:05:52+00:00
ADS-001010,ACCT-000196,B0028,-9.33,2026-07-16T15:05:52+00:00
ADS-001011,ACCT-000197,B0028,-46.29,2026-07-16T15:05:52+00:00
ADS-001012,ACCT-000096,B0029,0.0,2026-07-16T16:47:43+00:00
ADS-001013,ACCT-000012,B0029,31.94,2026-07-16T16:47:43+00:00
ADS-001014,ACCT-000026,B0029,0.0,2026-07-16T16:47:43+00:00
ADS-001015,ACCT-000187,B0029,0.0,2026-07-16T16:47:43+00:00
ADS-001016,ACCT-000017,B0029,0.0,2026-07-16T16:47:43+00:00
ADS-001017,ACCT-000114,B0029,-6.5,2026-07-16T16:47:43+00:00
ADS-001018,ACCT-000032,B0029,1.79,2026-07-16T16:47:43+00:00
ADS-001019,ACCT-000103,B0029,-35.34,2026-07-16T16:47:43+00:00
ADS-001020,ACCT-000064,B0029,0.0,2026-07-16T16:47:43+00:00
ADS-001021,ACCT-000056,B0029,0.0,2026-07-16T16:47:43+00:00
ADS-001022,ACCT-000022,B0029,-83.41,2026-07-16T16:47:43+00:00
ADS-001023,ACCT-000003,B0029,35.78,2026-07-16T16:47:43+00:00
ADS-001024,ACCT-000009,B0029,-14.83,2026-07-16T16:47:43+00:00
ADS-001025,ACCT-000011,B0029,3.41,2026-07-16T16:47:43+00:00
ADS-001026,ACCT-000112,B0029,46.66,2026-07-16T16:47:43+00:00
ADS-001027,ACCT-000070,B0029,40.57,2026-07-16T16:47:43+00:00
ADS-001028,ACCT-000188,B0029,53.27,2026-07-16T16:47:43+00:00
ADS-001029,ACCT-000153,B0029,-7.82,2026-07-16T16:47:43+00:00
ADS-001030,ACCT-000110,B0029,-27.59,2026-07-16T16:47:43+00:00
ADS-001031,ACCT-000057,B0029,0.0,2026-07-16T16:47:43+00:00
ADS-001032,ACCT-000041,B0029,-1.99,2026-07-16T16:47:43+00:00
ADS-001033,ACCT-000172,B0029,-4.99,2026-07-16T16:47:43+00:00
ADS-001034,ACCT-000007,B0029,4.11,2026-07-16T16:47:43+00:00
ADS-001035,ACCT-000048,B0029,36.29,2026-07-16T16:47:43+00:00
ADS-001036,ACCT-000118,B0029,2.88,2026-07-16T16:47:43+00:00
ADS-001037,ACCT-000174,B0029,0.0,2026-07-16T16:47:43+00:00
ADS-001038,ACCT-000001,B0029,0.0,2026-07-16T16:47:43+00:00
ADS-001039,ACCT-000051,B0029,0.0,2026-07-16T16:47:43+00:00
ADS-001040,ACCT-000094,B0029,0.0,2026-07-16T16:47:43+00:00
ADS-001041,ACCT-000198,B0029,8.23,2026-07-16T16:47:43+00:00
ADS-001042,ACCT-000199,B0029,-17.31,2026-07-16T16:47:43+00:00
ADS-001043,ACCT-000200,B0029,34.0,2026-07-16T16:47:43+00:00
ADS-001044,ACCT-000154,B0030,0.0,2026-07-16T17:59:28+00:00
ADS-001045,ACCT-000188,B0030,-1.01,2026-07-16T17:59:28+00:00
ADS-001046,ACCT-000165,B0030,21.82,2026-07-16T17:59:28+00:00
ADS-001047,ACCT-000150,B0030,28.32,2026-07-16T17:59:28+00:00
ADS-001048,ACCT-000172,B0030,-59.04,2026-07-16T17:59:28+00:00
ADS-001049,ACCT-000115,B0030,-77.34,2026-07-16T17:59:28+00:00
ADS-001050,ACCT-000094,B0030,-55.36,2026-07-16T17:59:28+00:00
ADS-001051,ACCT-000148,B0030,0.0,2026-07-16T17:59:28+00:00
ADS-001052,ACCT-000002,B0030,47.34,2026-07-16T17:59:28+00:00
ADS-001053,ACCT-000164,B0030,-3.35,2026-07-16T17:59:28+00:00
ADS-001054,ACCT-000040,B0030,-13.73,2026-07-16T17:59:28+00:00
ADS-001055,ACCT-000072,B0030,-22.94,2026-07-16T17:59:28+00:00
ADS-001056,ACCT-000136,B0030,-14.44,2026-07-16T17:59:28+00:00
ADS-001057,ACCT-000166,B0030,7.78,2026-07-16T17:59:28+00:00
ADS-001058,ACCT-000088,B0030,6.09,2026-07-16T17:59:28+00:00
ADS-001059,ACCT-000047,B0030,0.0,2026-07-16T17:59:28+00:00
ADS-001060,ACCT-000162,B0030,0.0,2026-07-16T17:59:28+00:00
ADS-001061,ACCT-000098,B0030,19.93,2026-07-16T17:59:28+00:00
ADS-001062,ACCT-000178,B0030,-22.06,2026-07-16T17:59:28+00:00
ADS-001063,ACCT-000125,B0030,-33.9,2026-07-16T17:59:28+00:00
ADS-001064,ACCT-000041,B0030,-6.41,2026-07-16T17:59:28+00:00
ADS-001065,ACCT-000096,B0030,11.99,2026-07-16T17:59:28+00:00
ADS-001066,ACCT-000122,B0030,0.57,2026-07-16T17:59:28+00:00
ADS-001067,ACCT-000132,B0030,0.0,2026-07-16T17:59:28+00:00
ADS-001068,ACCT-000140,B0030,0.0,2026-07-16T17:59:28+00:00
ADS-001069,ACCT-000191,B0030,0.0,2026-07-16T17:59:28+00:00
ADS-001070,ACCT-000181,B0030,-57.16,2026-07-16T17:59:28+00:00
ADS-001071,ACCT-000159,B0030,-29.05,2026-07-16T17:59:28+00:00
ADS-001072,ACCT-000031,B0030,0.0,2026-07-16T17:59:28+00:00
ADS-001073,ACCT-000152,B0030,-21.52,2026-07-16T17:59:28+00:00
ADS-001074,ACCT-000161,B0030,-11.93,2026-07-16T17:59:28+00:00
ADS-001075,ACCT-000201,B0030,0.0,2026-07-16T17:59:28+00:00
ADS-001076,ACCT-000202,B0030,0.0,2026-07-16T17:59:28+00:00
ADS-001077,ACCT-000203,B0030,42.17,2026-07-16T17:59:28+00:00
ADS-001078,ACCT-000056,B0031,0.0,2026-07-16T19:15:28+00:00
ADS-001079,ACCT-000090,B0031,0.0,2026-07-16T19:15:28+00:00
ADS-001080,ACCT-000022,B0031,0.0,2026-07-16T19:15:28+00:00
ADS-001081,ACCT-000053,B0031,0.0,2026-07-16T19:15:28+00:00
ADS-001082,ACCT-000035,B0031,0.0,2026-07-16T19:15:28+00:00
ADS-001083,ACCT-000138,B0031,-37.09,2026-07-16T19:15:28+00:00
ADS-001084,ACCT-000008,B0031,0.0,2026-07-16T19:15:28+00:00
ADS-001085,ACCT-000155,B0031,0.0,2026-07-16T19:15:28+00:00
ADS-001086,ACCT-000067,B0031,0.0,2026-07-16T19:15:28+00:00
ADS-001087,ACCT-000203,B0031,0.0,2026-07-16T19:15:28+00:00
ADS-001088,ACCT-000185,B0031,-14.78,2026-07-16T19:15:28+00:00
ADS-001089,ACCT-000163,B0031,-28.17,2026-07-16T19:15:28+00:00
ADS-001090,ACCT-000064,B0031,67.34,2026-07-16T19:15:28+00:00
ADS-001091,ACCT-000157,B0031,-2.67,2026-07-16T19:15:28+00:00
ADS-001092,ACCT-000145,B0031,5.91,2026-07-16T19:15:28+00:00
ADS-001093,ACCT-000071,B0031,-49.33,2026-07-16T19:15:28+00:00
ADS-001094,ACCT-000154,B0031,16.87,2026-07-16T19:15:28+00:00
ADS-001095,ACCT-000196,B0031,-46.65,2026-07-16T19:15:28+00:00
ADS-001096,ACCT-000122,B0031,76.68,2026-07-16T19:15:28+00:00
ADS-001097,ACCT-000119,B0031,38.47,2026-07-16T19:15:28+00:00
ADS-001098,ACCT-000051,B0031,57.52,2026-07-16T19:15:28+00:00
ADS-001099,ACCT-000171,B0031,-10.68,2026-07-16T19:15:28+00:00
ADS-001100,ACCT-000137,B0031,3.76,2026-07-16T19:15:28+00:00
ADS-001101,ACCT-000181,B0031,0.0,2026-07-16T19:15:28+00:00
ADS-001102,ACCT-000162,B0031,0.0,2026-07-16T19:15:28+00:00
ADS-001103,ACCT-000021,B0031,-59.63,2026-07-16T19:15:28+00:00
ADS-001104,ACCT-000033,B0031,0.0,2026-07-16T19:15:28+00:00
ADS-001105,ACCT-000121,B0031,25.04,2026-07-16T19:15:28+00:00
ADS-001106,ACCT-000095,B0031,6.22,2026-07-16T19:15:28+00:00
ADS-001107,ACCT-000063,B0031,0.0,2026-07-16T19:15:28+00:00
ADS-001108,ACCT-000158,B0031,0.0,2026-07-16T19:15:28+00:00
ADS-001109,ACCT-000204,B0031,40.66,2026-07-16T19:15:28+00:00
ADS-001110,ACCT-000205,B0031,7.22,2026-07-16T19:15:28+00:00
ADS-001111,ACCT-000206,B0031,-4.17,2026-07-16T19:15:28+00:00
ADS-001112,ACCT-000207,B0031,-25.17,2026-07-16T19:15:28+00:00
ADS-001113,ACCT-000014,B0032,4.56,2026-07-16T20:25:14+00:00
ADS-001114,ACCT-000130,B0032,16.29,2026-07-16T20:25:14+00:00
ADS-001115,ACCT-000168,B0032,-80.54,2026-07-16T20:25:14+00:00
ADS-001116,ACCT-000050,B0032,0.0,2026-07-16T20:25:14+00:00
ADS-001117,ACCT-000104,B0032,9.94,2026-07-16T20:25:14+00:00
ADS-001118,ACCT-000058,B0032,-31.85,2026-07-16T20:25:14+00:00
ADS-001119,ACCT-000175,B0032,0.0,2026-07-16T20:25:14+00:00
ADS-001120,ACCT-000195,B0032,-17.46,2026-07-16T20:25:14+00:00
ADS-001121,ACCT-000170,B0032,0.0,2026-07-16T20:25:14+00:00
ADS-001122,ACCT-000206,B0032,-47.47,2026-07-16T20:25:14+00:00
ADS-001123,ACCT-000009,B0032,-51.6,2026-07-16T20:25:14+00:00
ADS-001124,ACCT-000042,B0032,-5.12,2026-07-16T20:25:14+00:00
ADS-001125,ACCT-000076,B0032,0.0,2026-07-16T20:25:14+00:00
ADS-001126,ACCT-000008,B0032,22.41,2026-07-16T20:25:14+00:00
ADS-001127,ACCT-000080,B0032,24.04,2026-07-16T20:25:14+00:00
ADS-001128,ACCT-000127,B0032,0.0,2026-07-16T20:25:14+00:00
ADS-001129,ACCT-000201,B0032,-5.02,2026-07-16T20:25:14+00:00
ADS-001130,ACCT-000128,B0032,0.0,2026-07-16T20:25:14+00:00
ADS-001131,ACCT-000033,B0032,0.0,2026-07-16T20:25:14+00:00
ADS-001132,ACCT-000056,B0032,-7.05,2026-07-16T20:25:14+00:00
ADS-001133,ACCT-000114,B0032,11.35,2026-07-16T20:25:14+00:00
ADS-001134,ACCT-000055,B0032,61.71,2026-07-16T20:25:14+00:00
ADS-001135,ACCT-000066,B0032,-44.03,2026-07-16T20:25:14+00:00
ADS-001136,ACCT-000094,B0032,0.0,2026-07-16T20:25:14+00:00
ADS-001137,ACCT-000005,B0032,21.05,2026-07-16T20:25:14+00:00
ADS-001138,ACCT-000003,B0032,0.0,2026-07-16T20:25:14+00:00
ADS-001139,ACCT-000208,B0032,-3.05,2026-07-16T20:25:14+00:00
ADS-001140,ACCT-000209,B0032,-12.97,2026-07-16T20:25:14+00:00
ADS-001141,ACCT-000110,B0033,-69.37,2026-07-16T21:31:03+00:00
ADS-001142,ACCT-000127,B0033,-31.83,2026-07-16T21:31:03+00:00
ADS-001143,ACCT-000063,B0033,0.0,2026-07-16T21:31:03+00:00
ADS-001144,ACCT-000051,B0033,5.72,2026-07-16T21:31:03+00:00
ADS-001145,ACCT-000030,B0033,-23.66,2026-07-16T21:31:03+00:00
ADS-001146,ACCT-000201,B0033,0.0,2026-07-16T21:31:03+00:00
ADS-001147,ACCT-000089,B0033,-41.95,2026-07-16T21:31:03+00:00
ADS-001148,ACCT-000050,B0033,0.0,2026-07-16T21:31:03+00:00
ADS-001149,ACCT-000049,B0033,0.0,2026-07-16T21:31:03+00:00
ADS-001150,ACCT-000035,B0033,0.77,2026-07-16T21:31:03+00:00
ADS-001151,ACCT-000093,B0033,-14.02,2026-07-16T21:31:03+00:00
ADS-001152,ACCT-000010,B0033,27.34,2026-07-16T21:31:03+00:00
ADS-001153,ACCT-000017,B0033,0.0,2026-07-16T21:31:03+00:00
ADS-001154,ACCT-000086,B0033,-29.71,2026-07-16T21:31:03+00:00
ADS-001155,ACCT-000163,B0033,-24.64,2026-07-16T21:31:03+00:00
ADS-001156,ACCT-000209,B0033,36.09,2026-07-16T21:31:03+00:00
ADS-001157,ACCT-000078,B0033,-3.48,2026-07-16T21:31:03+00:00
ADS-001158,ACCT-000152,B0033,-15.21,2026-07-16T21:31:03+00:00
ADS-001159,ACCT-000119,B0033,15.06,2026-07-16T21:31:03+00:00
ADS-001160,ACCT-000148,B0033,45.88,2026-07-16T21:31:03+00:00
ADS-001161,ACCT-000129,B0033,0.0,2026-07-16T21:31:03+00:00
ADS-001162,ACCT-000153,B0033,13.08,2026-07-16T21:31:03+00:00
ADS-001163,ACCT-000124,B0033,-13.93,2026-07-16T21:31:03+00:00
ADS-001164,ACCT-000208,B0033,-29.17,2026-07-16T21:31:03+00:00
ADS-001165,ACCT-000143,B0033,-49.13,2026-07-16T21:31:03+00:00
ADS-001166,ACCT-000197,B0033,-19.65,2026-07-16T21:31:03+00:00
ADS-001167,ACCT-000167,B0033,0.0,2026-07-16T21:31:03+00:00
ADS-001168,ACCT-000044,B0033,27.24,2026-07-16T21:31:03+00:00
ADS-001169,ACCT-000084,B0033,0.0,2026-07-16T21:31:03+00:00
ADS-001170,ACCT-000094,B0033,0.0,2026-07-16T21:31:03+00:00
ADS-001171,ACCT-000046,B0033,39.65,2026-07-16T21:31:03+00:00
ADS-001172,ACCT-000210,B0033,0.0,2026-07-16T21:31:03+00:00
ADS-001173,ACCT-000211,B0033,-9.54,2026-07-16T21:31:03+00:00
ADS-001174,ACCT-000212,B0033,-19.15,2026-07-16T21:31:03+00:00
ADS-001175,ACCT-000213,B0033,82.94,2026-07-16T21:31:03+00:00
ADS-001176,ACCT-000149,B0034,5.08,2026-07-16T22:51:41+00:00
ADS-001177,ACCT-000156,B0034,-5.97,2026-07-16T22:51:41+00:00
ADS-001178,ACCT-000159,B0034,0.0,2026-07-16T22:51:41+00:00
ADS-001179,ACCT-000201,B0034,-81.26,2026-07-16T22:51:41+00:00
ADS-001180,ACCT-000206,B0034,-9.2,2026-07-16T22:51:41+00:00
ADS-001181,ACCT-000069,B0034,-39.32,2026-07-16T22:51:41+00:00
ADS-001182,ACCT-000066,B0034,27.24,2026-07-16T22:51:41+00:00
ADS-001183,ACCT-000176,B0034,0.0,2026-07-16T22:51:41+00:00
ADS-001184,ACCT-000162,B0034,-3.77,2026-07-16T22:51:41+00:00
ADS-001185,ACCT-000010,B0034,-41.6,2026-07-16T22:51:41+00:00
ADS-001186,ACCT-000020,B0034,-25.96,2026-07-16T22:51:41+00:00
ADS-001187,ACCT-000059,B0034,0.0,2026-07-16T22:51:41+00:00
ADS-001188,ACCT-000187,B0034,-30.22,2026-07-16T22:51:41+00:00
ADS-001189,ACCT-000074,B0034,-8.46,2026-07-16T22:51:41+00:00
ADS-001190,ACCT-000111,B0034,-14.04,2026-07-16T22:51:41+00:00
ADS-001191,ACCT-000148,B0034,12.07,2026-07-16T22:51:41+00:00
ADS-001192,ACCT-000117,B0034,2.69,2026-07-16T22:51:41+00:00
ADS-001193,ACCT-000184,B0034,10.26,2026-07-16T22:51:41+00:00
ADS-001194,ACCT-000190,B0034,0.0,2026-07-16T22:51:41+00:00
ADS-001195,ACCT-000042,B0034,20.33,2026-07-16T22:51:41+00:00
ADS-001196,ACCT-000046,B0034,-55.64,2026-07-16T22:51:41+00:00
ADS-001197,ACCT-000079,B0034,-66.2,2026-07-16T22:51:41+00:00
ADS-001198,ACCT-000013,B0034,0.0,2026-07-16T22:51:41+00:00
ADS-001199,ACCT-000212,B0034,57.78,2026-07-16T22:51:41+00:00
ADS-001200,ACCT-000092,B0034,-40.33,2026-07-16T22:51:41+00:00
ADS-001201,ACCT-000182,B0034,30.21,2026-07-16T22:51:41+00:00
ADS-001202,ACCT-000086,B0034,34.48,2026-07-16T22:51:41+00:00
ADS-001203,ACCT-000209,B0034,35.21,2026-07-16T22:51:41+00:00
ADS-001204,ACCT-000061,B0034,-23.84,2026-07-16T22:51:41+00:00
ADS-001205,ACCT-000080,B0034,12.55,2026-07-16T22:51:41+00:00
ADS-001206,ACCT-000214,B0034,0.0,2026-07-16T22:51:41+00:00
ADS-001207,ACCT-000215,B0034,-9.24,2026-07-16T22:51:41+00:00
ADS-001208,ACCT-000095,B0035,-2.96,2026-07-16T23:52:31+00:00
ADS-001209,ACCT-000007,B0035,-42.95,2026-07-16T23:52:31+00:00
ADS-001210,ACCT-000043,B0035,-41.03,2026-07-16T23:52:31+00:00
ADS-001211,ACCT-000180,B0035,0.0,2026-07-16T23:52:31+00:00
ADS-001212,ACCT-000166,B0035,0.0,2026-07-16T23:52:31+00:00
ADS-001213,ACCT-000110,B0035,36.53,2026-07-16T23:52:31+00:00
ADS-001214,ACCT-000193,B0035,46.43,2026-07-16T23:52:31+00:00
ADS-001215,ACCT-000190,B0035,0.0,2026-07-16T23:52:31+00:00
ADS-001216,ACCT-000114,B0035,19.14,2026-07-16T23:52:31+00:00
ADS-001217,ACCT-000189,B0035,9.37,2026-07-16T23:52:31+00:00
ADS-001218,ACCT-000142,B0035,-26.38,2026-07-16T23:52:31+00:00
ADS-001219,ACCT-000133,B0035,0.0,2026-07-16T23:52:31+00:00
ADS-001220,ACCT-000104,B0035,-48.57,2026-07-16T23:52:31+00:00
ADS-001221,ACCT-000002,B0035,-19.14,2026-07-16T23:52:31+00:00
ADS-001222,ACCT-000197,B0035,-73.34,2026-07-16T23:52:31+00:00
ADS-001223,ACCT-000090,B0035,0.0,2026-07-16T23:52:31+00:00
ADS-001224,ACCT-000036,B0035,-15.13,2026-07-16T23:52:31+00:00
ADS-001225,ACCT-000199,B0035,40.28,2026-07-16T23:52:31+00:00
ADS-001226,ACCT-000113,B0035,11.52,2026-07-16T23:52:31+00:00
ADS-001227,ACCT-000112,B0035,10.61,2026-07-16T23:52:31+00:00
ADS-001228,ACCT-000179,B0035,0.0,2026-07-16T23:52:31+00:00
ADS-001229,ACCT-000109,B0035,-7.87,2026-07-16T23:52:31+00:00
ADS-001230,ACCT-000047,B0035,0.0,2026-07-16T23:52:31+00:00
ADS-001231,ACCT-000176,B0035,-27.73,2026-07-16T23:52:31+00:00
ADS-001232,ACCT-000102,B0035,4.8,2026-07-16T23:52:31+00:00
ADS-001233,ACCT-000124,B0035,-49.29,2026-07-16T23:52:31+00:00
ADS-001234,ACCT-000086,B0035,-87.9,2026-07-16T23:52:31+00:00
ADS-001235,ACCT-000116,B0035,31.81,2026-07-16T23:52:31+00:00
ADS-001236,ACCT-000137,B0035,0.0,2026-07-16T23:52:31+00:00
ADS-001237,ACCT-000107,B0035,47.43,2026-07-16T23:52:31+00:00
ADS-001238,ACCT-000082,B0035,-17.56,2026-07-16T23:52:31+00:00
ADS-001239,ACCT-000216,B0035,0.0,2026-07-16T23:52:31+00:00
ADS-001240,ACCT-000217,B0035,0.0,2026-07-16T23:52:31+00:00
ADS-001241,ACCT-000097,B0036,24.1,2026-07-17T01:55:24+00:00
ADS-001242,ACCT-000138,B0036,-12.51,2026-07-17T01:55:24+00:00
ADS-001243,ACCT-000216,B0036,-0.49,2026-07-17T01:55:24+00:00
ADS-001244,ACCT-000181,B0036,0.0,2026-07-17T01:55:24+00:00
ADS-001245,ACCT-000092,B0036,0.0,2026-07-17T01:55:24+00:00
ADS-001246,ACCT-000192,B0036,20.89,2026-07-17T01:55:24+00:00
ADS-001247,ACCT-000149,B0036,0.0,2026-07-17T01:55:24+00:00
ADS-001248,ACCT-000189,B0036,37.51,2026-07-17T01:55:24+00:00
ADS-001249,ACCT-000200,B0036,7.71,2026-07-17T01:55:24+00:00
ADS-001250,ACCT-000127,B0036,47.3,2026-07-17T01:55:24+00:00
ADS-001251,ACCT-000183,B0036,24.58,2026-07-17T01:55:24+00:00
ADS-001252,ACCT-000143,B0036,0.0,2026-07-17T01:55:24+00:00
ADS-001253,ACCT-000117,B0036,-89.48,2026-07-17T01:55:24+00:00
ADS-001254,ACCT-000012,B0036,0.0,2026-07-17T01:55:24+00:00
ADS-001255,ACCT-000041,B0036,59.78,2026-07-17T01:55:24+00:00
ADS-001256,ACCT-000196,B0036,-25.22,2026-07-17T01:55:24+00:00
ADS-001257,ACCT-000163,B0036,0.0,2026-07-17T01:55:24+00:00
ADS-001258,ACCT-000031,B0036,-48.58,2026-07-17T01:55:24+00:00
ADS-001259,ACCT-000169,B0036,0.0,2026-07-17T01:55:24+00:00
ADS-001260,ACCT-000159,B0036,0.0,2026-07-17T01:55:24+00:00
ADS-001261,ACCT-000111,B0036,0.0,2026-07-17T01:55:24+00:00
ADS-001262,ACCT-000119,B0036,0.54,2026-07-17T01:55:24+00:00
ADS-001263,ACCT-000151,B0036,-10.82,2026-07-17T01:55:24+00:00
ADS-001264,ACCT-000145,B0036,19.06,2026-07-17T01:55:24+00:00
ADS-001265,ACCT-000168,B0036,9.18,2026-07-17T01:55:24+00:00
ADS-001266,ACCT-000118,B0036,-30.71,2026-07-17T01:55:24+00:00
ADS-001267,ACCT-000218,B0036,-28.3,2026-07-17T01:55:24+00:00
ADS-001268,ACCT-000219,B0036,0.0,2026-07-17T01:55:24+00:00
ADS-001269,ACCT-000220,B0036,-40.41,2026-07-17T01:55:24+00:00
ADS-001270,ACCT-000221,B0036,-2.62,2026-07-17T01:55:24+00:00
ADS-001271,ACCT-000129,B0037,-3.43,2026-07-17T04:57:40+00:00
ADS-001272,ACCT-000031,B0037,22.99,2026-07-17T04:57:40+00:00
ADS-001273,ACCT-000060,B0037,0.0,2026-07-17T04:57:40+00:00
ADS-001274,ACCT-000213,B0037,0.0,2026-07-17T04:57:40+00:00
ADS-001275,ACCT-000218,B0037,-17.22,2026-07-17T04:57:40+00:00
ADS-001276,ACCT-000099,B0037,25.75,2026-07-17T04:57:40+00:00
ADS-001277,ACCT-000199,B0037,28.44,2026-07-17T04:57:40+00:00
ADS-001278,ACCT-000044,B0037,60.99,2026-07-17T04:57:40+00:00
ADS-001279,ACCT-000048,B0037,0.0,2026-07-17T04:57:40+00:00
ADS-001280,ACCT-000017,B0037,-11.58,2026-07-17T04:57:40+00:00
ADS-001281,ACCT-000052,B0037,-14.93,2026-07-17T04:57:40+00:00
ADS-001282,ACCT-000016,B0037,-51.4,2026-07-17T04:57:40+00:00
ADS-001283,ACCT-000108,B0037,30.59,2026-07-17T04:57:40+00:00
ADS-001284,ACCT-000035,B0037,0.0,2026-07-17T04:57:40+00:00
ADS-001285,ACCT-000059,B0037,35.38,2026-07-17T04:57:40+00:00
ADS-001286,ACCT-000138,B0037,-5.22,2026-07-17T04:57:40+00:00
ADS-001287,ACCT-000132,B0037,12.9,2026-07-17T04:57:40+00:00
ADS-001288,ACCT-000196,B0037,32.65,2026-07-17T04:57:40+00:00
ADS-001289,ACCT-000061,B0037,37.82,2026-07-17T04:57:40+00:00
ADS-001290,ACCT-000007,B0037,2.46,2026-07-17T04:57:40+00:00
ADS-001291,ACCT-000080,B0037,-16.03,2026-07-17T04:57:40+00:00
ADS-001292,ACCT-000179,B0037,39.21,2026-07-17T04:57:40+00:00
ADS-001293,ACCT-000103,B0037,13.37,2026-07-17T04:57:40+00:00
ADS-001294,ACCT-000205,B0037,31.42,2026-07-17T04:57:40+00:00
ADS-001295,ACCT-000022,B0037,62.28,2026-07-17T04:57:40+00:00
ADS-001296,ACCT-000133,B0037,0.0,2026-07-17T04:57:40+00:00
ADS-001297,ACCT-000207,B0037,-32.18,2026-07-17T04:57:40+00:00
ADS-001298,ACCT-000206,B0037,-32.07,2026-07-17T04:57:40+00:00
ADS-001299,ACCT-000222,B0037,66.91,2026-07-17T04:57:40+00:00
ADS-001300,ACCT-000223,B0037,0.0,2026-07-17T04:57:40+00:00
ADS-001301,ACCT-000224,B0037,0.0,2026-07-17T04:57:40+00:00
ADS-001302,ACCT-000225,B0037,0.0,2026-07-17T04:57:40+00:00
ADS-001303,ACCT-000200,B0038,16.69,2026-07-17T07:14:41+00:00
ADS-001304,ACCT-000106,B0038,0.0,2026-07-17T07:14:41+00:00
ADS-001305,ACCT-000189,B0038,3.14,2026-07-17T07:14:41+00:00
ADS-001306,ACCT-000172,B0038,43.72,2026-07-17T07:14:41+00:00
ADS-001307,ACCT-000212,B0038,13.48,2026-07-17T07:14:41+00:00
ADS-001308,ACCT-000111,B0038,25.4,2026-07-17T07:14:41+00:00
ADS-001309,ACCT-000088,B0038,-0.06,2026-07-17T07:14:41+00:00
ADS-001310,ACCT-000191,B0038,72.36,2026-07-17T07:14:41+00:00
ADS-001311,ACCT-000177,B0038,30.54,2026-07-17T07:14:41+00:00
ADS-001312,ACCT-000085,B0038,-14.25,2026-07-17T07:14:41+00:00
ADS-001313,ACCT-000083,B0038,0.0,2026-07-17T07:14:41+00:00
ADS-001314,ACCT-000033,B0038,0.0,2026-07-17T07:14:41+00:00
ADS-001315,ACCT-000142,B0038,25.86,2026-07-17T07:14:41+00:00
ADS-001316,ACCT-000063,B0038,41.23,2026-07-17T07:14:41+00:00
ADS-001317,ACCT-000195,B0038,-4.1,2026-07-17T07:14:41+00:00
ADS-001318,ACCT-000070,B0038,-41.33,2026-07-17T07:14:41+00:00
ADS-001319,ACCT-000133,B0038,0.0,2026-07-17T07:14:41+00:00
ADS-001320,ACCT-000107,B0038,4.41,2026-07-17T07:14:41+00:00
ADS-001321,ACCT-000028,B0038,0.0,2026-07-17T07:14:41+00:00
ADS-001322,ACCT-000011,B0038,66.84,2026-07-17T07:14:41+00:00
ADS-001323,ACCT-000171,B0038,0.0,2026-07-17T07:14:41+00:00
ADS-001324,ACCT-000024,B0038,-41.69,2026-07-17T07:14:41+00:00
ADS-001325,ACCT-000160,B0038,10.12,2026-07-17T07:14:41+00:00
ADS-001326,ACCT-000023,B0038,0.0,2026-07-17T07:14:41+00:00
ADS-001327,ACCT-000147,B0038,0.0,2026-07-17T07:14:41+00:00
ADS-001328,ACCT-000058,B0038,0.0,2026-07-17T07:14:41+00:00
ADS-001329,ACCT-000101,B0038,43.01,2026-07-17T07:14:41+00:00
ADS-001330,ACCT-000086,B0038,14.19,2026-07-17T07:14:41+00:00
ADS-001331,ACCT-000201,B0038,2.51,2026-07-17T07:14:41+00:00
ADS-001332,ACCT-000037,B0038,11.52,2026-07-17T07:14:41+00:00
ADS-001333,ACCT-000215,B0038,48.46,2026-07-17T07:14:41+00:00
ADS-001334,ACCT-000226,B0038,12.38,2026-07-17T07:14:41+00:00
ADS-001335,ACCT-000227,B0038,68.51,2026-07-17T07:14:41+00:00
ADS-001336,ACCT-000228,B0038,-13.91,2026-07-17T07:14:41+00:00
ADS-001337,ACCT-000104,B0039,0.0,2026-07-17T09:26:38+00:00
ADS-001338,ACCT-000075,B0039,-2.34,2026-07-17T09:26:38+00:00
ADS-001339,ACCT-000191,B0039,0.0,2026-07-17T09:26:38+00:00
ADS-001340,ACCT-000116,B0039,-30.11,2026-07-17T09:26:38+00:00
ADS-001341,ACCT-000052,B0039,-18.14,2026-07-17T09:26:38+00:00
ADS-001342,ACCT-000082,B0039,29.4,2026-07-17T09:26:38+00:00
ADS-001343,ACCT-000150,B0039,-20.07,2026-07-17T09:26:38+00:00
ADS-001344,ACCT-000040,B0039,0.0,2026-07-17T09:26:38+00:00
ADS-001345,ACCT-000056,B0039,-29.53,2026-07-17T09:26:38+00:00
ADS-001346,ACCT-000024,B0039,4.52,2026-07-17T09:26:38+00:00
ADS-001347,ACCT-000179,B0039,0.0,2026-07-17T09:26:38+00:00
ADS-001348,ACCT-000063,B0039,0.0,2026-07-17T09:26:38+00:00
ADS-001349,ACCT-000091,B0039,29.16,2026-07-17T09:26:38+00:00
ADS-001350,ACCT-000226,B0039,-45.6,2026-07-17T09:26:38+00:00
ADS-001351,ACCT-000010,B0039,-39.36,2026-07-17T09:26:38+00:00
ADS-001352,ACCT-000005,B0039,0.0,2026-07-17T09:26:38+00:00
ADS-001353,ACCT-000105,B0039,-4.08,2026-07-17T09:26:38+00:00
ADS-001354,ACCT-000225,B0039,0.0,2026-07-17T09:26:38+00:00
ADS-001355,ACCT-000134,B0039,-48.36,2026-07-17T09:26:38+00:00
ADS-001356,ACCT-000118,B0039,0.0,2026-07-17T09:26:38+00:00
ADS-001357,ACCT-000152,B0039,0.0,2026-07-17T09:26:38+00:00
ADS-001358,ACCT-000002,B0039,9.8,2026-07-17T09:26:38+00:00
ADS-001359,ACCT-000121,B0039,37.88,2026-07-17T09:26:38+00:00
ADS-001360,ACCT-000103,B0039,0.0,2026-07-17T09:26:38+00:00
ADS-001361,ACCT-000057,B0039,-39.56,2026-07-17T09:26:38+00:00
ADS-001362,ACCT-000092,B0039,34.38,2026-07-17T09:26:38+00:00
ADS-001363,ACCT-000195,B0039,11.33,2026-07-17T09:26:38+00:00
ADS-001364,ACCT-000021,B0039,-57.72,2026-07-17T09:26:38+00:00
ADS-001365,ACCT-000176,B0039,-33.16,2026-07-17T09:26:38+00:00
ADS-001366,ACCT-000065,B0039,-83.99,2026-07-17T09:26:38+00:00
ADS-001367,ACCT-000145,B0039,35.91,2026-07-17T09:26:38+00:00
ADS-001368,ACCT-000140,B0039,28.9,2026-07-17T09:26:38+00:00
ADS-001369,ACCT-000011,B0039,-11.53,2026-07-17T09:26:38+00:00
ADS-001370,ACCT-000031,B0039,0.0,2026-07-17T09:26:38+00:00
ADS-001371,ACCT-000141,B0039,-40.0,2026-07-17T09:26:38+00:00
ADS-001372,ACCT-000229,B0039,-8.68,2026-07-17T09:26:38+00:00
ADS-001373,ACCT-000230,B0039,22.8,2026-07-17T09:26:38+00:00
ADS-001374,ACCT-000203,B0040,0.0,2026-07-17T11:04:47+00:00
ADS-001375,ACCT-000011,B0040,0.0,2026-07-17T11:04:47+00:00
ADS-001376,ACCT-000118,B0040,0.0,2026-07-17T11:04:47+00:00
ADS-001377,ACCT-000047,B0040,0.0,2026-07-17T11:04:47+00:00
ADS-001378,ACCT-000220,B0040,16.12,2026-07-17T11:04:47+00:00
ADS-001379,ACCT-000115,B0040,0.0,2026-07-17T11:04:47+00:00
ADS-001380,ACCT-000207,B0040,37.72,2026-07-17T11:04:47+00:00
ADS-001381,ACCT-000056,B0040,59.58,2026-07-17T11:04:47+00:00
ADS-001382,ACCT-000082,B0040,41.31,2026-07-17T11:04:47+00:00
ADS-001383,ACCT-000167,B0040,-31.18,2026-07-17T11:04:47+00:00
ADS-001384,ACCT-000196,B0040,0.0,2026-07-17T11:04:47+00:00
ADS-001385,ACCT-000226,B0040,38.34,2026-07-17T11:04:47+00:00
ADS-001386,ACCT-000214,B0040,-25.25,2026-07-17T11:04:47+00:00
ADS-001387,ACCT-000176,B0040,-21.65,2026-07-17T11:04:47+00:00
ADS-001388,ACCT-000109,B0040,68.41,2026-07-17T11:04:47+00:00
ADS-001389,ACCT-000128,B0040,35.37,2026-07-17T11:04:47+00:00
ADS-001390,ACCT-000142,B0040,-26.47,2026-07-17T11:04:47+00:00
ADS-001391,ACCT-000210,B0040,47.19,2026-07-17T11:04:47+00:00
ADS-001392,ACCT-000230,B0040,-36.72,2026-07-17T11:04:47+00:00
ADS-001393,ACCT-000102,B0040,-29.96,2026-07-17T11:04:47+00:00
ADS-001394,ACCT-000087,B0040,-42.0,2026-07-17T11:04:47+00:00
ADS-001395,ACCT-000040,B0040,-17.14,2026-07-17T11:04:47+00:00
ADS-001396,ACCT-000124,B0040,-24.8,2026-07-17T11:04:47+00:00
ADS-001397,ACCT-000215,B0040,-42.14,2026-07-17T11:04:47+00:00
ADS-001398,ACCT-000104,B0040,-19.58,2026-07-17T11:04:47+00:00
ADS-001399,ACCT-000007,B0040,1.41,2026-07-17T11:04:47+00:00
ADS-001400,ACCT-000231,B0040,-55.75,2026-07-17T11:04:47+00:00
ADS-001401,ACCT-000232,B0040,7.83,2026-07-17T11:04:47+00:00
ADS-001402,ACCT-000233,B0040,-19.91,2026-07-17T11:04:47+00:00
ADS-001403,ACCT-000132,B0041,-42.95,2026-07-17T12:40:47+00:00
ADS-001404,ACCT-000181,B0041,20.39,2026-07-17T12:40:47+00:00
ADS-001405,ACCT-000084,B0041,-57.71,2026-07-17T12:40:47+00:00
ADS-001406,ACCT-000159,B0041,-48.76,2026-07-17T12:40:47+00:00
ADS-001407,ACCT-000179,B0041,-6.2,2026-07-17T12:40:47+00:00
ADS-001408,ACCT-000069,B0041,62.24,2026-07-17T12:40:47+00:00
ADS-001409,ACCT-000009,B0041,0.0,2026-07-17T12:40:47+00:00
ADS-001410,ACCT-000137,B0041,38.74,2026-07-17T12:40:47+00:00
ADS-001411,ACCT-000070,B0041,8.54,2026-07-17T12:40:47+00:00
ADS-001412,ACCT-000226,B0041,0.0,2026-07-17T12:40:47+00:00
ADS-001413,ACCT-000231,B0041,-27.8,2026-07-17T12:40:47+00:00
ADS-001414,ACCT-000203,B0041,0.0,2026-07-17T12:40:47+00:00
ADS-001415,ACCT-000199,B0041,7.35,2026-07-17T12:40:47+00:00
ADS-001416,ACCT-000049,B0041,-16.62,2026-07-17T12:40:47+00:00
ADS-001417,ACCT-000045,B0041,0.0,2026-07-17T12:40:47+00:00
ADS-001418,ACCT-000076,B0041,0.0,2026-07-17T12:40:47+00:00
ADS-001419,ACCT-000058,B0041,-34.36,2026-07-17T12:40:47+00:00
ADS-001420,ACCT-000119,B0041,0.0,2026-07-17T12:40:47+00:00
ADS-001421,ACCT-000200,B0041,0.0,2026-07-17T12:40:47+00:00
ADS-001422,ACCT-000127,B0041,0.0,2026-07-17T12:40:47+00:00
ADS-001423,ACCT-000158,B0041,-61.48,2026-07-17T12:40:47+00:00
ADS-001424,ACCT-000099,B0041,31.05,2026-07-17T12:40:47+00:00
ADS-001425,ACCT-000040,B0041,0.0,2026-07-17T12:40:47+00:00
ADS-001426,ACCT-000122,B0041,-35.5,2026-07-17T12:40:47+00:00
ADS-001427,ACCT-000081,B0041,0.0,2026-07-17T12:40:47+00:00
ADS-001428,ACCT-000115,B0041,0.0,2026-07-17T12:40:47+00:00
ADS-001429,ACCT-000193,B0041,0.0,2026-07-17T12:40:47+00:00
ADS-001430,ACCT-000029,B0041,-54.15,2026-07-17T12:40:47+00:00
ADS-001431,ACCT-000184,B0041,0.0,2026-07-17T12:40:47+00:00
ADS-001432,ACCT-000217,B0041,0.0,2026-07-17T12:40:47+00:00
ADS-001433,ACCT-000222,B0041,0.0,2026-07-17T12:40:47+00:00
ADS-001434,ACCT-000219,B0041,0.0,2026-07-17T12:40:47+00:00
ADS-001435,ACCT-000044,B0041,26.44,2026-07-17T12:40:47+00:00
ADS-001436,ACCT-000140,B0041,0.0,2026-07-17T12:40:47+00:00
ADS-001437,ACCT-000043,B0041,-70.39,2026-07-17T12:40:47+00:00
ADS-001438,ACCT-000234,B0041,0.0,2026-07-17T12:40:47+00:00
ADS-001439,ACCT-000235,B0041,0.0,2026-07-17T12:40:47+00:00
ADS-001440,ACCT-000236,B0041,0.0,2026-07-17T12:40:47+00:00
ADS-001441,ACCT-000237,B0041,76.36,2026-07-17T12:40:47+00:00
ADS-001442,ACCT-000109,B0042,0.0,2026-07-17T14:26:20+00:00
ADS-001443,ACCT-000221,B0042,-45.86,2026-07-17T14:26:20+00:00
ADS-001444,ACCT-000178,B0042,67.73,2026-07-17T14:26:20+00:00
ADS-001445,ACCT-000102,B0042,0.0,2026-07-17T14:26:20+00:00
ADS-001446,ACCT-000179,B0042,0.0,2026-07-17T14:26:20+00:00
ADS-001447,ACCT-000018,B0042,-8.99,2026-07-17T14:26:20+00:00
ADS-001448,ACCT-000097,B0042,8.62,2026-07-17T14:26:20+00:00
ADS-001449,ACCT-000151,B0042,-15.34,2026-07-17T14:26:20+00:00
ADS-001450,ACCT-000106,B0042,0.0,2026-07-17T14:26:20+00:00
ADS-001451,ACCT-000019,B0042,-48.51,2026-07-17T14:26:20+00:00
ADS-001452,ACCT-000211,B0042,-40.78,2026-07-17T14:26:20+00:00
ADS-001453,ACCT-000196,B0042,0.0,2026-07-17T14:26:20+00:00
ADS-001454,ACCT-000153,B0042,0.0,2026-07-17T14:26:20+00:00
ADS-001455,ACCT-000182,B0042,11.34,2026-07-17T14:26:20+00:00
ADS-001456,ACCT-000104,B0042,35.23,2026-07-17T14:26:20+00:00
ADS-001457,ACCT-000072,B0042,0.0,2026-07-17T14:26:20+00:00
ADS-001458,ACCT-000176,B0042,0.0,2026-07-17T14:26:20+00:00
ADS-001459,ACCT-000214,B0042,-30.72,2026-07-17T14:26:20+00:00
ADS-001460,ACCT-000126,B0042,-13.11,2026-07-17T14:26:20+00:00
ADS-001461,ACCT-000183,B0042,39.72,2026-07-17T14:26:20+00:00
ADS-001462,ACCT-000044,B0042,0.0,2026-07-17T14:26:20+00:00
ADS-001463,ACCT-000147,B0042,0.0,2026-07-17T14:26:20+00:00
ADS-001464,ACCT-000155,B0042,0.0,2026-07-17T14:26:20+00:00
ADS-001465,ACCT-000133,B0042,0.0,2026-07-17T14:26:20+00:00
ADS-001466,ACCT-000055,B0042,0.0,2026-07-17T14:26:20+00:00
ADS-001467,ACCT-000169,B0042,-77.31,2026-07-17T14:26:20+00:00
ADS-001468,ACCT-000162,B0042,31.92,2026-07-17T14:26:20+00:00
ADS-001469,ACCT-000016,B0042,-11.76,2026-07-17T14:26:20+00:00
ADS-001470,ACCT-000231,B0042,-40.28,2026-07-17T14:26:20+00:00
ADS-001471,ACCT-000238,B0042,19.27,2026-07-17T14:26:20+00:00
ADS-001472,ACCT-000239,B0042,-85.93,2026-07-17T14:26:20+00:00
