cust_charge_id,account_id,batch_id,cust_charge_amount,generated_at
CCH-000001,ACCT-000001,B0001,1120.29,2026-07-12T19:44:37+00:00
CCH-000002,ACCT-000002,B0001,404.56,2026-07-12T19:44:37+00:00
CCH-000003,ACCT-000003,B0001,847.2,2026-07-12T19:44:37+00:00
CCH-000004,ACCT-000004,B0001,943.85,2026-07-12T19:44:37+00:00
CCH-000005,ACCT-000005,B0001,487.64,2026-07-12T19:44:37+00:00
CCH-000006,ACCT-000006,B0001,802.55,2026-07-12T19:44:37+00:00
CCH-000007,ACCT-000007,B0001,278.48,2026-07-12T19:44:37+00:00
CCH-000008,ACCT-000008,B0001,1035.15,2026-07-12T19:44:37+00:00
CCH-000009,ACCT-000009,B0001,603.1,2026-07-12T19:44:37+00:00
CCH-000010,ACCT-000010,B0001,848.51,2026-07-12T19:44:37+00:00
CCH-000011,ACCT-000011,B0001,368.12,2026-07-12T19:44:37+00:00
CCH-000012,ACCT-000012,B0001,721.78,2026-07-12T19:44:37+00:00
CCH-000013,ACCT-000013,B0001,1203.84,2026-07-12T19:44:37+00:00
CCH-000014,ACCT-000014,B0001,388.86,2026-07-12T19:44:37+00:00
CCH-000015,ACCT-000015,B0001,156.17,2026-07-12T19:44:37+00:00
CCH-000016,ACCT-000016,B0001,409.65,2026-07-12T19:44:37+00:00
CCH-000017,ACCT-000017,B0001,984.82,2026-07-12T19:44:37+00:00
CCH-000018,ACCT-000018,B0001,431.23,2026-07-12T19:44:37+00:00
CCH-000019,ACCT-000019,B0001,590.28,2026-07-12T19:44:37+00:00
CCH-000020,ACCT-000020,B0001,167.25,2026-07-12T19:44:37+00:00
CCH-000021,ACCT-000021,B0001,379.93,2026-07-12T19:44:37+00:00
CCH-000022,ACCT-000022,B0001,646.15,2026-07-12T19:44:37+00:00
CCH-000023,ACCT-000023,B0001,487.02,2026-07-12T19:44:37+00:00
CCH-000024,ACCT-000024,B0001,1001.75,2026-07-12T19:44:37+00:00
CCH-000025,ACCT-000025,B0001,322.91,2026-07-12T19:44:37+00:00
CCH-000026,ACCT-000026,B0001,912.88,2026-07-12T19:44:37+00:00
CCH-000027,ACCT-000027,B0001,212.26,2026-07-12T19:44:37+00:00
CCH-000028,ACCT-000028,B0001,1164.39,2026-07-12T19:44:37+00:00
CCH-000029,ACCT-000029,B0001,916.28,2026-07-12T19:44:37+00:00
CCH-000030,ACCT-000030,B0001,347.99,2026-07-12T19:44:37+00:00
CCH-000031,ACCT-000031,B0001,776.36,2026-07-12T19:44:37+00:00
CCH-000032,ACCT-000032,B0001,158.29,2026-07-12T19:44:37+00:00
CCH-000033,ACCT-000033,B0001,375.92,2026-07-12T19:44:37+00:00
CCH-000034,ACCT-000034,B0001,648.72,2026-07-12T19:44:37+00:00
CCH-000035,ACCT-000035,B0001,666.0,2026-07-12T19:44:37+00:00
CCH-000036,ACCT-000036,B0001,934.72,2026-07-12T19:44:37+00:00
CCH-000037,ACCT-000037,B0001,374.34,2026-07-12T19:44:37+00:00
CCH-000038,ACCT-000038,B0001,402.14,2026-07-12T19:44:37+00:00
CCH-000039,ACCT-000039,B0001,117.21,2026-07-12T19:44:37+00:00
CCH-000040,ACCT-000040,B0001,985.1,2026-07-12T19:44:37+00:00
CCH-000041,ACCT-000041,B0001,490.03,2026-07-12T19:44:37+00:00
CCH-000042,ACCT-000042,B0001,687.1,2026-07-12T19:44:37+00:00
CCH-000043,ACCT-000043,B0001,580.67,2026-07-12T19:44:37+00:00
CCH-000044,ACCT-000044,B0001,670.67,2026-07-12T19:44:37+00:00
CCH-000045,ACCT-000045,B0001,985.48,2026-07-12T19:44:37+00:00
CCH-000046,ACCT-000046,B0001,217.53,2026-07-12T19:44:37+00:00
CCH-000047,ACCT-000047,B0001,302.23,2026-07-12T19:44:37+00:00
CCH-000048,ACCT-000048,B0001,766.34,2026-07-12T19:44:37+00:00
CCH-000049,ACCT-000049,B0001,807.74,2026-07-12T19:44:37+00:00
CCH-000050,ACCT-000050,B0001,203.08,2026-07-12T19:44:37+00:00
CCH-000051,ACCT-000051,B0001,218.45,2026-07-12T19:44:37+00:00
CCH-000052,ACCT-000052,B0001,352.31,2026-07-12T19:44:37+00:00
CCH-000053,ACCT-000053,B0001,552.91,2026-07-12T19:44:37+00:00
CCH-000054,ACCT-000054,B0001,583.61,2026-07-12T19:44:37+00:00
CCH-000055,ACCT-000055,B0001,618.9,2026-07-12T19:44:37+00:00
CCH-000056,ACCT-000056,B0001,249.57,2026-07-12T19:44:37+00:00
CCH-000057,ACCT-000057,B0001,1010.28,2026-07-12T19:44:37+00:00
CCH-000058,ACCT-000058,B0001,319.54,2026-07-12T19:44:37+00:00
CCH-000059,ACCT-000059,B0001,115.71,2026-07-12T19:44:37+00:00
CCH-000060,ACCT-000060,B0001,385.91,2026-07-12T19:44:37+00:00
CCH-000061,ACCT-000061,B0001,986.07,2026-07-12T19:44:37+00:00
CCH-000062,ACCT-000062,B0001,64.35,2026-07-12T19:44:37+00:00
CCH-000063,ACCT-000063,B0001,734.75,2026-07-12T19:44:37+00:00
CCH-000064,ACCT-000064,B0001,47.46,2026-07-12T19:44:37+00:00
CCH-000065,ACCT-000065,B0001,711.79,2026-07-12T19:44:37+00:00
CCH-000066,ACCT-000066,B0001,213.75,2026-07-12T19:44:37+00:00
CCH-000067,ACCT-000067,B0001,305.04,2026-07-12T19:44:37+00:00
CCH-000068,ACCT-000068,B0001,677.47,2026-07-12T19:44:37+00:00
CCH-000069,ACCT-000069,B0001,465.16,2026-07-12T19:44:37+00:00
CCH-000070,ACCT-000070,B0001,922.22,2026-07-12T19:44:37+00:00
CCH-000071,ACCT-000071,B0001,877.51,2026-07-12T19:44:37+00:00
CCH-000072,ACCT-000072,B0001,789.92,2026-07-12T19:44:37+00:00
CCH-000073,ACCT-000073,B0001,443.53,2026-07-12T19:44:37+00:00
CCH-000074,ACCT-000074,B0001,610.68,2026-07-12T19:44:37+00:00
CCH-000075,ACCT-000075,B0001,598.75,2026-07-12T19:44:37+00:00
CCH-000076,ACCT-000076,B0001,1072.38,2026-07-12T19:44:37+00:00
CCH-000077,ACCT-000077,B0001,699.91,2026-07-12T19:44:37+00:00
CCH-000078,ACCT-000078,B0001,278.14,2026-07-12T19:44:37+00:00
CCH-000079,ACCT-000079,B0001,238.26,2026-07-12T19:44:37+00:00
CCH-000080,ACCT-000080,B0001,808.31,2026-07-12T19:44:37+00:00
CCH-000081,ACCT-000081,B0001,908.64,2026-07-12T19:44:37+00:00
CCH-000082,ACCT-000082,B0001,746.78,2026-07-12T19:44:37+00:00
CCH-000083,ACCT-000083,B0001,630.43,2026-07-12T19:44:37+00:00
CCH-000084,ACCT-000084,B0001,290.86,2026-07-12T19:44:37+00:00
CCH-000085,ACCT-000085,B0001,396.26,2026-07-12T19:44:37+00:00
CCH-000086,ACCT-000086,B0001,623.63,2026-07-12T19:44:37+00:00
CCH-000087,ACCT-000087,B0001,377.58,2026-07-12T19:44:37+00:00
CCH-000088,ACCT-000088,B0001,711.78,2026-07-12T19:44:37+00:00
CCH-000089,ACCT-000089,B0001,830.19,2026-07-12T19:44:37+00:00
CCH-000090,ACCT-000090,B0001,515.62,2026-07-12T19:44:37+00:00
CCH-000091,ACCT-000091,B0001,491.96,2026-07-12T19:44:37+00:00
CCH-000092,ACCT-000092,B0001,609.43,2026-07-12T19:44:37+00:00
CCH-000093,ACCT-000093,B0001,849.93,2026-07-12T19:44:37+00:00
CCH-000094,ACCT-000094,B0001,756.79,2026-07-12T19:44:37+00:00
CCH-000095,ACCT-000095,B0001,508.89,2026-07-12T19:44:37+00:00
CCH-000096,ACCT-000096,B0001,1113.46,2026-07-12T19:44:37+00:00
CCH-000097,ACCT-000097,B0001,350.93,2026-07-12T19:44:37+00:00
CCH-000098,ACCT-000098,B0001,313.09,2026-07-12T19:44:37+00:00
CCH-000099,ACCT-000099,B0001,646.69,2026-07-12T19:44:37+00:00
CCH-000100,ACCT-000100,B0001,937.08,2026-07-12T19:44:37+00:00
CCH-000101,ACCT-000101,B0001,970.49,2026-07-12T19:44:37+00:00
CCH-000102,ACCT-000102,B0001,344.84,2026-07-12T19:44:37+00:00
CCH-000103,ACCT-000103,B0001,532.37,2026-07-12T19:44:37+00:00
CCH-000104,ACCT-000104,B0001,722.82,2026-07-12T19:44:37+00:00
CCH-000105,ACCT-000105,B0001,237.1,2026-07-12T19:44:37+00:00
CCH-000106,ACCT-000106,B0001,574.5,2026-07-12T19:44:37+00:00
CCH-000107,ACCT-000107,B0001,829.64,2026-07-12T19:44:37+00:00
CCH-000108,ACCT-000108,B0001,678.15,2026-07-12T19:44:37+00:00
CCH-000109,ACCT-000109,B0001,747.19,2026-07-12T19:44:37+00:00
CCH-000110,ACCT-000110,B0001,1096.62,2026-07-12T19:44:37+00:00
CCH-000111,ACCT-000111,B0001,858.52,2026-07-12T19:44:37+00:00
CCH-000112,ACCT-000112,B0001,347.41,2026-07-12T19:44:37+00:00
CCH-000113,ACCT-000113,B0001,898.49,2026-07-12T19:44:37+00:00
CCH-000114,ACCT-000114,B0001,377.37,2026-07-12T19:44:37+00:00
CCH-000115,ACCT-000115,B0001,628.99,2026-07-12T19:44:37+00:00
CCH-000116,ACCT-000116,B0001,1010.07,2026-07-12T19:44:37+00:00
CCH-000117,ACCT-000117,B0001,584.87,2026-07-12T19:44:37+00:00
CCH-000118,ACCT-000118,B0001,432.85,2026-07-12T19:44:37+00:00
CCH-000119,ACCT-000119,B0001,904.54,2026-07-12T19:44:37+00:00
CCH-000120,ACCT-000120,B0001,669.41,2026-07-12T19:44:37+00:00
CCH-000121,ACCT-000070,B0002,697.58,2026-07-12T20:07:48+00:00
CCH-000122,ACCT-000111,B0002,404.39,2026-07-12T20:07:48+00:00
CCH-000123,ACCT-000083,B0002,767.53,2026-07-12T20:07:48+00:00
CCH-000124,ACCT-000079,B0002,373.54,2026-07-12T20:07:48+00:00
CCH-000125,ACCT-000072,B0002,319.9,2026-07-12T20:07:48+00:00
CCH-000126,ACCT-000027,B0002,707.62,2026-07-12T20:07:48+00:00
CCH-000127,ACCT-000023,B0002,559.14,2026-07-12T20:07:48+00:00
CCH-000128,ACCT-000016,B0002,514.02,2026-07-12T20:07:48+00:00
CCH-000129,ACCT-000041,B0002,890.33,2026-07-12T20:07:48+00:00
CCH-000130,ACCT-000042,B0002,329.45,2026-07-12T20:07:48+00:00
CCH-000131,ACCT-000058,B0002,451.84,2026-07-12T20:07:48+00:00
CCH-000132,ACCT-000025,B0002,391.58,2026-07-12T20:07:48+00:00
CCH-000133,ACCT-000052,B0002,55.38,2026-07-12T20:07:48+00:00
CCH-000134,ACCT-000076,B0002,276.45,2026-07-12T20:07:48+00:00
CCH-000135,ACCT-000013,B0002,572.52,2026-07-12T20:07:48+00:00
CCH-000136,ACCT-000113,B0002,286.93,2026-07-12T20:07:48+00:00
CCH-000137,ACCT-000005,B0002,266.87,2026-07-12T20:07:48+00:00
CCH-000138,ACCT-000037,B0002,689.79,2026-07-12T20:07:48+00:00
CCH-000139,ACCT-000001,B0002,209.43,2026-07-12T20:07:48+00:00
CCH-000140,ACCT-000107,B0002,341.18,2026-07-12T20:07:48+00:00
CCH-000141,ACCT-000038,B0002,649.72,2026-07-12T20:07:48+00:00
CCH-000142,ACCT-000028,B0002,425.12,2026-07-12T20:07:48+00:00
CCH-000143,ACCT-000116,B0002,559.27,2026-07-12T20:07:48+00:00
CCH-000144,ACCT-000074,B0002,390.21,2026-07-12T20:07:48+00:00
CCH-000145,ACCT-000012,B0002,37.72,2026-07-12T20:07:48+00:00
CCH-000146,ACCT-000120,B0002,459.65,2026-07-12T20:07:48+00:00
CCH-000147,ACCT-000078,B0002,209.98,2026-07-12T20:07:48+00:00
CCH-000148,ACCT-000121,B0002,907.05,2026-07-12T20:07:48+00:00
CCH-000149,ACCT-000122,B0002,374.19,2026-07-12T20:07:48+00:00
CCH-000150,ACCT-000103,B0003,513.71,2026-07-12T21:41:14+00:00
CCH-000151,ACCT-000017,B0003,291.3,2026-07-12T21:41:14+00:00
CCH-000152,ACCT-000093,B0003,101.92,2026-07-12T21:41:14+00:00
CCH-000153,ACCT-000089,B0003,1031.96,2026-07-12T21:41:14+00:00
CCH-000154,ACCT-000082,B0003,333.53,2026-07-12T21:41:14+00:00
CCH-000155,ACCT-000109,B0003,374.72,2026-07-12T21:41:14+00:00
CCH-000156,ACCT-000066,B0003,855.78,2026-07-12T21:41:14+00:00
CCH-000157,ACCT-000024,B0003,929.66,2026-07-12T21:41:14+00:00
CCH-000158,ACCT-000010,B0003,176.68,2026-07-12T21:41:14+00:00
CCH-000159,ACCT-000025,B0003,512.52,2026-07-12T21:41:14+00:00
CCH-000160,ACCT-000114,B0003,788.81,2026-07-12T21:41:14+00:00
CCH-000161,ACCT-000080,B0003,340.36,2026-07-12T21:41:14+00:00
CCH-000162,ACCT-000011,B0003,429.94,2026-07-12T21:41:14+00:00
CCH-000163,ACCT-000018,B0003,909.79,2026-07-12T21:41:14+00:00
CCH-000164,ACCT-000029,B0003,648.95,2026-07-12T21:41:14+00:00
CCH-000165,ACCT-000096,B0003,519.65,2026-07-12T21:41:14+00:00
CCH-000166,ACCT-000100,B0003,369.42,2026-07-12T21:41:14+00:00
CCH-000167,ACCT-000084,B0003,381.83,2026-07-12T21:41:14+00:00
CCH-000168,ACCT-000044,B0003,749.35,2026-07-12T21:41:14+00:00
CCH-000169,ACCT-000046,B0003,659.48,2026-07-12T21:41:14+00:00
CCH-000170,ACCT-000091,B0003,317.39,2026-07-12T21:41:14+00:00
CCH-000171,ACCT-000028,B0003,715.19,2026-07-12T21:41:14+00:00
CCH-000172,ACCT-000112,B0003,583.66,2026-07-12T21:41:14+00:00
CCH-000173,ACCT-000038,B0003,664.59,2026-07-12T21:41:14+00:00
CCH-000174,ACCT-000085,B0003,195.75,2026-07-12T21:41:14+00:00
CCH-000175,ACCT-000095,B0003,275.36,2026-07-12T21:41:14+00:00
CCH-000176,ACCT-000087,B0003,947.8,2026-07-12T21:41:14+00:00
CCH-000177,ACCT-000036,B0003,605.86,2026-07-12T21:41:14+00:00
CCH-000178,ACCT-000053,B0003,225.1,2026-07-12T21:41:14+00:00
CCH-000179,ACCT-000101,B0003,633.27,2026-07-12T21:41:14+00:00
CCH-000180,ACCT-000033,B0003,840.59,2026-07-12T21:41:14+00:00
CCH-000181,ACCT-000121,B0003,456.39,2026-07-12T21:41:14+00:00
CCH-000182,ACCT-000123,B0003,1003.73,2026-07-12T21:41:14+00:00
CCH-000183,ACCT-000124,B0003,547.41,2026-07-12T21:41:14+00:00
CCH-000184,ACCT-000125,B0003,692.9,2026-07-12T21:41:14+00:00
CCH-000185,ACCT-000126,B0003,773.49,2026-07-12T21:41:14+00:00
CCH-000186,ACCT-000064,B0004,172.69,2026-07-12T22:39:31+00:00
CCH-000187,ACCT-000034,B0004,477.61,2026-07-12T22:39:31+00:00
CCH-000188,ACCT-000096,B0004,49.8,2026-07-12T22:39:31+00:00
CCH-000189,ACCT-000091,B0004,591.63,2026-07-12T22:39:31+00:00
CCH-000190,ACCT-000068,B0004,664.19,2026-07-12T22:39:31+00:00
CCH-000191,ACCT-000029,B0004,793.94,2026-07-12T22:39:31+00:00
CCH-000192,ACCT-000047,B0004,660.01,2026-07-12T22:39:31+00:00
CCH-000193,ACCT-000083,B0004,156.14,2026-07-12T22:39:31+00:00
CCH-000194,ACCT-000052,B0004,710.57,2026-07-12T22:39:31+00:00
CCH-000195,ACCT-000001,B0004,790.05,2026-07-12T22:39:31+00:00
CCH-000196,ACCT-000022,B0004,284.93,2026-07-12T22:39:31+00:00
CCH-000197,ACCT-000016,B0004,547.89,2026-07-12T22:39:31+00:00
CCH-000198,ACCT-000102,B0004,371.96,2026-07-12T22:39:31+00:00
CCH-000199,ACCT-000113,B0004,1215.68,2026-07-12T22:39:31+00:00
CCH-000200,ACCT-000013,B0004,322.56,2026-07-12T22:39:31+00:00
CCH-000201,ACCT-000121,B0004,476.98,2026-07-12T22:39:31+00:00
CCH-000202,ACCT-000030,B0004,450.82,2026-07-12T22:39:31+00:00
CCH-000203,ACCT-000043,B0004,607.74,2026-07-12T22:39:31+00:00
CCH-000204,ACCT-000105,B0004,680.66,2026-07-12T22:39:31+00:00
CCH-000205,ACCT-000028,B0004,883.68,2026-07-12T22:39:31+00:00
CCH-000206,ACCT-000010,B0004,806.95,2026-07-12T22:39:31+00:00
CCH-000207,ACCT-000109,B0004,815.63,2026-07-12T22:39:31+00:00
CCH-000208,ACCT-000103,B0004,223.12,2026-07-12T22:39:31+00:00
CCH-000209,ACCT-000125,B0004,806.75,2026-07-12T22:39:31+00:00
CCH-000210,ACCT-000046,B0004,673.29,2026-07-12T22:39:31+00:00
CCH-000211,ACCT-000114,B0004,180.8,2026-07-12T22:39:31+00:00
CCH-000212,ACCT-000011,B0004,259.81,2026-07-12T22:39:31+00:00
CCH-000213,ACCT-000089,B0004,442.17,2026-07-12T22:39:31+00:00
CCH-000214,ACCT-000092,B0004,40.46,2026-07-12T22:39:31+00:00
CCH-000215,ACCT-000111,B0004,388.51,2026-07-12T22:39:31+00:00
CCH-000216,ACCT-000079,B0004,418.53,2026-07-12T22:39:31+00:00
CCH-000217,ACCT-000127,B0004,615.33,2026-07-12T22:39:31+00:00
CCH-000218,ACCT-000128,B0004,314.27,2026-07-12T22:39:31+00:00
CCH-000219,ACCT-000073,B0005,670.15,2026-07-12T23:44:19+00:00
CCH-000220,ACCT-000115,B0005,746.44,2026-07-12T23:44:19+00:00
CCH-000221,ACCT-000017,B0005,86.45,2026-07-12T23:44:19+00:00
CCH-000222,ACCT-000043,B0005,249.52,2026-07-12T23:44:19+00:00
CCH-000223,ACCT-000050,B0005,908.7,2026-07-12T23:44:19+00:00
CCH-000224,ACCT-000083,B0005,829.71,2026-07-12T23:44:19+00:00
CCH-000225,ACCT-000070,B0005,581.27,2026-07-12T23:44:19+00:00
CCH-000226,ACCT-000075,B0005,358.44,2026-07-12T23:44:19+00:00
CCH-000227,ACCT-000012,B0005,705.61,2026-07-12T23:44:19+00:00
CCH-000228,ACCT-000076,B0005,1229.18,2026-07-12T23:44:19+00:00
CCH-000229,ACCT-000128,B0005,393.95,2026-07-12T23:44:19+00:00
CCH-000230,ACCT-000118,B0005,664.28,2026-07-12T23:44:19+00:00
CCH-000231,ACCT-000047,B0005,606.71,2026-07-12T23:44:19+00:00
CCH-000232,ACCT-000031,B0005,363.66,2026-07-12T23:44:19+00:00
CCH-000233,ACCT-000093,B0005,832.74,2026-07-12T23:44:19+00:00
CCH-000234,ACCT-000049,B0005,809.49,2026-07-12T23:44:19+00:00
CCH-000235,ACCT-000057,B0005,605.43,2026-07-12T23:44:19+00:00
CCH-000236,ACCT-000097,B0005,1104.85,2026-07-12T23:44:19+00:00
CCH-000237,ACCT-000013,B0005,278.27,2026-07-12T23:44:19+00:00
CCH-000238,ACCT-000005,B0005,391.17,2026-07-12T23:44:19+00:00
CCH-000239,ACCT-000074,B0005,1108.09,2026-07-12T23:44:19+00:00
CCH-000240,ACCT-000104,B0005,237.94,2026-07-12T23:44:19+00:00
CCH-000241,ACCT-000086,B0005,381.22,2026-07-12T23:44:19+00:00
CCH-000242,ACCT-000018,B0005,462.09,2026-07-12T23:44:19+00:00
CCH-000243,ACCT-000026,B0005,810.24,2026-07-12T23:44:19+00:00
CCH-000244,ACCT-000072,B0005,815.06,2026-07-12T23:44:19+00:00
CCH-000245,ACCT-000038,B0005,128.04,2026-07-12T23:44:19+00:00
CCH-000246,ACCT-000080,B0005,808.47,2026-07-12T23:44:19+00:00
CCH-000247,ACCT-000114,B0005,180.24,2026-07-12T23:44:19+00:00
CCH-000248,ACCT-000011,B0005,434.44,2026-07-12T23:44:19+00:00
CCH-000249,ACCT-000084,B0005,611.38,2026-07-12T23:44:19+00:00
CCH-000250,ACCT-000095,B0005,716.42,2026-07-12T23:44:19+00:00
CCH-000251,ACCT-000034,B0005,1033.92,2026-07-12T23:44:19+00:00
CCH-000252,ACCT-000081,B0005,1056.3,2026-07-12T23:44:19+00:00
CCH-000253,ACCT-000129,B0005,649.09,2026-07-12T23:44:19+00:00
CCH-000254,ACCT-000130,B0005,25.9,2026-07-12T23:44:19+00:00
CCH-000255,ACCT-000048,B0006,911.3,2026-07-14T22:50:00+00:00
CCH-000256,ACCT-000064,B0006,563.13,2026-07-14T22:50:00+00:00
CCH-000257,ACCT-000076,B0006,975.1,2026-07-14T22:50:00+00:00
CCH-000258,ACCT-000041,B0006,29.5,2026-07-14T22:50:00+00:00
CCH-000259,ACCT-000052,B0006,760.16,2026-07-14T22:50:00+00:00
CCH-000260,ACCT-000011,B0006,165.86,2026-07-14T22:50:00+00:00
CCH-000261,ACCT-000047,B0006,575.83,2026-07-14T22:50:00+00:00
CCH-000262,ACCT-000034,B0006,841.21,2026-07-14T22:50:00+00:00
CCH-000263,ACCT-000036,B0006,301.51,2026-07-14T22:50:00+00:00
CCH-000264,ACCT-000069,B0006,682.24,2026-07-14T22:50:00+00:00
CCH-000265,ACCT-000124,B0006,841.99,2026-07-14T22:50:00+00:00
CCH-000266,ACCT-000039,B0006,319.43,2026-07-14T22:50:00+00:00
CCH-000267,ACCT-000090,B0006,150.45,2026-07-14T22:50:00+00:00
CCH-000268,ACCT-000129,B0006,454.39,2026-07-14T22:50:00+00:00
CCH-000269,ACCT-000022,B0006,283.1,2026-07-14T22:50:00+00:00
CCH-000270,ACCT-000118,B0006,141.34,2026-07-14T22:50:00+00:00
CCH-000271,ACCT-000105,B0006,635.37,2026-07-14T22:50:00+00:00
CCH-000272,ACCT-000038,B0006,683.06,2026-07-14T22:50:00+00:00
CCH-000273,ACCT-000109,B0006,872.86,2026-07-14T22:50:00+00:00
CCH-000274,ACCT-000119,B0006,784.07,2026-07-14T22:50:00+00:00
CCH-000275,ACCT-000081,B0006,135.12,2026-07-14T22:50:00+00:00
CCH-000276,ACCT-000120,B0006,188.73,2026-07-14T22:50:00+00:00
CCH-000277,ACCT-000020,B0006,473.86,2026-07-14T22:50:00+00:00
CCH-000278,ACCT-000057,B0006,1120.6,2026-07-14T22:50:00+00:00
CCH-000279,ACCT-000033,B0006,1083.51,2026-07-14T22:50:00+00:00
CCH-000280,ACCT-000093,B0006,171.04,2026-07-14T22:50:00+00:00
CCH-000281,ACCT-000112,B0006,335.45,2026-07-14T22:50:00+00:00
CCH-000282,ACCT-000088,B0006,154.22,2026-07-14T22:50:00+00:00
CCH-000283,ACCT-000131,B0006,814.8,2026-07-14T22:50:00+00:00
CCH-000284,ACCT-000132,B0006,790.18,2026-07-14T22:50:00+00:00
CCH-000285,ACCT-000133,B0006,725.3,2026-07-14T22:50:00+00:00
CCH-000286,ACCT-000084,B0007,249.22,2026-07-14T23:44:01+00:00
CCH-000287,ACCT-000089,B0007,651.44,2026-07-14T23:44:01+00:00
CCH-000288,ACCT-000117,B0007,49.61,2026-07-14T23:44:01+00:00
CCH-000289,ACCT-000039,B0007,943.44,2026-07-14T23:44:01+00:00
CCH-000290,ACCT-000109,B0007,743.97,2026-07-14T23:44:01+00:00
CCH-000291,ACCT-000076,B0007,574.32,2026-07-14T23:44:01+00:00
CCH-000292,ACCT-000037,B0007,286.69,2026-07-14T23:44:01+00:00
CCH-000293,ACCT-000035,B0007,246.54,2026-07-14T23:44:01+00:00
CCH-000294,ACCT-000003,B0007,251.27,2026-07-14T23:44:01+00:00
CCH-000295,ACCT-000045,B0007,588.47,2026-07-14T23:44:01+00:00
CCH-000296,ACCT-000032,B0007,389.86,2026-07-14T23:44:01+00:00
CCH-000297,ACCT-000087,B0007,179.1,2026-07-14T23:44:01+00:00
CCH-000298,ACCT-000115,B0007,732.61,2026-07-14T23:44:01+00:00
CCH-000299,ACCT-000128,B0007,196.91,2026-07-14T23:44:01+00:00
CCH-000300,ACCT-000057,B0007,249.91,2026-07-14T23:44:01+00:00
CCH-000301,ACCT-000123,B0007,747.06,2026-07-14T23:44:01+00:00
CCH-000302,ACCT-000120,B0007,338.45,2026-07-14T23:44:01+00:00
CCH-000303,ACCT-000053,B0007,803.06,2026-07-14T23:44:01+00:00
CCH-000304,ACCT-000006,B0007,989.4,2026-07-14T23:44:01+00:00
CCH-000305,ACCT-000088,B0007,180.06,2026-07-14T23:44:01+00:00
CCH-000306,ACCT-000018,B0007,341.06,2026-07-14T23:44:01+00:00
CCH-000307,ACCT-000067,B0007,500.99,2026-07-14T23:44:01+00:00
CCH-000308,ACCT-000105,B0007,364.43,2026-07-14T23:44:01+00:00
CCH-000309,ACCT-000101,B0007,415.52,2026-07-14T23:44:01+00:00
CCH-000310,ACCT-000127,B0007,837.18,2026-07-14T23:44:01+00:00
CCH-000311,ACCT-000134,B0007,1127.82,2026-07-14T23:44:01+00:00
CCH-000312,ACCT-000135,B0007,1002.38,2026-07-14T23:44:01+00:00
CCH-000313,ACCT-000136,B0007,847.7,2026-07-14T23:44:01+00:00
CCH-000314,ACCT-000137,B0007,821.38,2026-07-14T23:44:01+00:00
CCH-000315,ACCT-000133,B0008,698.39,2026-07-15T01:41:57+00:00
CCH-000316,ACCT-000105,B0008,399.19,2026-07-15T01:41:57+00:00
CCH-000317,ACCT-000126,B0008,168.86,2026-07-15T01:41:57+00:00
CCH-000318,ACCT-000026,B0008,576.99,2026-07-15T01:41:57+00:00
CCH-000319,ACCT-000032,B0008,560.45,2026-07-15T01:41:57+00:00
CCH-000320,ACCT-000084,B0008,79.26,2026-07-15T01:41:57+00:00
CCH-000321,ACCT-000008,B0008,500.43,2026-07-15T01:41:57+00:00
CCH-000322,ACCT-000024,B0008,439.73,2026-07-15T01:41:57+00:00
CCH-000323,ACCT-000113,B0008,290.83,2026-07-15T01:41:57+00:00
CCH-000324,ACCT-000076,B0008,584.55,2026-07-15T01:41:57+00:00
CCH-000325,ACCT-000029,B0008,285.56,2026-07-15T01:41:57+00:00
CCH-000326,ACCT-000058,B0008,896.06,2026-07-15T01:41:57+00:00
CCH-000327,ACCT-000114,B0008,382.13,2026-07-15T01:41:57+00:00
CCH-000328,ACCT-000124,B0008,586.88,2026-07-15T01:41:57+00:00
CCH-000329,ACCT-000115,B0008,280.13,2026-07-15T01:41:57+00:00
CCH-000330,ACCT-000132,B0008,114.57,2026-07-15T01:41:57+00:00
CCH-000331,ACCT-000006,B0008,270.75,2026-07-15T01:41:57+00:00
CCH-000332,ACCT-000127,B0008,766.33,2026-07-15T01:41:57+00:00
CCH-000333,ACCT-000069,B0008,486.16,2026-07-15T01:41:57+00:00
CCH-000334,ACCT-000098,B0008,576.78,2026-07-15T01:41:57+00:00
CCH-000335,ACCT-000063,B0008,296.66,2026-07-15T01:41:57+00:00
CCH-000336,ACCT-000064,B0008,211.87,2026-07-15T01:41:57+00:00
CCH-000337,ACCT-000030,B0008,105.24,2026-07-15T01:41:57+00:00
CCH-000338,ACCT-000083,B0008,350.16,2026-07-15T01:41:57+00:00
CCH-000339,ACCT-000081,B0008,486.81,2026-07-15T01:41:57+00:00
CCH-000340,ACCT-000033,B0008,580.08,2026-07-15T01:41:57+00:00
CCH-000341,ACCT-000077,B0008,541.06,2026-07-15T01:41:57+00:00
CCH-000342,ACCT-000051,B0008,39.67,2026-07-15T01:41:57+00:00
CCH-000343,ACCT-000130,B0008,676.8,2026-07-15T01:41:57+00:00
CCH-000344,ACCT-000100,B0008,203.89,2026-07-15T01:41:57+00:00
CCH-000345,ACCT-000052,B0008,920.72,2026-07-15T01:41:57+00:00
CCH-000346,ACCT-000138,B0008,844.21,2026-07-15T01:41:57+00:00
CCH-000347,ACCT-000139,B0008,210.54,2026-07-15T01:41:57+00:00
CCH-000348,ACCT-000140,B0008,268.18,2026-07-15T01:41:57+00:00
CCH-000349,ACCT-000081,B0009,1006.14,2026-07-15T04:44:07+00:00
CCH-000350,ACCT-000029,B0009,842.28,2026-07-15T04:44:07+00:00
CCH-000351,ACCT-000057,B0009,866.97,2026-07-15T04:44:07+00:00
CCH-000352,ACCT-000096,B0009,338.45,2026-07-15T04:44:07+00:00
CCH-000353,ACCT-000085,B0009,669.64,2026-07-15T04:44:07+00:00
CCH-000354,ACCT-000120,B0009,589.73,2026-07-15T04:44:07+00:00
CCH-000355,ACCT-000101,B0009,671.68,2026-07-15T04:44:07+00:00
CCH-000356,ACCT-000097,B0009,834.98,2026-07-15T04:44:07+00:00
CCH-000357,ACCT-000079,B0009,344.62,2026-07-15T04:44:07+00:00
CCH-000358,ACCT-000137,B0009,223.92,2026-07-15T04:44:07+00:00
CCH-000359,ACCT-000071,B0009,467.23,2026-07-15T04:44:07+00:00
CCH-000360,ACCT-000005,B0009,148.18,2026-07-15T04:44:07+00:00
CCH-000361,ACCT-000094,B0009,97.47,2026-07-15T04:44:07+00:00
CCH-000362,ACCT-000063,B0009,267.48,2026-07-15T04:44:07+00:00
CCH-000363,ACCT-000128,B0009,333.08,2026-07-15T04:44:07+00:00
CCH-000364,ACCT-000068,B0009,546.22,2026-07-15T04:44:07+00:00
CCH-000365,ACCT-000048,B0009,826.19,2026-07-15T04:44:07+00:00
CCH-000366,ACCT-000087,B0009,340.14,2026-07-15T04:44:07+00:00
CCH-000367,ACCT-000062,B0009,233.73,2026-07-15T04:44:07+00:00
CCH-000368,ACCT-000091,B0009,285.64,2026-07-15T04:44:07+00:00
CCH-000369,ACCT-000092,B0009,294.9,2026-07-15T04:44:07+00:00
CCH-000370,ACCT-000026,B0009,881.39,2026-07-15T04:44:07+00:00
CCH-000371,ACCT-000113,B0009,233.09,2026-07-15T04:44:07+00:00
CCH-000372,ACCT-000006,B0009,943.71,2026-07-15T04:44:07+00:00
CCH-000373,ACCT-000061,B0009,229.2,2026-07-15T04:44:07+00:00
CCH-000374,ACCT-000108,B0009,114.04,2026-07-15T04:44:07+00:00
CCH-000375,ACCT-000058,B0009,575.45,2026-07-15T04:44:07+00:00
CCH-000376,ACCT-000067,B0009,469.14,2026-07-15T04:44:07+00:00
CCH-000377,ACCT-000055,B0009,221.21,2026-07-15T04:44:07+00:00
CCH-000378,ACCT-000119,B0009,395.4,2026-07-15T04:44:07+00:00
CCH-000379,ACCT-000141,B0009,361.08,2026-07-15T04:44:07+00:00
CCH-000380,ACCT-000142,B0009,869.0,2026-07-15T04:44:07+00:00
CCH-000381,ACCT-000143,B0009,795.66,2026-07-15T04:44:07+00:00
CCH-000382,ACCT-000063,B0010,905.14,2026-07-15T07:08:34+00:00
CCH-000383,ACCT-000103,B0010,192.21,2026-07-15T07:08:34+00:00
CCH-000384,ACCT-000052,B0010,301.15,2026-07-15T07:08:34+00:00
CCH-000385,ACCT-000041,B0010,219.81,2026-07-15T07:08:34+00:00
CCH-000386,ACCT-000076,B0010,476.74,2026-07-15T07:08:34+00:00
CCH-000387,ACCT-000075,B0010,674.35,2026-07-15T07:08:34+00:00
CCH-000388,ACCT-000095,B0010,807.53,2026-07-15T07:08:34+00:00
CCH-000389,ACCT-000003,B0010,262.96,2026-07-15T07:08:34+00:00
CCH-000390,ACCT-000127,B0010,429.33,2026-07-15T07:08:34+00:00
CCH-000391,ACCT-000092,B0010,342.48,2026-07-15T07:08:34+00:00
CCH-000392,ACCT-000010,B0010,646.21,2026-07-15T07:08:34+00:00
CCH-000393,ACCT-000021,B0010,488.18,2026-07-15T07:08:34+00:00
CCH-000394,ACCT-000136,B0010,209.0,2026-07-15T07:08:34+00:00
CCH-000395,ACCT-000061,B0010,358.65,2026-07-15T07:08:34+00:00
CCH-000396,ACCT-000119,B0010,201.02,2026-07-15T07:08:34+00:00
CCH-000397,ACCT-000002,B0010,908.38,2026-07-15T07:08:34+00:00
CCH-000398,ACCT-000053,B0010,383.95,2026-07-15T07:08:34+00:00
CCH-000399,ACCT-000084,B0010,188.56,2026-07-15T07:08:34+00:00
CCH-000400,ACCT-000018,B0010,1285.36,2026-07-15T07:08:34+00:00
CCH-000401,ACCT-000074,B0010,156.0,2026-07-15T07:08:34+00:00
CCH-000402,ACCT-000143,B0010,300.63,2026-07-15T07:08:34+00:00
CCH-000403,ACCT-000049,B0010,189.67,2026-07-15T07:08:34+00:00
CCH-000404,ACCT-000097,B0010,563.64,2026-07-15T07:08:34+00:00
CCH-000405,ACCT-000048,B0010,716.51,2026-07-15T07:08:34+00:00
CCH-000406,ACCT-000039,B0010,377.15,2026-07-15T07:08:34+00:00
CCH-000407,ACCT-000038,B0010,371.09,2026-07-15T07:08:34+00:00
CCH-000408,ACCT-000006,B0010,71.96,2026-07-15T07:08:34+00:00
CCH-000409,ACCT-000124,B0010,133.58,2026-07-15T07:08:34+00:00
CCH-000410,ACCT-000137,B0010,195.34,2026-07-15T07:08:34+00:00
CCH-000411,ACCT-000117,B0010,996.45,2026-07-15T07:08:34+00:00
CCH-000412,ACCT-000077,B0010,825.36,2026-07-15T07:08:34+00:00
CCH-000413,ACCT-000031,B0010,66.36,2026-07-15T07:08:34+00:00
CCH-000414,ACCT-000144,B0010,299.24,2026-07-15T07:08:34+00:00
CCH-000415,ACCT-000145,B0010,711.56,2026-07-15T07:08:34+00:00
CCH-000416,ACCT-000024,B0011,446.31,2026-07-15T09:27:10+00:00
CCH-000417,ACCT-000055,B0011,355.25,2026-07-15T09:27:10+00:00
CCH-000418,ACCT-000107,B0011,354.67,2026-07-15T09:27:10+00:00
CCH-000419,ACCT-000086,B0011,257.55,2026-07-15T09:27:10+00:00
CCH-000420,ACCT-000088,B0011,280.1,2026-07-15T09:27:10+00:00
CCH-000421,ACCT-000114,B0011,88.15,2026-07-15T09:27:10+00:00
CCH-000422,ACCT-000133,B0011,213.55,2026-07-15T09:27:10+00:00
CCH-000423,ACCT-000058,B0011,58.24,2026-07-15T09:27:10+00:00
CCH-000424,ACCT-000125,B0011,481.34,2026-07-15T09:27:10+00:00
CCH-000425,ACCT-000062,B0011,458.87,2026-07-15T09:27:10+00:00
CCH-000426,ACCT-000077,B0011,569.46,2026-07-15T09:27:10+00:00
CCH-000427,ACCT-000116,B0011,313.12,2026-07-15T09:27:10+00:00
CCH-000428,ACCT-000059,B0011,1168.72,2026-07-15T09:27:10+00:00
CCH-000429,ACCT-000016,B0011,645.86,2026-07-15T09:27:10+00:00
CCH-000430,ACCT-000115,B0011,291.93,2026-07-15T09:27:10+00:00
CCH-000431,ACCT-000067,B0011,964.5,2026-07-15T09:27:10+00:00
CCH-000432,ACCT-000074,B0011,403.89,2026-07-15T09:27:10+00:00
CCH-000433,ACCT-000010,B0011,176.12,2026-07-15T09:27:10+00:00
CCH-000434,ACCT-000008,B0011,119.8,2026-07-15T09:27:10+00:00
CCH-000435,ACCT-000050,B0011,918.49,2026-07-15T09:27:10+00:00
CCH-000436,ACCT-000071,B0011,488.64,2026-07-15T09:27:10+00:00
CCH-000437,ACCT-000099,B0011,921.9,2026-07-15T09:27:10+00:00
CCH-000438,ACCT-000075,B0011,768.82,2026-07-15T09:27:10+00:00
CCH-000439,ACCT-000121,B0011,184.72,2026-07-15T09:27:10+00:00
CCH-000440,ACCT-000095,B0011,454.23,2026-07-15T09:27:10+00:00
CCH-000441,ACCT-000043,B0011,473.12,2026-07-15T09:27:10+00:00
CCH-000442,ACCT-000096,B0011,1064.76,2026-07-15T09:27:10+00:00
CCH-000443,ACCT-000030,B0011,951.21,2026-07-15T09:27:10+00:00
CCH-000444,ACCT-000073,B0011,206.61,2026-07-15T09:27:10+00:00
CCH-000445,ACCT-000068,B0011,393.24,2026-07-15T09:27:10+00:00
CCH-000446,ACCT-000006,B0011,801.05,2026-07-15T09:27:10+00:00
CCH-000447,ACCT-000146,B0011,242.31,2026-07-15T09:27:10+00:00
CCH-000448,ACCT-000147,B0011,982.14,2026-07-15T09:27:10+00:00
CCH-000449,ACCT-000148,B0011,634.09,2026-07-15T09:27:10+00:00
CCH-000450,ACCT-000125,B0012,1093.57,2026-07-15T11:08:21+00:00
CCH-000451,ACCT-000071,B0012,891.87,2026-07-15T11:08:21+00:00
CCH-000452,ACCT-000036,B0012,807.24,2026-07-15T11:08:21+00:00
CCH-000453,ACCT-000070,B0012,194.7,2026-07-15T11:08:21+00:00
CCH-000454,ACCT-000020,B0012,1051.18,2026-07-15T11:08:21+00:00
CCH-000455,ACCT-000081,B0012,638.25,2026-07-15T11:08:21+00:00
CCH-000456,ACCT-000127,B0012,744.02,2026-07-15T11:08:21+00:00
CCH-000457,ACCT-000035,B0012,444.94,2026-07-15T11:08:21+00:00
CCH-000458,ACCT-000078,B0012,232.37,2026-07-15T11:08:21+00:00
CCH-000459,ACCT-000093,B0012,128.21,2026-07-15T11:08:21+00:00
CCH-000460,ACCT-000104,B0012,115.24,2026-07-15T11:08:21+00:00
CCH-000461,ACCT-000105,B0012,158.16,2026-07-15T11:08:21+00:00
CCH-000462,ACCT-000108,B0012,71.35,2026-07-15T11:08:21+00:00
CCH-000463,ACCT-000068,B0012,671.57,2026-07-15T11:08:21+00:00
CCH-000464,ACCT-000029,B0012,232.6,2026-07-15T11:08:21+00:00
CCH-000465,ACCT-000013,B0012,73.74,2026-07-15T11:08:21+00:00
CCH-000466,ACCT-000072,B0012,873.89,2026-07-15T11:08:21+00:00
CCH-000467,ACCT-000126,B0012,725.27,2026-07-15T11:08:21+00:00
CCH-000468,ACCT-000141,B0012,214.28,2026-07-15T11:08:21+00:00
CCH-000469,ACCT-000143,B0012,738.29,2026-07-15T11:08:21+00:00
CCH-000470,ACCT-000034,B0012,948.77,2026-07-15T11:08:21+00:00
CCH-000471,ACCT-000027,B0012,720.7,2026-07-15T11:08:21+00:00
CCH-000472,ACCT-000062,B0012,357.41,2026-07-15T11:08:21+00:00
CCH-000473,ACCT-000073,B0012,207.38,2026-07-15T11:08:21+00:00
CCH-000474,ACCT-000045,B0012,416.2,2026-07-15T11:08:21+00:00
CCH-000475,ACCT-000139,B0012,1109.23,2026-07-15T11:08:21+00:00
CCH-000476,ACCT-000149,B0012,1101.86,2026-07-15T11:08:21+00:00
CCH-000477,ACCT-000150,B0012,834.75,2026-07-15T11:08:21+00:00
CCH-000478,ACCT-000151,B0012,371.58,2026-07-15T11:08:21+00:00
CCH-000479,ACCT-000075,B0013,31.16,2026-07-15T12:49:22+00:00
CCH-000480,ACCT-000123,B0013,947.46,2026-07-15T12:49:22+00:00
CCH-000481,ACCT-000013,B0013,1031.45,2026-07-15T12:49:22+00:00
CCH-000482,ACCT-000050,B0013,397.04,2026-07-15T12:49:22+00:00
CCH-000483,ACCT-000041,B0013,1008.3,2026-07-15T12:49:22+00:00
CCH-000484,ACCT-000132,B0013,381.41,2026-07-15T12:49:22+00:00
CCH-000485,ACCT-000025,B0013,889.14,2026-07-15T12:49:22+00:00
CCH-000486,ACCT-000061,B0013,578.35,2026-07-15T12:49:22+00:00
CCH-000487,ACCT-000126,B0013,727.68,2026-07-15T12:49:22+00:00
CCH-000488,ACCT-000051,B0013,686.22,2026-07-15T12:49:22+00:00
CCH-000489,ACCT-000150,B0013,852.57,2026-07-15T12:49:22+00:00
CCH-000490,ACCT-000059,B0013,106.98,2026-07-15T12:49:22+00:00
CCH-000491,ACCT-000121,B0013,727.77,2026-07-15T12:49:22+00:00
CCH-000492,ACCT-000032,B0013,614.94,2026-07-15T12:49:22+00:00
CCH-000493,ACCT-000118,B0013,702.84,2026-07-15T12:49:22+00:00
CCH-000494,ACCT-000080,B0013,109.85,2026-07-15T12:49:22+00:00
CCH-000495,ACCT-000017,B0013,901.65,2026-07-15T12:49:22+00:00
CCH-000496,ACCT-000099,B0013,57.12,2026-07-15T12:49:22+00:00
CCH-000497,ACCT-000005,B0013,370.93,2026-07-15T12:49:22+00:00
CCH-000498,ACCT-000088,B0013,607.56,2026-07-15T12:49:22+00:00
CCH-000499,ACCT-000124,B0013,1035.07,2026-07-15T12:49:22+00:00
CCH-000500,ACCT-000115,B0013,274.19,2026-07-15T12:49:22+00:00
CCH-000501,ACCT-000056,B0013,379.77,2026-07-15T12:49:22+00:00
CCH-000502,ACCT-000014,B0013,411.4,2026-07-15T12:49:22+00:00
CCH-000503,ACCT-000120,B0013,108.74,2026-07-15T12:49:22+00:00
CCH-000504,ACCT-000083,B0013,277.84,2026-07-15T12:49:22+00:00
CCH-000505,ACCT-000101,B0013,475.95,2026-07-15T12:49:22+00:00
CCH-000506,ACCT-000102,B0013,1013.06,2026-07-15T12:49:22+00:00
CCH-000507,ACCT-000134,B0013,696.11,2026-07-15T12:49:22+00:00
CCH-000508,ACCT-000135,B0013,30.62,2026-07-15T12:49:22+00:00
CCH-000509,ACCT-000098,B0013,537.48,2026-07-15T12:49:22+00:00
CCH-000510,ACCT-000106,B0013,921.16,2026-07-15T12:49:22+00:00
CCH-000511,ACCT-000007,B0013,485.82,2026-07-15T12:49:22+00:00
CCH-000512,ACCT-000012,B0013,558.31,2026-07-15T12:49:22+00:00
CCH-000513,ACCT-000060,B0013,997.89,2026-07-15T12:49:22+00:00
CCH-000514,ACCT-000152,B0013,296.21,2026-07-15T12:49:22+00:00
CCH-000515,ACCT-000153,B0013,1046.1,2026-07-15T12:49:22+00:00
CCH-000516,ACCT-000154,B0013,449.99,2026-07-15T12:49:22+00:00
CCH-000517,ACCT-000049,B0014,812.07,2026-07-15T14:43:18+00:00
CCH-000518,ACCT-000078,B0014,737.7,2026-07-15T14:43:18+00:00
CCH-000519,ACCT-000148,B0014,836.17,2026-07-15T14:43:18+00:00
CCH-000520,ACCT-000093,B0014,190.54,2026-07-15T14:43:18+00:00
CCH-000521,ACCT-000004,B0014,1189.04,2026-07-15T14:43:18+00:00
CCH-000522,ACCT-000070,B0014,672.37,2026-07-15T14:43:18+00:00
CCH-000523,ACCT-000041,B0014,934.19,2026-07-15T14:43:18+00:00
CCH-000524,ACCT-000035,B0014,900.82,2026-07-15T14:43:18+00:00
CCH-000525,ACCT-000007,B0014,775.66,2026-07-15T14:43:18+00:00
CCH-000526,ACCT-000137,B0014,136.64,2026-07-15T14:43:18+00:00
CCH-000527,ACCT-000099,B0014,311.81,2026-07-15T14:43:18+00:00
CCH-000528,ACCT-000005,B0014,518.98,2026-07-15T14:43:18+00:00
CCH-000529,ACCT-000018,B0014,607.57,2026-07-15T14:43:18+00:00
CCH-000530,ACCT-000052,B0014,332.62,2026-07-15T14:43:18+00:00
CCH-000531,ACCT-000086,B0014,291.59,2026-07-15T14:43:18+00:00
CCH-000532,ACCT-000083,B0014,1120.98,2026-07-15T14:43:18+00:00
CCH-000533,ACCT-000045,B0014,140.37,2026-07-15T14:43:18+00:00
CCH-000534,ACCT-000040,B0014,433.34,2026-07-15T14:43:18+00:00
CCH-000535,ACCT-000081,B0014,1160.12,2026-07-15T14:43:18+00:00
CCH-000536,ACCT-000069,B0014,664.06,2026-07-15T14:43:18+00:00
CCH-000537,ACCT-000085,B0014,793.29,2026-07-15T14:43:18+00:00
CCH-000538,ACCT-000098,B0014,316.33,2026-07-15T14:43:18+00:00
CCH-000539,ACCT-000011,B0014,309.64,2026-07-15T14:43:18+00:00
CCH-000540,ACCT-000015,B0014,661.68,2026-07-15T14:43:18+00:00
CCH-000541,ACCT-000143,B0014,631.37,2026-07-15T14:43:18+00:00
CCH-000542,ACCT-000028,B0014,287.67,2026-07-15T14:43:18+00:00
CCH-000543,ACCT-000127,B0014,476.3,2026-07-15T14:43:18+00:00
CCH-000544,ACCT-000019,B0014,197.25,2026-07-15T14:43:18+00:00
CCH-000545,ACCT-000090,B0014,1230.45,2026-07-15T14:43:18+00:00
CCH-000546,ACCT-000038,B0014,1100.09,2026-07-15T14:43:18+00:00
CCH-000547,ACCT-000048,B0014,261.15,2026-07-15T14:43:18+00:00
CCH-000548,ACCT-000145,B0014,1375.67,2026-07-15T14:43:18+00:00
CCH-000549,ACCT-000155,B0014,207.65,2026-07-15T14:43:18+00:00
CCH-000550,ACCT-000156,B0014,1036.37,2026-07-15T14:43:18+00:00
CCH-000551,ACCT-000157,B0014,465.78,2026-07-15T14:43:18+00:00
CCH-000552,ACCT-000009,B0015,558.25,2026-07-15T16:14:57+00:00
CCH-000553,ACCT-000026,B0015,805.03,2026-07-15T16:14:57+00:00
CCH-000554,ACCT-000064,B0015,330.96,2026-07-15T16:14:57+00:00
CCH-000555,ACCT-000034,B0015,384.54,2026-07-15T16:14:57+00:00
CCH-000556,ACCT-000021,B0015,646.36,2026-07-15T16:14:57+00:00
CCH-000557,ACCT-000100,B0015,101.54,2026-07-15T16:14:57+00:00
CCH-000558,ACCT-000086,B0015,560.22,2026-07-15T16:14:57+00:00
CCH-000559,ACCT-000003,B0015,674.68,2026-07-15T16:14:57+00:00
CCH-000560,ACCT-000078,B0015,1061.24,2026-07-15T16:14:57+00:00
CCH-000561,ACCT-000069,B0015,153.26,2026-07-15T16:14:57+00:00
CCH-000562,ACCT-000047,B0015,185.91,2026-07-15T16:14:57+00:00
CCH-000563,ACCT-000152,B0015,113.91,2026-07-15T16:14:57+00:00
CCH-000564,ACCT-000079,B0015,501.8,2026-07-15T16:14:57+00:00
CCH-000565,ACCT-000023,B0015,490.53,2026-07-15T16:14:57+00:00
CCH-000566,ACCT-000001,B0015,492.26,2026-07-15T16:14:57+00:00
CCH-000567,ACCT-000061,B0015,346.88,2026-07-15T16:14:57+00:00
CCH-000568,ACCT-000057,B0015,252.27,2026-07-15T16:14:57+00:00
CCH-000569,ACCT-000033,B0015,379.47,2026-07-15T16:14:57+00:00
CCH-000570,ACCT-000129,B0015,128.62,2026-07-15T16:14:57+00:00
CCH-000571,ACCT-000123,B0015,672.61,2026-07-15T16:14:57+00:00
CCH-000572,ACCT-000137,B0015,306.92,2026-07-15T16:14:57+00:00
CCH-000573,ACCT-000042,B0015,651.59,2026-07-15T16:14:57+00:00
CCH-000574,ACCT-000036,B0015,481.85,2026-07-15T16:14:57+00:00
CCH-000575,ACCT-000116,B0015,54.67,2026-07-15T16:14:57+00:00
CCH-000576,ACCT-000140,B0015,415.09,2026-07-15T16:14:57+00:00
CCH-000577,ACCT-000050,B0015,503.08,2026-07-15T16:14:57+00:00
CCH-000578,ACCT-000010,B0015,869.61,2026-07-15T16:14:57+00:00
CCH-000579,ACCT-000022,B0015,707.34,2026-07-15T16:14:57+00:00
CCH-000580,ACCT-000158,B0015,1117.96,2026-07-15T16:14:57+00:00
CCH-000581,ACCT-000159,B0015,248.88,2026-07-15T16:14:57+00:00
CCH-000582,ACCT-000096,B0016,694.63,2026-07-15T17:44:30+00:00
CCH-000583,ACCT-000060,B0016,1070.21,2026-07-15T17:44:30+00:00
CCH-000584,ACCT-000130,B0016,68.37,2026-07-15T17:44:30+00:00
CCH-000585,ACCT-000027,B0016,284.91,2026-07-15T17:44:30+00:00
CCH-000586,ACCT-000035,B0016,174.12,2026-07-15T17:44:30+00:00
CCH-000587,ACCT-000049,B0016,591.27,2026-07-15T17:44:30+00:00
CCH-000588,ACCT-000158,B0016,326.91,2026-07-15T17:44:30+00:00
CCH-000589,ACCT-000088,B0016,1157.23,2026-07-15T17:44:30+00:00
CCH-000590,ACCT-000001,B0016,681.34,2026-07-15T17:44:30+00:00
CCH-000591,ACCT-000037,B0016,273.47,2026-07-15T17:44:30+00:00
CCH-000592,ACCT-000077,B0016,860.54,2026-07-15T17:44:30+00:00
CCH-000593,ACCT-000144,B0016,687.04,2026-07-15T17:44:30+00:00
CCH-000594,ACCT-000092,B0016,335.36,2026-07-15T17:44:30+00:00
CCH-000595,ACCT-000010,B0016,764.88,2026-07-15T17:44:30+00:00
CCH-000596,ACCT-000090,B0016,482.42,2026-07-15T17:44:30+00:00
CCH-000597,ACCT-000147,B0016,845.04,2026-07-15T17:44:30+00:00
CCH-000598,ACCT-000070,B0016,299.81,2026-07-15T17:44:30+00:00
CCH-000599,ACCT-000039,B0016,763.26,2026-07-15T17:44:30+00:00
CCH-000600,ACCT-000089,B0016,524.33,2026-07-15T17:44:30+00:00
CCH-000601,ACCT-000086,B0016,1075.23,2026-07-15T17:44:30+00:00
CCH-000602,ACCT-000139,B0016,643.1,2026-07-15T17:44:30+00:00
CCH-000603,ACCT-000103,B0016,682.2,2026-07-15T17:44:30+00:00
CCH-000604,ACCT-000142,B0016,393.29,2026-07-15T17:44:30+00:00
CCH-000605,ACCT-000036,B0016,363.11,2026-07-15T17:44:30+00:00
CCH-000606,ACCT-000117,B0016,400.15,2026-07-15T17:44:30+00:00
CCH-000607,ACCT-000112,B0016,726.93,2026-07-15T17:44:30+00:00
CCH-000608,ACCT-000121,B0016,456.19,2026-07-15T17:44:30+00:00
CCH-000609,ACCT-000019,B0016,397.53,2026-07-15T17:44:30+00:00
CCH-000610,ACCT-000128,B0016,1065.22,2026-07-15T17:44:30+00:00
CCH-000611,ACCT-000093,B0016,377.25,2026-07-15T17:44:30+00:00
CCH-000612,ACCT-000047,B0016,625.83,2026-07-15T17:44:30+00:00
CCH-000613,ACCT-000065,B0016,329.53,2026-07-15T17:44:30+00:00
CCH-000614,ACCT-000160,B0016,1060.11,2026-07-15T17:44:30+00:00
CCH-000615,ACCT-000161,B0016,514.45,2026-07-15T17:44:30+00:00
CCH-000616,ACCT-000148,B0017,468.58,2026-07-15T18:58:12+00:00
CCH-000617,ACCT-000019,B0017,1016.42,2026-07-15T18:58:12+00:00
CCH-000618,ACCT-000086,B0017,732.26,2026-07-15T18:58:12+00:00
CCH-000619,ACCT-000052,B0017,120.42,2026-07-15T18:58:12+00:00
CCH-000620,ACCT-000049,B0017,583.4,2026-07-15T18:58:12+00:00
CCH-000621,ACCT-000154,B0017,590.59,2026-07-15T18:58:12+00:00
CCH-000622,ACCT-000081,B0017,419.82,2026-07-15T18:58:12+00:00
CCH-000623,ACCT-000119,B0017,351.06,2026-07-15T18:58:12+00:00
CCH-000624,ACCT-000157,B0017,636.17,2026-07-15T18:58:12+00:00
CCH-000625,ACCT-000037,B0017,478.26,2026-07-15T18:58:12+00:00
CCH-000626,ACCT-000011,B0017,623.58,2026-07-15T18:58:12+00:00
CCH-000627,ACCT-000137,B0017,535.81,2026-07-15T18:58:12+00:00
CCH-000628,ACCT-000055,B0017,257.55,2026-07-15T18:58:12+00:00
CCH-000629,ACCT-000065,B0017,60.93,2026-07-15T18:58:12+00:00
CCH-000630,ACCT-000009,B0017,619.72,2026-07-15T18:58:12+00:00
CCH-000631,ACCT-000075,B0017,540.44,2026-07-15T18:58:12+00:00
CCH-000632,ACCT-000130,B0017,895.59,2026-07-15T18:58:12+00:00
CCH-000633,ACCT-000128,B0017,581.66,2026-07-15T18:58:12+00:00
CCH-000634,ACCT-000108,B0017,586.23,2026-07-15T18:58:12+00:00
CCH-000635,ACCT-000082,B0017,970.84,2026-07-15T18:58:12+00:00
CCH-000636,ACCT-000017,B0017,59.11,2026-07-15T18:58:12+00:00
CCH-000637,ACCT-000151,B0017,853.73,2026-07-15T18:58:12+00:00
CCH-000638,ACCT-000139,B0017,368.19,2026-07-15T18:58:12+00:00
CCH-000639,ACCT-000107,B0017,253.33,2026-07-15T18:58:12+00:00
CCH-000640,ACCT-000044,B0017,50.79,2026-07-15T18:58:12+00:00
CCH-000641,ACCT-000095,B0017,51.13,2026-07-15T18:58:12+00:00
CCH-000642,ACCT-000048,B0017,899.35,2026-07-15T18:58:12+00:00
CCH-000643,ACCT-000138,B0017,118.55,2026-07-15T18:58:12+00:00
CCH-000644,ACCT-000056,B0017,714.69,2026-07-15T18:58:12+00:00
CCH-000645,ACCT-000097,B0017,590.32,2026-07-15T18:58:12+00:00
CCH-000646,ACCT-000106,B0017,828.82,2026-07-15T18:58:12+00:00
CCH-000647,ACCT-000006,B0017,65.54,2026-07-15T18:58:12+00:00
CCH-000648,ACCT-000124,B0017,1029.7,2026-07-15T18:58:12+00:00
CCH-000649,ACCT-000127,B0017,301.01,2026-07-15T18:58:12+00:00
CCH-000650,ACCT-000113,B0017,925.82,2026-07-15T18:58:12+00:00
CCH-000651,ACCT-000162,B0017,639.88,2026-07-15T18:58:12+00:00
CCH-000652,ACCT-000163,B0017,784.69,2026-07-15T18:58:12+00:00
CCH-000653,ACCT-000164,B0017,1059.91,2026-07-15T18:58:12+00:00
CCH-000654,ACCT-000152,B0018,773.09,2026-07-15T20:08:35+00:00
CCH-000655,ACCT-000153,B0018,197.03,2026-07-15T20:08:35+00:00
CCH-000656,ACCT-000106,B0018,445.67,2026-07-15T20:08:35+00:00
CCH-000657,ACCT-000030,B0018,489.65,2026-07-15T20:08:35+00:00
CCH-000658,ACCT-000143,B0018,1078.05,2026-07-15T20:08:35+00:00
CCH-000659,ACCT-000011,B0018,540.61,2026-07-15T20:08:35+00:00
CCH-000660,ACCT-000095,B0018,622.45,2026-07-15T20:08:35+00:00
CCH-000661,ACCT-000112,B0018,333.95,2026-07-15T20:08:35+00:00
CCH-000662,ACCT-000098,B0018,397.87,2026-07-15T20:08:35+00:00
CCH-000663,ACCT-000113,B0018,121.85,2026-07-15T20:08:35+00:00
CCH-000664,ACCT-000127,B0018,831.86,2026-07-15T20:08:35+00:00
CCH-000665,ACCT-000104,B0018,600.2,2026-07-15T20:08:35+00:00
CCH-000666,ACCT-000077,B0018,352.05,2026-07-15T20:08:35+00:00
CCH-000667,ACCT-000131,B0018,487.99,2026-07-15T20:08:35+00:00
CCH-000668,ACCT-000148,B0018,628.26,2026-07-15T20:08:35+00:00
CCH-000669,ACCT-000046,B0018,386.76,2026-07-15T20:08:35+00:00
CCH-000670,ACCT-000100,B0018,660.06,2026-07-15T20:08:35+00:00
CCH-000671,ACCT-000111,B0018,130.63,2026-07-15T20:08:35+00:00
CCH-000672,ACCT-000058,B0018,480.2,2026-07-15T20:08:35+00:00
CCH-000673,ACCT-000158,B0018,491.94,2026-07-15T20:08:35+00:00
CCH-000674,ACCT-000124,B0018,353.01,2026-07-15T20:08:35+00:00
CCH-000675,ACCT-000099,B0018,314.64,2026-07-15T20:08:35+00:00
CCH-000676,ACCT-000140,B0018,145.32,2026-07-15T20:08:35+00:00
CCH-000677,ACCT-000054,B0018,419.37,2026-07-15T20:08:35+00:00
CCH-000678,ACCT-000017,B0018,1124.95,2026-07-15T20:08:35+00:00
CCH-000679,ACCT-000120,B0018,280.21,2026-07-15T20:08:35+00:00
CCH-000680,ACCT-000003,B0018,128.91,2026-07-15T20:08:35+00:00
CCH-000681,ACCT-000149,B0018,97.93,2026-07-15T20:08:35+00:00
CCH-000682,ACCT-000038,B0018,252.46,2026-07-15T20:08:35+00:00
CCH-000683,ACCT-000043,B0018,253.14,2026-07-15T20:08:35+00:00
CCH-000684,ACCT-000122,B0018,990.43,2026-07-15T20:08:35+00:00
CCH-000685,ACCT-000102,B0018,624.06,2026-07-15T20:08:35+00:00
CCH-000686,ACCT-000045,B0018,448.35,2026-07-15T20:08:35+00:00
CCH-000687,ACCT-000165,B0018,282.56,2026-07-15T20:08:35+00:00
CCH-000688,ACCT-000166,B0018,1302.14,2026-07-15T20:08:35+00:00
CCH-000689,ACCT-000011,B0019,103.89,2026-07-15T21:28:51+00:00
CCH-000690,ACCT-000002,B0019,434.7,2026-07-15T21:28:51+00:00
CCH-000691,ACCT-000052,B0019,285.39,2026-07-15T21:28:51+00:00
CCH-000692,ACCT-000074,B0019,716.77,2026-07-15T21:28:51+00:00
CCH-000693,ACCT-000067,B0019,700.95,2026-07-15T21:28:51+00:00
CCH-000694,ACCT-000123,B0019,369.13,2026-07-15T21:28:51+00:00
CCH-000695,ACCT-000117,B0019,114.46,2026-07-15T21:28:51+00:00
CCH-000696,ACCT-000129,B0019,578.24,2026-07-15T21:28:51+00:00
CCH-000697,ACCT-000027,B0019,234.6,2026-07-15T21:28:51+00:00
CCH-000698,ACCT-000153,B0019,104.1,2026-07-15T21:28:51+00:00
CCH-000699,ACCT-000093,B0019,683.22,2026-07-15T21:28:51+00:00
CCH-000700,ACCT-000014,B0019,801.15,2026-07-15T21:28:51+00:00
CCH-000701,ACCT-000103,B0019,891.5,2026-07-15T21:28:51+00:00
CCH-000702,ACCT-000134,B0019,764.55,2026-07-15T21:28:51+00:00
CCH-000703,ACCT-000054,B0019,1043.64,2026-07-15T21:28:51+00:00
CCH-000704,ACCT-000066,B0019,359.91,2026-07-15T21:28:51+00:00
CCH-000705,ACCT-000091,B0019,884.83,2026-07-15T21:28:51+00:00
CCH-000706,ACCT-000160,B0019,613.42,2026-07-15T21:28:51+00:00
CCH-000707,ACCT-000145,B0019,319.92,2026-07-15T21:28:51+00:00
CCH-000708,ACCT-000082,B0019,742.29,2026-07-15T21:28:51+00:00
CCH-000709,ACCT-000047,B0019,95.28,2026-07-15T21:28:51+00:00
CCH-000710,ACCT-000130,B0019,238.86,2026-07-15T21:28:51+00:00
CCH-000711,ACCT-000031,B0019,705.78,2026-07-15T21:28:51+00:00
CCH-000712,ACCT-000164,B0019,1092.4,2026-07-15T21:28:51+00:00
CCH-000713,ACCT-000086,B0019,508.47,2026-07-15T21:28:51+00:00
CCH-000714,ACCT-000113,B0019,112.36,2026-07-15T21:28:51+00:00
CCH-000715,ACCT-000025,B0019,272.09,2026-07-15T21:28:51+00:00
CCH-000716,ACCT-000068,B0019,175.62,2026-07-15T21:28:51+00:00
CCH-000717,ACCT-000105,B0019,383.05,2026-07-15T21:28:51+00:00
CCH-000718,ACCT-000056,B0019,706.55,2026-07-15T21:28:51+00:00
CCH-000719,ACCT-000167,B0019,590.35,2026-07-15T21:28:51+00:00
CCH-000720,ACCT-000168,B0019,562.66,2026-07-15T21:28:51+00:00
CCH-000721,ACCT-000169,B0019,755.54,2026-07-15T21:28:51+00:00
CCH-000722,ACCT-000170,B0019,1062.74,2026-07-15T21:28:51+00:00
CCH-000723,ACCT-000144,B0020,64.34,2026-07-15T22:30:17+00:00
CCH-000724,ACCT-000117,B0020,962.17,2026-07-15T22:30:17+00:00
CCH-000725,ACCT-000126,B0020,467.92,2026-07-15T22:30:17+00:00
CCH-000726,ACCT-000085,B0020,704.26,2026-07-15T22:30:17+00:00
CCH-000727,ACCT-000122,B0020,443.19,2026-07-15T22:30:17+00:00
CCH-000728,ACCT-000100,B0020,748.59,2026-07-15T22:30:17+00:00
CCH-000729,ACCT-000150,B0020,605.23,2026-07-15T22:30:17+00:00
CCH-000730,ACCT-000140,B0020,276.77,2026-07-15T22:30:17+00:00
CCH-000731,ACCT-000131,B0020,216.24,2026-07-15T22:30:17+00:00
CCH-000732,ACCT-000095,B0020,839.21,2026-07-15T22:30:17+00:00
CCH-000733,ACCT-000111,B0020,334.8,2026-07-15T22:30:17+00:00
CCH-000734,ACCT-000129,B0020,859.8,2026-07-15T22:30:17+00:00
CCH-000735,ACCT-000136,B0020,1165.02,2026-07-15T22:30:17+00:00
CCH-000736,ACCT-000161,B0020,660.34,2026-07-15T22:30:17+00:00
CCH-000737,ACCT-000028,B0020,95.76,2026-07-15T22:30:17+00:00
CCH-000738,ACCT-000054,B0020,110.49,2026-07-15T22:30:17+00:00
CCH-000739,ACCT-000079,B0020,447.19,2026-07-15T22:30:17+00:00
CCH-000740,ACCT-000046,B0020,513.14,2026-07-15T22:30:17+00:00
CCH-000741,ACCT-000070,B0020,311.05,2026-07-15T22:30:17+00:00
CCH-000742,ACCT-000011,B0020,602.84,2026-07-15T22:30:17+00:00
CCH-000743,ACCT-000081,B0020,736.04,2026-07-15T22:30:17+00:00
CCH-000744,ACCT-000169,B0020,714.85,2026-07-15T22:30:17+00:00
CCH-000745,ACCT-000088,B0020,669.68,2026-07-15T22:30:17+00:00
CCH-000746,ACCT-000005,B0020,143.48,2026-07-15T22:30:17+00:00
CCH-000747,ACCT-000066,B0020,547.13,2026-07-15T22:30:17+00:00
CCH-000748,ACCT-000059,B0020,66.88,2026-07-15T22:30:17+00:00
CCH-000749,ACCT-000134,B0020,266.02,2026-07-15T22:30:17+00:00
CCH-000750,ACCT-000171,B0020,408.08,2026-07-15T22:30:17+00:00
CCH-000751,ACCT-000172,B0020,623.83,2026-07-15T22:30:17+00:00
CCH-000752,ACCT-000173,B0020,362.82,2026-07-15T22:30:17+00:00
