payment_id,account_id,batch_id,payment_date,payment_method,payment_amount,generated_at
PMT-000001,ACCT-000001,B0001,2026-01-12,Check,635.18,2026-07-12T19:44:37+00:00
PMT-000002,ACCT-000001,B0001,2026-01-08,ACH,186.32,2026-07-12T19:44:37+00:00
PMT-000003,ACCT-000001,B0001,2026-01-04,Check,317.06,2026-07-12T19:44:37+00:00
PMT-000004,ACCT-000002,B0001,2026-01-10,Lockbox,267.13,2026-07-12T19:44:37+00:00
PMT-000005,ACCT-000002,B0001,2026-01-09,ACH,137.43,2026-07-12T19:44:37+00:00
PMT-000006,ACCT-000003,B0001,2026-01-15,Lockbox,636.55,2026-07-12T19:44:37+00:00
PMT-000007,ACCT-000003,B0001,2026-01-10,Lockbox,280.11,2026-07-12T19:44:37+00:00
PMT-000008,ACCT-000004,B0001,2026-01-12,Lockbox,429.07,2026-07-12T19:44:37+00:00
PMT-000009,ACCT-000004,B0001,2026-01-10,Check,458.5,2026-07-12T19:44:37+00:00
PMT-000010,ACCT-000005,B0001,2026-01-15,Card,487.64,2026-07-12T19:44:37+00:00
PMT-000011,ACCT-000006,B0001,2026-01-06,ACH,141.69,2026-07-12T19:44:37+00:00
PMT-000012,ACCT-000006,B0001,2026-01-11,Lockbox,660.86,2026-07-12T19:44:37+00:00
PMT-000013,ACCT-000007,B0001,2026-01-15,Lockbox,111.82,2026-07-12T19:44:37+00:00
PMT-000014,ACCT-000007,B0001,2026-01-08,ACH,100.37,2026-07-12T19:44:37+00:00
PMT-000015,ACCT-000007,B0001,2026-01-09,Check,43.19,2026-07-12T19:44:37+00:00
PMT-000016,ACCT-000008,B0001,2026-01-03,Lockbox,319.64,2026-07-12T19:44:37+00:00
PMT-000017,ACCT-000008,B0001,2026-01-06,Lockbox,705.73,2026-07-12T19:44:37+00:00
PMT-000018,ACCT-000009,B0001,2026-01-03,Card,363.85,2026-07-12T19:44:37+00:00
PMT-000019,ACCT-000009,B0001,2026-01-04,Lockbox,154.93,2026-07-12T19:44:37+00:00
PMT-000020,ACCT-000010,B0001,2026-01-10,Check,721.41,2026-07-12T19:44:37+00:00
PMT-000021,ACCT-000010,B0001,2026-01-04,Lockbox,167.78,2026-07-12T19:44:37+00:00
PMT-000022,ACCT-000011,B0001,2026-01-04,Lockbox,368.12,2026-07-12T19:44:37+00:00
PMT-000023,ACCT-000012,B0001,2026-01-15,Check,59.66,2026-07-12T19:44:37+00:00
PMT-000024,ACCT-000012,B0001,2026-01-04,Card,662.12,2026-07-12T19:44:37+00:00
PMT-000025,ACCT-000013,B0001,2026-01-09,Lockbox,1203.84,2026-07-12T19:44:37+00:00
PMT-000026,ACCT-000014,B0001,2026-01-03,Lockbox,147.91,2026-07-12T19:44:37+00:00
PMT-000027,ACCT-000014,B0001,2026-01-08,Lockbox,124.84,2026-07-12T19:44:37+00:00
PMT-000028,ACCT-000014,B0001,2026-01-11,Lockbox,80.06,2026-07-12T19:44:37+00:00
PMT-000029,ACCT-000014,B0001,2026-01-08,Lockbox,124.84,2026-07-12T19:44:37+00:00
PMT-000030,ACCT-000015,B0001,2026-01-15,Lockbox,12.3,2026-07-12T19:44:37+00:00
PMT-000031,ACCT-000015,B0001,2026-01-08,Lockbox,13.35,2026-07-12T19:44:37+00:00
PMT-000032,ACCT-000015,B0001,2026-01-11,ACH,90.82,2026-07-12T19:44:37+00:00
PMT-000033,ACCT-000015,B0001,2026-01-15,Lockbox,12.3,2026-07-12T19:44:37+00:00
PMT-000034,ACCT-000016,B0001,2026-01-13,ACH,97.65,2026-07-12T19:44:37+00:00
PMT-000035,ACCT-000016,B0001,2026-01-15,Card,76.44,2026-07-12T19:44:37+00:00
PMT-000036,ACCT-000016,B0001,2026-01-03,Check,204.36,2026-07-12T19:44:37+00:00
PMT-000037,ACCT-000017,B0001,2026-01-09,Check,1006.54,2026-07-12T19:44:37+00:00
PMT-000038,ACCT-000017,B0001,2026-01-09,Check,1006.54,2026-07-12T19:44:37+00:00
PMT-000039,ACCT-000018,B0001,2026-01-08,Lockbox,431.23,2026-07-12T19:44:37+00:00
PMT-000040,ACCT-000019,B0001,2026-01-04,Lockbox,269.78,2026-07-12T19:44:37+00:00
PMT-000041,ACCT-000019,B0001,2026-01-11,Lockbox,301.93,2026-07-12T19:44:37+00:00
PMT-000042,ACCT-000020,B0001,2026-01-15,Card,135.42,2026-07-12T19:44:37+00:00
PMT-000043,ACCT-000020,B0001,2026-01-07,Check,15.97,2026-07-12T19:44:37+00:00
PMT-000044,ACCT-000020,B0001,2026-01-06,Lockbox,18.82,2026-07-12T19:44:37+00:00
PMT-000045,ACCT-000021,B0001,2026-01-04,Lockbox,287.13,2026-07-12T19:44:37+00:00
PMT-000046,ACCT-000021,B0001,2026-01-14,ACH,92.8,2026-07-12T19:44:37+00:00
PMT-000047,ACCT-000022,B0001,2026-01-08,Card,642.42,2026-07-12T19:44:37+00:00
PMT-000048,ACCT-000022,B0001,2026-01-08,Card,12.32,2026-07-12T19:44:37+00:00
PMT-000049,ACCT-000023,B0001,2026-01-11,Lockbox,475.83,2026-07-12T19:44:37+00:00
PMT-000050,ACCT-000023,B0001,2026-01-13,Lockbox,11.19,2026-07-12T19:44:37+00:00
PMT-000051,ACCT-000024,B0001,2026-01-08,Lockbox,976.1,2026-07-12T19:44:37+00:00
PMT-000052,ACCT-000024,B0001,2026-01-09,Card,13.91,2026-07-12T19:44:37+00:00
PMT-000053,ACCT-000024,B0001,2026-01-09,Card,13.91,2026-07-12T19:44:37+00:00
PMT-000054,ACCT-000025,B0001,2026-01-10,Lockbox,173.69,2026-07-12T19:44:37+00:00
PMT-000055,ACCT-000025,B0001,2026-01-05,ACH,205.46,2026-07-12T19:44:37+00:00
PMT-000056,ACCT-000026,B0001,2026-01-04,Check,891.71,2026-07-12T19:44:37+00:00
PMT-000057,ACCT-000027,B0001,2026-01-07,Lockbox,223.67,2026-07-12T19:44:37+00:00
PMT-000058,ACCT-000028,B0001,2026-01-06,Check,452.94,2026-07-12T19:44:37+00:00
PMT-000059,ACCT-000028,B0001,2026-01-05,Lockbox,751.0,2026-07-12T19:44:37+00:00
PMT-000060,ACCT-000029,B0001,2026-01-06,Lockbox,64.29,2026-07-12T19:44:37+00:00
PMT-000061,ACCT-000029,B0001,2026-01-11,Card,834.61,2026-07-12T19:44:37+00:00
PMT-000062,ACCT-000029,B0001,2026-01-06,Check,32.22,2026-07-12T19:44:37+00:00
PMT-000063,ACCT-000030,B0001,2026-01-12,Card,356.11,2026-07-12T19:44:37+00:00
PMT-000064,ACCT-000031,B0001,2026-01-13,Card,98.7,2026-07-12T19:44:37+00:00
PMT-000065,ACCT-000031,B0001,2026-01-05,Lockbox,677.66,2026-07-12T19:44:37+00:00
PMT-000066,ACCT-000032,B0001,2026-01-05,Card,35.51,2026-07-12T19:44:37+00:00
PMT-000067,ACCT-000032,B0001,2026-01-08,ACH,133.16,2026-07-12T19:44:37+00:00
PMT-000068,ACCT-000033,B0001,2026-01-15,Check,375.92,2026-07-12T19:44:37+00:00
PMT-000069,ACCT-000033,B0001,2026-01-15,Check,375.92,2026-07-12T19:44:37+00:00
PMT-000070,ACCT-000034,B0001,2026-01-06,Lockbox,129.79,2026-07-12T19:44:37+00:00
PMT-000071,ACCT-000034,B0001,2026-01-11,ACH,511.61,2026-07-12T19:44:37+00:00
PMT-000072,ACCT-000034,B0001,2026-01-04,Check,53.54,2026-07-12T19:44:37+00:00
PMT-000073,ACCT-000035,B0001,2026-01-05,Card,120.16,2026-07-12T19:44:37+00:00
PMT-000074,ACCT-000035,B0001,2026-01-05,ACH,545.84,2026-07-12T19:44:37+00:00
PMT-000075,ACCT-000036,B0001,2026-01-03,ACH,193.41,2026-07-12T19:44:37+00:00
PMT-000076,ACCT-000036,B0001,2026-01-11,Card,741.31,2026-07-12T19:44:37+00:00
PMT-000077,ACCT-000037,B0001,2026-01-14,ACH,228.85,2026-07-12T19:44:37+00:00
PMT-000078,ACCT-000037,B0001,2026-01-08,Lockbox,68.89,2026-07-12T19:44:37+00:00
PMT-000079,ACCT-000037,B0001,2026-01-03,Check,26.07,2026-07-12T19:44:37+00:00
PMT-000080,ACCT-000037,B0001,2026-01-03,Check,26.07,2026-07-12T19:44:37+00:00
PMT-000081,ACCT-000038,B0001,2026-01-09,ACH,263.21,2026-07-12T19:44:37+00:00
PMT-000082,ACCT-000038,B0001,2026-01-08,Lockbox,138.93,2026-07-12T19:44:37+00:00
PMT-000083,ACCT-000039,B0001,2026-01-11,Check,117.21,2026-07-12T19:44:37+00:00
PMT-000084,ACCT-000040,B0001,2026-01-09,ACH,522.63,2026-07-12T19:44:37+00:00
PMT-000085,ACCT-000040,B0001,2026-01-10,Lockbox,449.9,2026-07-12T19:44:37+00:00
PMT-000086,ACCT-000041,B0001,2026-01-14,Lockbox,216.04,2026-07-12T19:44:37+00:00
PMT-000087,ACCT-000041,B0001,2026-01-10,Lockbox,223.06,2026-07-12T19:44:37+00:00
PMT-000088,ACCT-000041,B0001,2026-01-04,ACH,21.8,2026-07-12T19:44:37+00:00
PMT-000089,ACCT-000042,B0001,2026-01-03,Check,150.59,2026-07-12T19:44:37+00:00
PMT-000090,ACCT-000042,B0001,2026-01-06,Card,324.03,2026-07-12T19:44:37+00:00
PMT-000091,ACCT-000042,B0001,2026-01-03,Lockbox,274.01,2026-07-12T19:44:37+00:00
PMT-000092,ACCT-000043,B0001,2026-01-14,Card,262.66,2026-07-12T19:44:37+00:00
PMT-000093,ACCT-000043,B0001,2026-01-04,ACH,168.14,2026-07-12T19:44:37+00:00
PMT-000094,ACCT-000043,B0001,2026-01-14,Card,149.87,2026-07-12T19:44:37+00:00
PMT-000095,ACCT-000043,B0001,2026-01-04,ACH,168.14,2026-07-12T19:44:37+00:00
PMT-000096,ACCT-000044,B0001,2026-01-03,ACH,670.67,2026-07-12T19:44:37+00:00
PMT-000097,ACCT-000045,B0001,2026-01-05,Lockbox,888.96,2026-07-12T19:44:37+00:00
PMT-000098,ACCT-000045,B0001,2026-01-07,Check,103.07,2026-07-12T19:44:37+00:00
PMT-000099,ACCT-000046,B0001,2026-01-03,Check,217.53,2026-07-12T19:44:37+00:00
PMT-000100,ACCT-000047,B0001,2026-01-09,Card,302.23,2026-07-12T19:44:37+00:00
PMT-000101,ACCT-000048,B0001,2026-01-09,ACH,150.97,2026-07-12T19:44:37+00:00
PMT-000102,ACCT-000048,B0001,2026-01-10,Card,659.31,2026-07-12T19:44:37+00:00
PMT-000103,ACCT-000049,B0001,2026-01-07,Card,149.46,2026-07-12T19:44:37+00:00
PMT-000104,ACCT-000049,B0001,2026-01-03,Check,546.02,2026-07-12T19:44:37+00:00
PMT-000105,ACCT-000049,B0001,2026-01-10,Card,117.88,2026-07-12T19:44:37+00:00
PMT-000106,ACCT-000050,B0001,2026-01-03,Lockbox,152.03,2026-07-12T19:44:37+00:00
PMT-000107,ACCT-000050,B0001,2026-01-05,Check,9.89,2026-07-12T19:44:37+00:00
PMT-000108,ACCT-000050,B0001,2026-01-05,Check,41.16,2026-07-12T19:44:37+00:00
PMT-000109,ACCT-000051,B0001,2026-01-08,Lockbox,24.32,2026-07-12T19:44:37+00:00
PMT-000110,ACCT-000051,B0001,2026-01-15,ACH,77.4,2026-07-12T19:44:37+00:00
PMT-000111,ACCT-000051,B0001,2026-01-10,Check,163.62,2026-07-12T19:44:37+00:00
PMT-000112,ACCT-000052,B0001,2026-01-03,Card,26.89,2026-07-12T19:44:37+00:00
PMT-000113,ACCT-000052,B0001,2026-01-10,Lockbox,267.85,2026-07-12T19:44:37+00:00
PMT-000114,ACCT-000052,B0001,2026-01-07,Card,83.38,2026-07-12T19:44:37+00:00
PMT-000115,ACCT-000053,B0001,2026-01-06,ACH,434.54,2026-07-12T19:44:37+00:00
PMT-000116,ACCT-000053,B0001,2026-01-03,Check,192.54,2026-07-12T19:44:37+00:00
PMT-000117,ACCT-000054,B0001,2026-01-05,ACH,625.18,2026-07-12T19:44:37+00:00
PMT-000118,ACCT-000055,B0001,2026-01-11,ACH,618.9,2026-07-12T19:44:37+00:00
PMT-000119,ACCT-000056,B0001,2026-01-04,Lockbox,93.37,2026-07-12T19:44:37+00:00
PMT-000120,ACCT-000056,B0001,2026-01-12,Card,153.18,2026-07-12T19:44:37+00:00
PMT-000121,ACCT-000056,B0001,2026-01-11,Lockbox,34.4,2026-07-12T19:44:37+00:00
PMT-000122,ACCT-000057,B0001,2026-01-11,ACH,1051.13,2026-07-12T19:44:37+00:00
PMT-000123,ACCT-000058,B0001,2026-01-09,ACH,77.26,2026-07-12T19:44:37+00:00
PMT-000124,ACCT-000058,B0001,2026-01-10,Card,193.7,2026-07-12T19:44:37+00:00
PMT-000125,ACCT-000059,B0001,2026-01-11,Lockbox,115.71,2026-07-12T19:44:37+00:00
PMT-000126,ACCT-000060,B0001,2026-01-14,Check,277.39,2026-07-12T19:44:37+00:00
PMT-000127,ACCT-000060,B0001,2026-01-12,Check,68.5,2026-07-12T19:44:37+00:00
PMT-000128,ACCT-000060,B0001,2026-01-14,ACH,31.95,2026-07-12T19:44:37+00:00
PMT-000129,ACCT-000061,B0001,2026-01-06,Lockbox,936.32,2026-07-12T19:44:37+00:00
PMT-000130,ACCT-000062,B0001,2026-01-05,Lockbox,7.14,2026-07-12T19:44:37+00:00
PMT-000131,ACCT-000062,B0001,2026-01-10,Check,137.14,2026-07-12T19:44:37+00:00
PMT-000132,ACCT-000063,B0001,2026-01-14,Lockbox,758.31,2026-07-12T19:44:37+00:00
PMT-000133,ACCT-000064,B0001,2026-01-15,Card,20.76,2026-07-12T19:44:37+00:00
PMT-000134,ACCT-000064,B0001,2026-01-11,Check,18.03,2026-07-12T19:44:37+00:00
PMT-000135,ACCT-000064,B0001,2026-01-03,ACH,9.47,2026-07-12T19:44:37+00:00
PMT-000136,ACCT-000065,B0001,2026-01-04,Lockbox,108.29,2026-07-12T19:44:37+00:00
PMT-000137,ACCT-000065,B0001,2026-01-14,Lockbox,635.01,2026-07-12T19:44:37+00:00
PMT-000138,ACCT-000066,B0001,2026-01-04,Lockbox,236.8,2026-07-12T19:44:37+00:00
PMT-000139,ACCT-000067,B0001,2026-01-03,Card,168.13,2026-07-12T19:44:37+00:00
PMT-000140,ACCT-000067,B0001,2026-01-15,Card,96.3,2026-07-12T19:44:37+00:00
PMT-000141,ACCT-000068,B0001,2026-01-10,Check,521.72,2026-07-12T19:44:37+00:00
PMT-000142,ACCT-000068,B0001,2026-01-12,ACH,142.02,2026-07-12T19:44:37+00:00
PMT-000143,ACCT-000069,B0001,2026-01-08,Card,454.81,2026-07-12T19:44:37+00:00
PMT-000144,ACCT-000069,B0001,2026-01-14,Card,33.46,2026-07-12T19:44:37+00:00
PMT-000145,ACCT-000070,B0001,2026-01-12,ACH,666.84,2026-07-12T19:44:37+00:00
PMT-000146,ACCT-000070,B0001,2026-01-12,Card,219.88,2026-07-12T19:44:37+00:00
PMT-000147,ACCT-000071,B0001,2026-01-06,ACH,536.66,2026-07-12T19:44:37+00:00
PMT-000148,ACCT-000071,B0001,2026-01-13,Check,356.08,2026-07-12T19:44:37+00:00
PMT-000149,ACCT-000072,B0001,2026-01-11,ACH,680.13,2026-07-12T19:44:37+00:00
PMT-000150,ACCT-000072,B0001,2026-01-11,Card,61.39,2026-07-12T19:44:37+00:00
PMT-000151,ACCT-000073,B0001,2026-01-03,Lockbox,138.16,2026-07-12T19:44:37+00:00
PMT-000152,ACCT-000073,B0001,2026-01-06,ACH,219.55,2026-07-12T19:44:37+00:00
PMT-000153,ACCT-000074,B0001,2026-01-08,Lockbox,272.39,2026-07-12T19:44:37+00:00
PMT-000154,ACCT-000074,B0001,2026-01-12,Check,338.29,2026-07-12T19:44:37+00:00
PMT-000155,ACCT-000075,B0001,2026-01-12,Card,294.65,2026-07-12T19:44:37+00:00
PMT-000156,ACCT-000075,B0001,2026-01-14,ACH,293.7,2026-07-12T19:44:37+00:00
PMT-000157,ACCT-000075,B0001,2026-01-14,ACH,293.7,2026-07-12T19:44:37+00:00
PMT-000158,ACCT-000076,B0001,2026-01-12,Check,315.53,2026-07-12T19:44:37+00:00
PMT-000159,ACCT-000076,B0001,2026-01-15,ACH,283.78,2026-07-12T19:44:37+00:00
PMT-000160,ACCT-000076,B0001,2026-01-11,Lockbox,462.34,2026-07-12T19:44:37+00:00
PMT-000161,ACCT-000077,B0001,2026-01-07,Check,255.14,2026-07-12T19:44:37+00:00
PMT-000162,ACCT-000077,B0001,2026-01-14,Lockbox,220.03,2026-07-12T19:44:37+00:00
PMT-000163,ACCT-000077,B0001,2026-01-07,Lockbox,224.74,2026-07-12T19:44:37+00:00
PMT-000164,ACCT-000077,B0001,2026-01-07,Lockbox,224.74,2026-07-12T19:44:37+00:00
PMT-000165,ACCT-000078,B0001,2026-01-12,Lockbox,283.69,2026-07-12T19:44:37+00:00
PMT-000166,ACCT-000079,B0001,2026-01-10,Check,45.81,2026-07-12T19:44:37+00:00
PMT-000167,ACCT-000079,B0001,2026-01-13,Lockbox,123.12,2026-07-12T19:44:37+00:00
PMT-000168,ACCT-000079,B0001,2026-01-06,Check,104.41,2026-07-12T19:44:37+00:00
PMT-000169,ACCT-000080,B0001,2026-01-07,Lockbox,223.5,2026-07-12T19:44:37+00:00
PMT-000170,ACCT-000080,B0001,2026-01-13,Card,406.24,2026-07-12T19:44:37+00:00
PMT-000171,ACCT-000080,B0001,2026-01-15,ACH,250.95,2026-07-12T19:44:37+00:00
PMT-000172,ACCT-000080,B0001,2026-01-07,Lockbox,223.5,2026-07-12T19:44:37+00:00
PMT-000173,ACCT-000081,B0001,2026-01-09,Check,627.02,2026-07-12T19:44:37+00:00
PMT-000174,ACCT-000081,B0001,2026-01-13,Lockbox,61.74,2026-07-12T19:44:37+00:00
PMT-000175,ACCT-000081,B0001,2026-01-07,Check,164.05,2026-07-12T19:44:37+00:00
PMT-000176,ACCT-000082,B0001,2026-01-07,Check,457.19,2026-07-12T19:44:37+00:00
PMT-000177,ACCT-000082,B0001,2026-01-11,ACH,273.55,2026-07-12T19:44:37+00:00
PMT-000178,ACCT-000082,B0001,2026-01-11,ACH,273.55,2026-07-12T19:44:37+00:00
PMT-000179,ACCT-000083,B0001,2026-01-07,Check,177.69,2026-07-12T19:44:37+00:00
PMT-000180,ACCT-000083,B0001,2026-01-13,ACH,433.78,2026-07-12T19:44:37+00:00
PMT-000181,ACCT-000083,B0001,2026-01-06,Card,18.96,2026-07-12T19:44:37+00:00
PMT-000182,ACCT-000084,B0001,2026-01-08,Lockbox,213.94,2026-07-12T19:44:37+00:00
PMT-000183,ACCT-000084,B0001,2026-01-05,Card,55.15,2026-07-12T19:44:37+00:00
PMT-000184,ACCT-000085,B0001,2026-01-09,Card,24.45,2026-07-12T19:44:37+00:00
PMT-000185,ACCT-000085,B0001,2026-01-15,Lockbox,90.29,2026-07-12T19:44:37+00:00
PMT-000186,ACCT-000085,B0001,2026-01-03,Lockbox,281.52,2026-07-12T19:44:37+00:00
PMT-000187,ACCT-000086,B0001,2026-01-03,ACH,126.37,2026-07-12T19:44:37+00:00
PMT-000188,ACCT-000086,B0001,2026-01-10,Card,508.25,2026-07-12T19:44:37+00:00
PMT-000189,ACCT-000087,B0001,2026-01-13,Lockbox,62.52,2026-07-12T19:44:37+00:00
PMT-000190,ACCT-000087,B0001,2026-01-10,Card,58.58,2026-07-12T19:44:37+00:00
PMT-000191,ACCT-000087,B0001,2026-01-15,Check,240.21,2026-07-12T19:44:37+00:00
PMT-000192,ACCT-000088,B0001,2026-01-05,Check,153.9,2026-07-12T19:44:37+00:00
PMT-000193,ACCT-000088,B0001,2026-01-10,Card,253.71,2026-07-12T19:44:37+00:00
PMT-000194,ACCT-000088,B0001,2026-01-12,Card,249.69,2026-07-12T19:44:37+00:00
PMT-000195,ACCT-000089,B0001,2026-01-07,Card,816.17,2026-07-12T19:44:37+00:00
PMT-000196,ACCT-000090,B0001,2026-01-07,Lockbox,86.48,2026-07-12T19:44:37+00:00
PMT-000197,ACCT-000090,B0001,2026-01-08,ACH,508.29,2026-07-12T19:44:37+00:00
PMT-000198,ACCT-000090,B0001,2026-01-08,ACH,508.29,2026-07-12T19:44:37+00:00
PMT-000199,ACCT-000091,B0001,2026-01-14,Lockbox,498.4,2026-07-12T19:44:37+00:00
PMT-000200,ACCT-000092,B0001,2026-01-05,Check,620.97,2026-07-12T19:44:37+00:00
PMT-000201,ACCT-000093,B0001,2026-01-13,Check,453.72,2026-07-12T19:44:37+00:00
PMT-000202,ACCT-000093,B0001,2026-01-12,ACH,396.21,2026-07-12T19:44:37+00:00
PMT-000203,ACCT-000094,B0001,2026-01-13,Check,702.42,2026-07-12T19:44:37+00:00
PMT-000204,ACCT-000095,B0001,2026-01-13,Lockbox,387.76,2026-07-12T19:44:37+00:00
PMT-000205,ACCT-000095,B0001,2026-01-07,Lockbox,94.07,2026-07-12T19:44:37+00:00
PMT-000206,ACCT-000095,B0001,2026-01-15,Check,26.29,2026-07-12T19:44:37+00:00
PMT-000207,ACCT-000096,B0001,2026-01-11,Card,1033.89,2026-07-12T19:44:37+00:00
PMT-000208,ACCT-000097,B0001,2026-01-08,Check,377.54,2026-07-12T19:44:37+00:00
PMT-000209,ACCT-000098,B0001,2026-01-03,Card,313.09,2026-07-12T19:44:37+00:00
PMT-000210,ACCT-000099,B0001,2026-01-08,Check,249.48,2026-07-12T19:44:37+00:00
PMT-000211,ACCT-000099,B0001,2026-01-11,Check,386.42,2026-07-12T19:44:37+00:00
PMT-000212,ACCT-000100,B0001,2026-01-13,Card,386.92,2026-07-12T19:44:37+00:00
PMT-000213,ACCT-000100,B0001,2026-01-10,Card,160.41,2026-07-12T19:44:37+00:00
PMT-000214,ACCT-000100,B0001,2026-01-09,Card,404.3,2026-07-12T19:44:37+00:00
PMT-000215,ACCT-000101,B0001,2026-01-05,ACH,44.34,2026-07-12T19:44:37+00:00
PMT-000216,ACCT-000101,B0001,2026-01-03,ACH,53.09,2026-07-12T19:44:37+00:00
PMT-000217,ACCT-000101,B0001,2026-01-09,Card,853.21,2026-07-12T19:44:37+00:00
PMT-000218,ACCT-000102,B0001,2026-01-15,Lockbox,10.31,2026-07-12T19:44:37+00:00
PMT-000219,ACCT-000102,B0001,2026-01-15,ACH,324.43,2026-07-12T19:44:37+00:00
PMT-000220,ACCT-000103,B0001,2026-01-12,Check,532.37,2026-07-12T19:44:37+00:00
PMT-000221,ACCT-000103,B0001,2026-01-12,Check,532.37,2026-07-12T19:44:37+00:00
PMT-000222,ACCT-000104,B0001,2026-01-09,Lockbox,497.11,2026-07-12T19:44:37+00:00
PMT-000223,ACCT-000104,B0001,2026-01-15,ACH,225.71,2026-07-12T19:44:37+00:00
PMT-000224,ACCT-000105,B0001,2026-01-15,ACH,88.84,2026-07-12T19:44:37+00:00
PMT-000225,ACCT-000105,B0001,2026-01-05,Check,101.52,2026-07-12T19:44:37+00:00
PMT-000226,ACCT-000106,B0001,2026-01-09,Check,547.0,2026-07-12T19:44:37+00:00
PMT-000227,ACCT-000106,B0001,2026-01-09,Card,9.7,2026-07-12T19:44:37+00:00
PMT-000228,ACCT-000106,B0001,2026-01-03,ACH,17.8,2026-07-12T19:44:37+00:00
PMT-000229,ACCT-000107,B0001,2026-01-12,Check,643.05,2026-07-12T19:44:37+00:00
PMT-000230,ACCT-000107,B0001,2026-01-07,Lockbox,141.44,2026-07-12T19:44:37+00:00
PMT-000231,ACCT-000108,B0001,2026-01-11,Lockbox,687.24,2026-07-12T19:44:37+00:00
PMT-000232,ACCT-000109,B0001,2026-01-06,Check,121.99,2026-07-12T19:44:37+00:00
PMT-000233,ACCT-000109,B0001,2026-01-09,ACH,592.12,2026-07-12T19:44:37+00:00
PMT-000234,ACCT-000110,B0001,2026-01-09,Check,1127.41,2026-07-12T19:44:37+00:00
PMT-000235,ACCT-000111,B0001,2026-01-08,Check,431.94,2026-07-12T19:44:37+00:00
PMT-000236,ACCT-000111,B0001,2026-01-09,Card,65.99,2026-07-12T19:44:37+00:00
PMT-000237,ACCT-000111,B0001,2026-01-11,Check,311.69,2026-07-12T19:44:37+00:00
PMT-000238,ACCT-000112,B0001,2026-01-14,Card,239.22,2026-07-12T19:44:37+00:00
PMT-000239,ACCT-000112,B0001,2026-01-06,Card,142.02,2026-07-12T19:44:37+00:00
PMT-000240,ACCT-000112,B0001,2026-01-14,Card,239.22,2026-07-12T19:44:37+00:00
PMT-000241,ACCT-000113,B0001,2026-01-08,Lockbox,734.2,2026-07-12T19:44:37+00:00
PMT-000242,ACCT-000113,B0001,2026-01-07,Lockbox,136.06,2026-07-12T19:44:37+00:00
PMT-000243,ACCT-000114,B0001,2026-01-07,Card,145.5,2026-07-12T19:44:37+00:00
PMT-000244,ACCT-000114,B0001,2026-01-08,Check,214.69,2026-07-12T19:44:37+00:00
PMT-000245,ACCT-000115,B0001,2026-01-04,Card,628.99,2026-07-12T19:44:37+00:00
PMT-000246,ACCT-000116,B0001,2026-01-10,ACH,29.61,2026-07-12T19:44:37+00:00
PMT-000247,ACCT-000116,B0001,2026-01-05,Card,121.24,2026-07-12T19:44:37+00:00
PMT-000248,ACCT-000116,B0001,2026-01-04,Card,820.22,2026-07-12T19:44:37+00:00
PMT-000249,ACCT-000117,B0001,2026-01-08,Lockbox,579.9,2026-07-12T19:44:37+00:00
PMT-000250,ACCT-000118,B0001,2026-01-12,Lockbox,213.64,2026-07-12T19:44:37+00:00
PMT-000251,ACCT-000118,B0001,2026-01-14,Check,219.21,2026-07-12T19:44:37+00:00
PMT-000252,ACCT-000119,B0001,2026-01-13,Check,153.29,2026-07-12T19:44:37+00:00
PMT-000253,ACCT-000119,B0001,2026-01-04,Card,799.25,2026-07-12T19:44:37+00:00
PMT-000254,ACCT-000120,B0001,2026-01-10,Lockbox,678.01,2026-07-12T19:44:37+00:00
PMT-000255,ACCT-000070,B0002,2026-02-03,ACH,26.91,2026-07-12T20:07:48+00:00
PMT-000256,ACCT-000070,B0002,2026-02-13,Check,186.51,2026-07-12T20:07:48+00:00
PMT-000257,ACCT-000070,B0002,2026-02-06,Lockbox,462.4,2026-07-12T20:07:48+00:00
PMT-000258,ACCT-000111,B0002,2026-02-09,ACH,432.97,2026-07-12T20:07:48+00:00
PMT-000259,ACCT-000083,B0002,2026-02-03,Lockbox,128.64,2026-07-12T20:07:48+00:00
PMT-000260,ACCT-000083,B0002,2026-02-11,Lockbox,513.76,2026-07-12T20:07:48+00:00
PMT-000261,ACCT-000083,B0002,2026-02-11,Check,96.51,2026-07-12T20:07:48+00:00
PMT-000262,ACCT-000083,B0002,2026-02-03,Lockbox,128.64,2026-07-12T20:07:48+00:00
PMT-000263,ACCT-000079,B0002,2026-02-09,Card,87.81,2026-07-12T20:07:48+00:00
PMT-000264,ACCT-000079,B0002,2026-02-08,Check,312.36,2026-07-12T20:07:48+00:00
PMT-000265,ACCT-000072,B0002,2026-02-05,Lockbox,344.48,2026-07-12T20:07:48+00:00
PMT-000266,ACCT-000027,B0002,2026-02-07,ACH,456.27,2026-07-12T20:07:48+00:00
PMT-000267,ACCT-000027,B0002,2026-02-10,Card,267.74,2026-07-12T20:07:48+00:00
PMT-000268,ACCT-000027,B0002,2026-02-10,Card,267.74,2026-07-12T20:07:48+00:00
PMT-000269,ACCT-000023,B0002,2026-02-10,ACH,440.63,2026-07-12T20:07:48+00:00
PMT-000270,ACCT-000023,B0002,2026-02-13,Lockbox,168.02,2026-07-12T20:07:48+00:00
PMT-000271,ACCT-000016,B0002,2026-02-08,ACH,514.02,2026-07-12T20:07:48+00:00
PMT-000272,ACCT-000041,B0002,2026-02-02,Check,890.33,2026-07-12T20:07:48+00:00
PMT-000273,ACCT-000042,B0002,2026-02-03,Card,8.89,2026-07-12T20:07:48+00:00
PMT-000274,ACCT-000042,B0002,2026-02-02,Lockbox,85.2,2026-07-12T20:07:48+00:00
PMT-000275,ACCT-000042,B0002,2026-02-08,Lockbox,219.06,2026-07-12T20:07:48+00:00
PMT-000276,ACCT-000058,B0002,2026-02-10,Lockbox,453.03,2026-07-12T20:07:48+00:00
PMT-000277,ACCT-000058,B0002,2026-02-10,Lockbox,453.03,2026-07-12T20:07:48+00:00
PMT-000278,ACCT-000025,B0002,2026-02-09,Check,391.58,2026-07-12T20:07:48+00:00
PMT-000279,ACCT-000052,B0002,2026-02-11,Lockbox,36.28,2026-07-12T20:07:48+00:00
PMT-000280,ACCT-000052,B0002,2026-02-04,ACH,1.94,2026-07-12T20:07:48+00:00
PMT-000281,ACCT-000052,B0002,2026-02-03,Card,17.16,2026-07-12T20:07:48+00:00
PMT-000282,ACCT-000076,B0002,2026-02-10,Lockbox,63.66,2026-07-12T20:07:48+00:00
PMT-000283,ACCT-000076,B0002,2026-02-09,Check,56.8,2026-07-12T20:07:48+00:00
PMT-000284,ACCT-000076,B0002,2026-02-07,ACH,155.99,2026-07-12T20:07:48+00:00
PMT-000285,ACCT-000013,B0002,2026-02-07,Lockbox,592.35,2026-07-12T20:07:48+00:00
PMT-000286,ACCT-000113,B0002,2026-02-03,Lockbox,317.06,2026-07-12T20:07:48+00:00
PMT-000287,ACCT-000005,B0002,2026-02-03,Check,240.78,2026-07-12T20:07:48+00:00
PMT-000288,ACCT-000037,B0002,2026-02-14,ACH,23.1,2026-07-12T20:07:48+00:00
PMT-000289,ACCT-000037,B0002,2026-02-02,ACH,170.4,2026-07-12T20:07:48+00:00
PMT-000290,ACCT-000037,B0002,2026-02-07,Card,543.3,2026-07-12T20:07:48+00:00
PMT-000291,ACCT-000001,B0002,2026-02-03,ACH,18.91,2026-07-12T20:07:48+00:00
PMT-000292,ACCT-000001,B0002,2026-02-06,ACH,105.5,2026-07-12T20:07:48+00:00
PMT-000293,ACCT-000001,B0002,2026-02-02,Card,61.19,2026-07-12T20:07:48+00:00
PMT-000294,ACCT-000107,B0002,2026-02-12,Lockbox,164.96,2026-07-12T20:07:48+00:00
PMT-000295,ACCT-000107,B0002,2026-02-12,Card,136.33,2026-07-12T20:07:48+00:00
PMT-000296,ACCT-000107,B0002,2026-02-07,Lockbox,15.11,2026-07-12T20:07:48+00:00
PMT-000297,ACCT-000038,B0002,2026-02-09,Check,21.63,2026-07-12T20:07:48+00:00
PMT-000298,ACCT-000038,B0002,2026-02-06,Check,669.2,2026-07-12T20:07:48+00:00
PMT-000299,ACCT-000038,B0002,2026-02-09,Check,21.63,2026-07-12T20:07:48+00:00
PMT-000300,ACCT-000028,B0002,2026-02-04,Card,298.53,2026-07-12T20:07:48+00:00
PMT-000301,ACCT-000028,B0002,2026-02-03,Lockbox,104.59,2026-07-12T20:07:48+00:00
PMT-000302,ACCT-000116,B0002,2026-02-06,ACH,547.38,2026-07-12T20:07:48+00:00
PMT-000303,ACCT-000116,B0002,2026-02-12,ACH,11.89,2026-07-12T20:07:48+00:00
PMT-000304,ACCT-000074,B0002,2026-02-06,Check,399.99,2026-07-12T20:07:48+00:00
PMT-000305,ACCT-000012,B0002,2026-02-13,Lockbox,72.14,2026-07-12T20:07:48+00:00
PMT-000306,ACCT-000120,B0002,2026-02-06,Card,65.45,2026-07-12T20:07:48+00:00
PMT-000307,ACCT-000120,B0002,2026-02-05,Check,8.45,2026-07-12T20:07:48+00:00
PMT-000308,ACCT-000120,B0002,2026-02-11,Check,392.68,2026-07-12T20:07:48+00:00
PMT-000309,ACCT-000078,B0002,2026-02-07,Card,209.98,2026-07-12T20:07:48+00:00
PMT-000310,ACCT-000121,B0002,2026-02-12,ACH,907.05,2026-07-12T20:07:48+00:00
PMT-000311,ACCT-000122,B0002,2026-02-02,Lockbox,303.01,2026-07-12T20:07:48+00:00
PMT-000312,ACCT-000103,B0003,2026-03-08,Check,70.32,2026-07-12T21:41:14+00:00
PMT-000313,ACCT-000103,B0003,2026-03-12,Lockbox,439.52,2026-07-12T21:41:14+00:00
PMT-000314,ACCT-000103,B0003,2026-03-08,Check,70.32,2026-07-12T21:41:14+00:00
PMT-000315,ACCT-000017,B0003,2026-03-08,ACH,125.5,2026-07-12T21:41:14+00:00
PMT-000316,ACCT-000017,B0003,2026-03-14,ACH,39.58,2026-07-12T21:41:14+00:00
PMT-000317,ACCT-000017,B0003,2026-03-13,Check,143.71,2026-07-12T21:41:14+00:00
PMT-000318,ACCT-000093,B0003,2026-03-05,Card,101.92,2026-07-12T21:41:14+00:00
PMT-000319,ACCT-000089,B0003,2026-03-13,Check,1012.17,2026-07-12T21:41:14+00:00
PMT-000320,ACCT-000082,B0003,2026-03-14,Lockbox,293.44,2026-07-12T21:41:14+00:00
PMT-000321,ACCT-000082,B0003,2026-03-08,Card,33.87,2026-07-12T21:41:14+00:00
PMT-000322,ACCT-000082,B0003,2026-03-08,Lockbox,6.22,2026-07-12T21:41:14+00:00
PMT-000323,ACCT-000109,B0003,2026-03-14,Card,355.06,2026-07-12T21:41:14+00:00
PMT-000324,ACCT-000066,B0003,2026-03-12,Card,637.25,2026-07-12T21:41:14+00:00
PMT-000325,ACCT-000066,B0003,2026-03-12,Lockbox,244.77,2026-07-12T21:41:14+00:00
PMT-000326,ACCT-000024,B0003,2026-03-07,Check,79.26,2026-07-12T21:41:14+00:00
PMT-000327,ACCT-000024,B0003,2026-03-07,Card,776.91,2026-07-12T21:41:14+00:00
PMT-000328,ACCT-000024,B0003,2026-03-04,ACH,73.49,2026-07-12T21:41:14+00:00
PMT-000329,ACCT-000010,B0003,2026-03-07,Lockbox,165.3,2026-07-12T21:41:14+00:00
PMT-000330,ACCT-000025,B0003,2026-03-10,Check,479.19,2026-07-12T21:41:14+00:00
PMT-000331,ACCT-000114,B0003,2026-03-06,Check,103.51,2026-07-12T21:41:14+00:00
PMT-000332,ACCT-000114,B0003,2026-03-14,Check,644.73,2026-07-12T21:41:14+00:00
PMT-000333,ACCT-000080,B0003,2026-03-15,ACH,52.26,2026-07-12T21:41:14+00:00
PMT-000334,ACCT-000080,B0003,2026-03-14,ACH,288.1,2026-07-12T21:41:14+00:00
PMT-000335,ACCT-000011,B0003,2026-03-08,Card,145.48,2026-07-12T21:41:14+00:00
PMT-000336,ACCT-000011,B0003,2026-03-14,Lockbox,278.42,2026-07-12T21:41:14+00:00
PMT-000337,ACCT-000018,B0003,2026-03-11,Card,921.81,2026-07-12T21:41:14+00:00
PMT-000338,ACCT-000029,B0003,2026-03-09,Card,648.95,2026-07-12T21:41:14+00:00
PMT-000339,ACCT-000096,B0003,2026-03-16,ACH,523.52,2026-07-12T21:41:14+00:00
PMT-000340,ACCT-000100,B0003,2026-03-06,Check,276.13,2026-07-12T21:41:14+00:00
PMT-000341,ACCT-000100,B0003,2026-03-13,Check,130.83,2026-07-12T21:41:14+00:00
PMT-000342,ACCT-000084,B0003,2026-03-09,Lockbox,341.85,2026-07-12T21:41:14+00:00
PMT-000343,ACCT-000044,B0003,2026-03-14,Card,299.33,2026-07-12T21:41:14+00:00
PMT-000344,ACCT-000044,B0003,2026-03-12,ACH,423.25,2026-07-12T21:41:14+00:00
PMT-000345,ACCT-000046,B0003,2026-03-12,Check,419.52,2026-07-12T21:41:14+00:00
PMT-000346,ACCT-000046,B0003,2026-03-07,Check,192.98,2026-07-12T21:41:14+00:00
PMT-000347,ACCT-000046,B0003,2026-03-07,Check,192.98,2026-07-12T21:41:14+00:00
PMT-000348,ACCT-000091,B0003,2026-03-04,Card,202.57,2026-07-12T21:41:14+00:00
PMT-000349,ACCT-000091,B0003,2026-03-08,Lockbox,211.88,2026-07-12T21:41:14+00:00
PMT-000350,ACCT-000028,B0003,2026-03-10,Lockbox,50.91,2026-07-12T21:41:14+00:00
PMT-000351,ACCT-000028,B0003,2026-03-13,Card,645.25,2026-07-12T21:41:14+00:00
PMT-000352,ACCT-000112,B0003,2026-03-06,Check,579.84,2026-07-12T21:41:14+00:00
PMT-000353,ACCT-000112,B0003,2026-03-07,ACH,3.82,2026-07-12T21:41:14+00:00
PMT-000354,ACCT-000038,B0003,2026-03-05,Card,320.74,2026-07-12T21:41:14+00:00
PMT-000355,ACCT-000038,B0003,2026-03-04,Check,224.15,2026-07-12T21:41:14+00:00
PMT-000356,ACCT-000038,B0003,2026-03-14,Check,119.7,2026-07-12T21:41:14+00:00
PMT-000357,ACCT-000085,B0003,2026-03-04,Check,159.37,2026-07-12T21:41:14+00:00
PMT-000358,ACCT-000085,B0003,2026-03-04,Check,159.37,2026-07-12T21:41:14+00:00
PMT-000359,ACCT-000095,B0003,2026-03-08,Card,144.73,2026-07-12T21:41:14+00:00
PMT-000360,ACCT-000095,B0003,2026-03-07,Check,130.63,2026-07-12T21:41:14+00:00
PMT-000361,ACCT-000095,B0003,2026-03-07,Check,130.63,2026-07-12T21:41:14+00:00
PMT-000362,ACCT-000087,B0003,2026-03-06,Check,114.01,2026-07-12T21:41:14+00:00
PMT-000363,ACCT-000087,B0003,2026-03-10,Check,833.79,2026-07-12T21:41:14+00:00
PMT-000364,ACCT-000036,B0003,2026-03-13,Check,315.98,2026-07-12T21:41:14+00:00
PMT-000365,ACCT-000036,B0003,2026-03-11,ACH,148.69,2026-07-12T21:41:14+00:00
PMT-000366,ACCT-000036,B0003,2026-03-05,Lockbox,129.13,2026-07-12T21:41:14+00:00
PMT-000367,ACCT-000053,B0003,2026-03-08,Card,188.21,2026-07-12T21:41:14+00:00
PMT-000368,ACCT-000053,B0003,2026-03-06,Lockbox,15.24,2026-07-12T21:41:14+00:00
PMT-000369,ACCT-000101,B0003,2026-03-08,Check,582.16,2026-07-12T21:41:14+00:00
PMT-000370,ACCT-000033,B0003,2026-03-10,Check,641.7,2026-07-12T21:41:14+00:00
PMT-000371,ACCT-000033,B0003,2026-03-13,ACH,174.73,2026-07-12T21:41:14+00:00
PMT-000372,ACCT-000121,B0003,2026-03-10,Card,456.39,2026-07-12T21:41:14+00:00
PMT-000373,ACCT-000123,B0003,2026-03-13,Card,1007.64,2026-07-12T21:41:14+00:00
PMT-000374,ACCT-000124,B0003,2026-03-05,Check,529.8,2026-07-12T21:41:14+00:00
PMT-000375,ACCT-000125,B0003,2026-03-14,Lockbox,85.82,2026-07-12T21:41:14+00:00
PMT-000376,ACCT-000125,B0003,2026-03-09,ACH,528.7,2026-07-12T21:41:14+00:00
PMT-000377,ACCT-000126,B0003,2026-03-11,ACH,584.8,2026-07-12T21:41:14+00:00
PMT-000378,ACCT-000126,B0003,2026-03-13,Card,120.83,2026-07-12T21:41:14+00:00
PMT-000379,ACCT-000064,B0004,2026-04-10,Card,0.5,2026-07-12T22:39:31+00:00
PMT-000380,ACCT-000064,B0004,2026-04-11,Check,88.91,2026-07-12T22:39:31+00:00
PMT-000381,ACCT-000064,B0004,2026-04-12,Check,138.12,2026-07-12T22:39:31+00:00
PMT-000382,ACCT-000034,B0004,2026-04-09,Lockbox,445.11,2026-07-12T22:39:31+00:00
PMT-000383,ACCT-000034,B0004,2026-04-09,Lockbox,445.11,2026-07-12T22:39:31+00:00
PMT-000384,ACCT-000096,B0004,2026-04-13,Card,49.8,2026-07-12T22:39:31+00:00
PMT-000385,ACCT-000091,B0004,2026-04-07,Lockbox,139.93,2026-07-12T22:39:31+00:00
PMT-000386,ACCT-000091,B0004,2026-04-09,Lockbox,457.58,2026-07-12T22:39:31+00:00
PMT-000387,ACCT-000091,B0004,2026-04-11,Lockbox,27.66,2026-07-12T22:39:31+00:00
PMT-000388,ACCT-000068,B0004,2026-04-13,ACH,158.43,2026-07-12T22:39:31+00:00
PMT-000389,ACCT-000068,B0004,2026-04-10,Card,468.99,2026-07-12T22:39:31+00:00
PMT-000390,ACCT-000029,B0004,2026-04-05,Lockbox,793.94,2026-07-12T22:39:31+00:00
PMT-000391,ACCT-000029,B0004,2026-04-05,Lockbox,793.94,2026-07-12T22:39:31+00:00
PMT-000392,ACCT-000047,B0004,2026-04-14,ACH,428.67,2026-07-12T22:39:31+00:00
PMT-000393,ACCT-000047,B0004,2026-04-11,Card,231.34,2026-07-12T22:39:31+00:00
PMT-000394,ACCT-000083,B0004,2026-04-10,Lockbox,169.94,2026-07-12T22:39:31+00:00
PMT-000395,ACCT-000052,B0004,2026-04-13,Card,224.88,2026-07-12T22:39:31+00:00
PMT-000396,ACCT-000052,B0004,2026-04-11,Check,485.69,2026-07-12T22:39:31+00:00
PMT-000397,ACCT-000001,B0004,2026-04-12,Lockbox,403.13,2026-07-12T22:39:31+00:00
PMT-000398,ACCT-000001,B0004,2026-04-04,Check,158.97,2026-07-12T22:39:31+00:00
PMT-000399,ACCT-000001,B0004,2026-04-10,Lockbox,272.96,2026-07-12T22:39:31+00:00
PMT-000400,ACCT-000001,B0004,2026-04-12,Lockbox,403.13,2026-07-12T22:39:31+00:00
PMT-000401,ACCT-000022,B0004,2026-04-05,ACH,75.33,2026-07-12T22:39:31+00:00
PMT-000402,ACCT-000022,B0004,2026-04-03,Check,120.75,2026-07-12T22:39:31+00:00
PMT-000403,ACCT-000016,B0004,2026-04-08,ACH,592.7,2026-07-12T22:39:31+00:00
PMT-000404,ACCT-000102,B0004,2026-04-03,Check,310.82,2026-07-12T22:39:31+00:00
PMT-000405,ACCT-000102,B0004,2026-04-15,Check,59.29,2026-07-12T22:39:31+00:00
PMT-000406,ACCT-000113,B0004,2026-04-15,Card,1127.93,2026-07-12T22:39:31+00:00
PMT-000407,ACCT-000113,B0004,2026-04-11,Card,77.46,2026-07-12T22:39:31+00:00
PMT-000408,ACCT-000013,B0004,2026-04-07,Card,229.2,2026-07-12T22:39:31+00:00
PMT-000409,ACCT-000013,B0004,2026-04-15,Check,93.36,2026-07-12T22:39:31+00:00
PMT-000410,ACCT-000121,B0004,2026-04-12,Lockbox,494.84,2026-07-12T22:39:31+00:00
PMT-000411,ACCT-000030,B0004,2026-04-07,Lockbox,455.32,2026-07-12T22:39:31+00:00
PMT-000412,ACCT-000043,B0004,2026-04-10,ACH,261.01,2026-07-12T22:39:31+00:00
PMT-000413,ACCT-000043,B0004,2026-04-13,Card,233.95,2026-07-12T22:39:31+00:00
PMT-000414,ACCT-000043,B0004,2026-04-15,Check,112.78,2026-07-12T22:39:31+00:00
PMT-000415,ACCT-000105,B0004,2026-04-15,Card,701.98,2026-07-12T22:39:31+00:00
PMT-000416,ACCT-000028,B0004,2026-04-05,Check,112.46,2026-07-12T22:39:31+00:00
PMT-000417,ACCT-000028,B0004,2026-04-11,ACH,150.47,2026-07-12T22:39:31+00:00
PMT-000418,ACCT-000028,B0004,2026-04-14,Check,620.75,2026-07-12T22:39:31+00:00
PMT-000419,ACCT-000010,B0004,2026-04-09,ACH,19.99,2026-07-12T22:39:31+00:00
PMT-000420,ACCT-000010,B0004,2026-04-07,ACH,434.34,2026-07-12T22:39:31+00:00
PMT-000421,ACCT-000010,B0004,2026-04-05,Check,352.62,2026-07-12T22:39:31+00:00
PMT-000422,ACCT-000109,B0004,2026-04-12,Lockbox,642.87,2026-07-12T22:39:31+00:00
PMT-000423,ACCT-000109,B0004,2026-04-06,ACH,133.44,2026-07-12T22:39:31+00:00
PMT-000424,ACCT-000103,B0004,2026-04-08,Lockbox,40.33,2026-07-12T22:39:31+00:00
PMT-000425,ACCT-000103,B0004,2026-04-15,Lockbox,166.37,2026-07-12T22:39:31+00:00
PMT-000426,ACCT-000103,B0004,2026-04-04,ACH,54.05,2026-07-12T22:39:31+00:00
PMT-000427,ACCT-000125,B0004,2026-04-07,Card,385.98,2026-07-12T22:39:31+00:00
PMT-000428,ACCT-000125,B0004,2026-04-13,Lockbox,328.7,2026-07-12T22:39:31+00:00
PMT-000429,ACCT-000125,B0004,2026-04-11,Check,92.07,2026-07-12T22:39:31+00:00
PMT-000430,ACCT-000046,B0004,2026-04-12,ACH,551.3,2026-07-12T22:39:31+00:00
PMT-000431,ACCT-000046,B0004,2026-04-06,Check,99.54,2026-07-12T22:39:31+00:00
PMT-000432,ACCT-000046,B0004,2026-04-13,Lockbox,23.62,2026-07-12T22:39:31+00:00
PMT-000433,ACCT-000114,B0004,2026-04-13,Card,87.98,2026-07-12T22:39:31+00:00
PMT-000434,ACCT-000114,B0004,2026-04-13,ACH,92.82,2026-07-12T22:39:31+00:00
PMT-000435,ACCT-000011,B0004,2026-04-09,Lockbox,279.87,2026-07-12T22:39:31+00:00
PMT-000436,ACCT-000011,B0004,2026-04-09,Lockbox,279.87,2026-07-12T22:39:31+00:00
PMT-000437,ACCT-000089,B0004,2026-04-14,Check,123.92,2026-07-12T22:39:31+00:00
PMT-000438,ACCT-000089,B0004,2026-04-11,Lockbox,259.42,2026-07-12T22:39:31+00:00
PMT-000439,ACCT-000092,B0004,2026-04-04,Lockbox,64.68,2026-07-12T22:39:31+00:00
PMT-000440,ACCT-000111,B0004,2026-04-08,Lockbox,13.74,2026-07-12T22:39:31+00:00
PMT-000441,ACCT-000111,B0004,2026-04-07,Lockbox,316.87,2026-07-12T22:39:31+00:00
PMT-000442,ACCT-000111,B0004,2026-04-14,Lockbox,17.8,2026-07-12T22:39:31+00:00
PMT-000443,ACCT-000079,B0004,2026-04-05,Check,438.28,2026-07-12T22:39:31+00:00
PMT-000444,ACCT-000127,B0004,2026-04-13,Check,219.24,2026-07-12T22:39:31+00:00
PMT-000445,ACCT-000127,B0004,2026-04-09,Check,437.88,2026-07-12T22:39:31+00:00
PMT-000446,ACCT-000127,B0004,2026-04-06,Card,1.43,2026-07-12T22:39:31+00:00
PMT-000447,ACCT-000128,B0004,2026-04-04,Card,14.41,2026-07-12T22:39:31+00:00
PMT-000448,ACCT-000128,B0004,2026-04-07,Check,309.84,2026-07-12T22:39:31+00:00
PMT-000449,ACCT-000073,B0005,2026-05-12,ACH,501.86,2026-07-12T23:44:19+00:00
PMT-000450,ACCT-000073,B0005,2026-05-15,Lockbox,168.29,2026-07-12T23:44:19+00:00
PMT-000451,ACCT-000115,B0005,2026-05-05,Card,449.6,2026-07-12T23:44:19+00:00
PMT-000452,ACCT-000115,B0005,2026-05-12,Lockbox,296.84,2026-07-12T23:44:19+00:00
PMT-000453,ACCT-000017,B0005,2026-05-07,Check,20.06,2026-07-12T23:44:19+00:00
PMT-000454,ACCT-000017,B0005,2026-05-07,ACH,35.67,2026-07-12T23:44:19+00:00
PMT-000455,ACCT-000017,B0005,2026-05-15,ACH,4.01,2026-07-12T23:44:19+00:00
PMT-000456,ACCT-000043,B0005,2026-05-11,Check,224.72,2026-07-12T23:44:19+00:00
PMT-000457,ACCT-000043,B0005,2026-05-13,ACH,36.54,2026-07-12T23:44:19+00:00
PMT-000458,ACCT-000050,B0005,2026-05-08,ACH,908.7,2026-07-12T23:44:19+00:00
PMT-000459,ACCT-000083,B0005,2026-05-09,Check,268.87,2026-07-12T23:44:19+00:00
PMT-000460,ACCT-000083,B0005,2026-05-08,Check,170.29,2026-07-12T23:44:19+00:00
PMT-000461,ACCT-000083,B0005,2026-05-04,Lockbox,392.61,2026-07-12T23:44:19+00:00
PMT-000462,ACCT-000070,B0005,2026-05-08,Lockbox,565.3,2026-07-12T23:44:19+00:00
PMT-000463,ACCT-000075,B0005,2026-05-04,Lockbox,358.44,2026-07-12T23:44:19+00:00
PMT-000464,ACCT-000012,B0005,2026-05-07,Card,677.12,2026-07-12T23:44:19+00:00
PMT-000465,ACCT-000076,B0005,2026-05-11,ACH,1203.83,2026-07-12T23:44:19+00:00
PMT-000466,ACCT-000128,B0005,2026-05-05,Card,91.1,2026-07-12T23:44:19+00:00
PMT-000467,ACCT-000128,B0005,2026-05-14,ACH,253.11,2026-07-12T23:44:19+00:00
PMT-000468,ACCT-000118,B0005,2026-05-05,Card,664.28,2026-07-12T23:44:19+00:00
PMT-000469,ACCT-000047,B0005,2026-05-09,ACH,375.55,2026-07-12T23:44:19+00:00
PMT-000470,ACCT-000047,B0005,2026-05-07,ACH,222.01,2026-07-12T23:44:19+00:00
PMT-000471,ACCT-000031,B0005,2026-05-06,Card,63.62,2026-07-12T23:44:19+00:00
PMT-000472,ACCT-000031,B0005,2026-05-13,Check,252.38,2026-07-12T23:44:19+00:00
PMT-000473,ACCT-000031,B0005,2026-05-06,Check,62.72,2026-07-12T23:44:19+00:00
PMT-000474,ACCT-000093,B0005,2026-05-15,ACH,173.31,2026-07-12T23:44:19+00:00
PMT-000475,ACCT-000093,B0005,2026-05-06,ACH,366.83,2026-07-12T23:44:19+00:00
PMT-000476,ACCT-000093,B0005,2026-05-11,Lockbox,304.92,2026-07-12T23:44:19+00:00
PMT-000477,ACCT-000049,B0005,2026-05-13,ACH,221.15,2026-07-12T23:44:19+00:00
PMT-000478,ACCT-000049,B0005,2026-05-10,Check,246.84,2026-07-12T23:44:19+00:00
PMT-000479,ACCT-000049,B0005,2026-05-07,Check,341.5,2026-07-12T23:44:19+00:00
PMT-000480,ACCT-000049,B0005,2026-05-07,Check,341.5,2026-07-12T23:44:19+00:00
PMT-000481,ACCT-000057,B0005,2026-05-14,ACH,325.44,2026-07-12T23:44:19+00:00
PMT-000482,ACCT-000057,B0005,2026-05-03,Card,146.09,2026-07-12T23:44:19+00:00
PMT-000483,ACCT-000057,B0005,2026-05-07,Card,133.9,2026-07-12T23:44:19+00:00
PMT-000484,ACCT-000057,B0005,2026-05-07,Card,133.9,2026-07-12T23:44:19+00:00
PMT-000485,ACCT-000097,B0005,2026-05-03,Lockbox,836.16,2026-07-12T23:44:19+00:00
PMT-000486,ACCT-000097,B0005,2026-05-11,Lockbox,257.63,2026-07-12T23:44:19+00:00
PMT-000487,ACCT-000013,B0005,2026-05-07,Lockbox,63.72,2026-07-12T23:44:19+00:00
PMT-000488,ACCT-000013,B0005,2026-05-03,ACH,45.51,2026-07-12T23:44:19+00:00
PMT-000489,ACCT-000013,B0005,2026-05-03,Check,231.59,2026-07-12T23:44:19+00:00
PMT-000490,ACCT-000005,B0005,2026-05-08,Check,391.17,2026-07-12T23:44:19+00:00
PMT-000491,ACCT-000074,B0005,2026-05-07,ACH,949.61,2026-07-12T23:44:19+00:00
PMT-000492,ACCT-000074,B0005,2026-05-07,Card,193.07,2026-07-12T23:44:19+00:00
PMT-000493,ACCT-000104,B0005,2026-05-05,Check,54.97,2026-07-12T23:44:19+00:00
PMT-000494,ACCT-000104,B0005,2026-05-15,ACH,95.55,2026-07-12T23:44:19+00:00
PMT-000495,ACCT-000104,B0005,2026-05-05,Lockbox,96.95,2026-07-12T23:44:19+00:00
PMT-000496,ACCT-000104,B0005,2026-05-05,Lockbox,96.95,2026-07-12T23:44:19+00:00
PMT-000497,ACCT-000086,B0005,2026-05-04,Lockbox,313.27,2026-07-12T23:44:19+00:00
PMT-000498,ACCT-000086,B0005,2026-05-13,ACH,117.41,2026-07-12T23:44:19+00:00
PMT-000499,ACCT-000086,B0005,2026-05-13,ACH,117.41,2026-07-12T23:44:19+00:00
PMT-000500,ACCT-000018,B0005,2026-05-13,Lockbox,444.92,2026-07-12T23:44:19+00:00
PMT-000501,ACCT-000026,B0005,2026-05-13,Check,125.02,2026-07-12T23:44:19+00:00
PMT-000502,ACCT-000026,B0005,2026-05-06,Lockbox,618.52,2026-07-12T23:44:19+00:00
PMT-000503,ACCT-000026,B0005,2026-05-14,Check,23.39,2026-07-12T23:44:19+00:00
PMT-000504,ACCT-000026,B0005,2026-05-13,Check,125.02,2026-07-12T23:44:19+00:00
PMT-000505,ACCT-000072,B0005,2026-05-03,Card,834.3,2026-07-12T23:44:19+00:00
PMT-000506,ACCT-000038,B0005,2026-05-12,Card,82.98,2026-07-12T23:44:19+00:00
PMT-000507,ACCT-000038,B0005,2026-05-15,Check,5.86,2026-07-12T23:44:19+00:00
PMT-000508,ACCT-000038,B0005,2026-05-08,Check,39.2,2026-07-12T23:44:19+00:00
PMT-000509,ACCT-000080,B0005,2026-05-09,Card,777.59,2026-07-12T23:44:19+00:00
PMT-000510,ACCT-000114,B0005,2026-05-15,Lockbox,73.72,2026-07-12T23:44:19+00:00
PMT-000511,ACCT-000114,B0005,2026-05-14,Lockbox,21.62,2026-07-12T23:44:19+00:00
PMT-000512,ACCT-000114,B0005,2026-05-12,ACH,35.36,2026-07-12T23:44:19+00:00
PMT-000513,ACCT-000011,B0005,2026-05-13,Card,146.84,2026-07-12T23:44:19+00:00
PMT-000514,ACCT-000011,B0005,2026-05-11,Card,1.81,2026-07-12T23:44:19+00:00
PMT-000515,ACCT-000011,B0005,2026-05-09,Lockbox,285.79,2026-07-12T23:44:19+00:00
PMT-000516,ACCT-000084,B0005,2026-05-13,Lockbox,611.38,2026-07-12T23:44:19+00:00
PMT-000517,ACCT-000095,B0005,2026-05-07,ACH,716.42,2026-07-12T23:44:19+00:00
PMT-000518,ACCT-000034,B0005,2026-05-15,ACH,1050.41,2026-07-12T23:44:19+00:00
PMT-000519,ACCT-000081,B0005,2026-05-04,Lockbox,716.41,2026-07-12T23:44:19+00:00
PMT-000520,ACCT-000081,B0005,2026-05-15,ACH,339.89,2026-07-12T23:44:19+00:00
PMT-000521,ACCT-000129,B0005,2026-05-12,ACH,2.98,2026-07-12T23:44:19+00:00
PMT-000522,ACCT-000129,B0005,2026-05-11,Lockbox,537.76,2026-07-12T23:44:19+00:00
PMT-000523,ACCT-000129,B0005,2026-05-06,Lockbox,95.41,2026-07-12T23:44:19+00:00
PMT-000524,ACCT-000130,B0005,2026-05-05,Lockbox,4.88,2026-07-12T23:44:19+00:00
PMT-000525,ACCT-000130,B0005,2026-05-06,ACH,21.02,2026-07-12T23:44:19+00:00
PMT-000526,ACCT-000048,B0006,2026-06-11,Card,896.32,2026-07-14T22:50:00+00:00
PMT-000527,ACCT-000064,B0006,2026-06-09,Lockbox,516.74,2026-07-14T22:50:00+00:00
PMT-000528,ACCT-000064,B0006,2026-06-09,Check,81.19,2026-07-14T22:50:00+00:00
PMT-000529,ACCT-000064,B0006,2026-06-09,Check,81.19,2026-07-14T22:50:00+00:00
PMT-000530,ACCT-000076,B0006,2026-06-09,Card,164.27,2026-07-14T22:50:00+00:00
PMT-000531,ACCT-000076,B0006,2026-06-11,ACH,486.37,2026-07-14T22:50:00+00:00
PMT-000532,ACCT-000076,B0006,2026-06-05,Card,347.59,2026-07-14T22:50:00+00:00
PMT-000533,ACCT-000041,B0006,2026-06-06,Lockbox,-0.59,2026-07-14T22:50:00+00:00
PMT-000534,ACCT-000052,B0006,2026-06-12,Check,800.49,2026-07-14T22:50:00+00:00
PMT-000535,ACCT-000011,B0006,2026-06-03,Card,176.79,2026-07-14T22:50:00+00:00
PMT-000536,ACCT-000047,B0006,2026-06-03,Lockbox,509.04,2026-07-14T22:50:00+00:00
PMT-000537,ACCT-000047,B0006,2026-06-03,Check,66.79,2026-07-14T22:50:00+00:00
PMT-000538,ACCT-000034,B0006,2026-06-02,Card,187.67,2026-07-14T22:50:00+00:00
PMT-000539,ACCT-000034,B0006,2026-06-07,Check,633.79,2026-07-14T22:50:00+00:00
PMT-000540,ACCT-000036,B0006,2026-06-06,Card,294.68,2026-07-14T22:50:00+00:00
PMT-000541,ACCT-000069,B0006,2026-06-04,Check,209.71,2026-07-14T22:50:00+00:00
PMT-000542,ACCT-000069,B0006,2026-06-11,Card,429.62,2026-07-14T22:50:00+00:00
PMT-000543,ACCT-000124,B0006,2026-06-08,Check,616.58,2026-07-14T22:50:00+00:00
PMT-000544,ACCT-000124,B0006,2026-06-08,Check,236.14,2026-07-14T22:50:00+00:00
PMT-000545,ACCT-000039,B0006,2026-06-03,Check,347.9,2026-07-14T22:50:00+00:00
PMT-000546,ACCT-000090,B0006,2026-06-04,Card,89.52,2026-07-14T22:50:00+00:00
PMT-000547,ACCT-000090,B0006,2026-06-14,Check,60.93,2026-07-14T22:50:00+00:00
PMT-000548,ACCT-000129,B0006,2026-06-11,Card,429.89,2026-07-14T22:50:00+00:00
PMT-000549,ACCT-000129,B0006,2026-06-11,Card,429.89,2026-07-14T22:50:00+00:00
PMT-000550,ACCT-000022,B0006,2026-06-07,ACH,154.38,2026-07-14T22:50:00+00:00
PMT-000551,ACCT-000022,B0006,2026-06-11,Lockbox,126.89,2026-07-14T22:50:00+00:00
PMT-000552,ACCT-000022,B0006,2026-06-04,Lockbox,1.83,2026-07-14T22:50:00+00:00
PMT-000553,ACCT-000118,B0006,2026-06-08,Check,55.35,2026-07-14T22:50:00+00:00
PMT-000554,ACCT-000118,B0006,2026-06-10,Card,48.16,2026-07-14T22:50:00+00:00
PMT-000555,ACCT-000105,B0006,2026-06-11,Lockbox,420.62,2026-07-14T22:50:00+00:00
PMT-000556,ACCT-000105,B0006,2026-06-06,Check,201.79,2026-07-14T22:50:00+00:00
PMT-000557,ACCT-000038,B0006,2026-06-06,Card,626.35,2026-07-14T22:50:00+00:00
PMT-000558,ACCT-000109,B0006,2026-06-07,Check,321.63,2026-07-14T22:50:00+00:00
PMT-000559,ACCT-000109,B0006,2026-06-11,Check,105.8,2026-07-14T22:50:00+00:00
PMT-000560,ACCT-000109,B0006,2026-06-04,ACH,486.58,2026-07-14T22:50:00+00:00
PMT-000561,ACCT-000119,B0006,2026-06-12,Check,431.94,2026-07-14T22:50:00+00:00
PMT-000562,ACCT-000119,B0006,2026-06-13,Card,340.65,2026-07-14T22:50:00+00:00
PMT-000563,ACCT-000081,B0006,2026-06-10,ACH,21.09,2026-07-14T22:50:00+00:00
PMT-000564,ACCT-000081,B0006,2026-06-13,Check,114.03,2026-07-14T22:50:00+00:00
PMT-000565,ACCT-000120,B0006,2026-06-07,ACH,205.3,2026-07-14T22:50:00+00:00
PMT-000566,ACCT-000020,B0006,2026-06-03,Lockbox,424.77,2026-07-14T22:50:00+00:00
PMT-000567,ACCT-000057,B0006,2026-06-03,ACH,749.46,2026-07-14T22:50:00+00:00
PMT-000568,ACCT-000057,B0006,2026-06-07,Card,371.14,2026-07-14T22:50:00+00:00
PMT-000569,ACCT-000033,B0006,2026-06-03,Check,1.95,2026-07-14T22:50:00+00:00
PMT-000570,ACCT-000033,B0006,2026-06-12,ACH,1074.53,2026-07-14T22:50:00+00:00
PMT-000571,ACCT-000093,B0006,2026-06-09,Card,71.19,2026-07-14T22:50:00+00:00
PMT-000572,ACCT-000093,B0006,2026-06-14,Check,88.56,2026-07-14T22:50:00+00:00
PMT-000573,ACCT-000112,B0006,2026-06-09,ACH,169.57,2026-07-14T22:50:00+00:00
PMT-000574,ACCT-000112,B0006,2026-06-12,ACH,68.05,2026-07-14T22:50:00+00:00
PMT-000575,ACCT-000112,B0006,2026-06-11,ACH,102.99,2026-07-14T22:50:00+00:00
PMT-000576,ACCT-000088,B0006,2026-06-04,Card,58.89,2026-07-14T22:50:00+00:00
PMT-000577,ACCT-000088,B0006,2026-06-11,ACH,4.76,2026-07-14T22:50:00+00:00
PMT-000578,ACCT-000088,B0006,2026-06-04,ACH,90.57,2026-07-14T22:50:00+00:00
PMT-000579,ACCT-000131,B0006,2026-06-04,Lockbox,52.3,2026-07-14T22:50:00+00:00
PMT-000580,ACCT-000131,B0006,2026-06-07,ACH,762.5,2026-07-14T22:50:00+00:00
PMT-000581,ACCT-000132,B0006,2026-06-14,Card,794.51,2026-07-14T22:50:00+00:00
PMT-000582,ACCT-000133,B0006,2026-06-02,Lockbox,720.05,2026-07-14T22:50:00+00:00
PMT-000583,ACCT-000084,B0007,2026-07-03,ACH,56.43,2026-07-14T23:44:01+00:00
PMT-000584,ACCT-000084,B0007,2026-07-04,Check,192.79,2026-07-14T23:44:01+00:00
PMT-000585,ACCT-000084,B0007,2026-07-03,ACH,56.43,2026-07-14T23:44:01+00:00
PMT-000586,ACCT-000089,B0007,2026-07-09,Check,38.78,2026-07-14T23:44:01+00:00
PMT-000587,ACCT-000089,B0007,2026-07-10,Check,612.66,2026-07-14T23:44:01+00:00
PMT-000588,ACCT-000089,B0007,2026-07-10,Check,612.66,2026-07-14T23:44:01+00:00
PMT-000589,ACCT-000117,B0007,2026-07-07,ACH,40.53,2026-07-14T23:44:01+00:00
PMT-000590,ACCT-000117,B0007,2026-07-13,Card,3.86,2026-07-14T23:44:01+00:00
PMT-000591,ACCT-000117,B0007,2026-07-04,Lockbox,5.22,2026-07-14T23:44:01+00:00
PMT-000592,ACCT-000039,B0007,2026-07-08,Lockbox,710.61,2026-07-14T23:44:01+00:00
PMT-000593,ACCT-000039,B0007,2026-07-14,Lockbox,70.04,2026-07-14T23:44:01+00:00
PMT-000594,ACCT-000039,B0007,2026-07-05,ACH,162.79,2026-07-14T23:44:01+00:00
PMT-000595,ACCT-000109,B0007,2026-07-09,Lockbox,364.84,2026-07-14T23:44:01+00:00
PMT-000596,ACCT-000109,B0007,2026-07-12,ACH,379.13,2026-07-14T23:44:01+00:00
PMT-000597,ACCT-000076,B0007,2026-07-02,ACH,549.86,2026-07-14T23:44:01+00:00
PMT-000598,ACCT-000037,B0007,2026-07-14,ACH,35.48,2026-07-14T23:44:01+00:00
PMT-000599,ACCT-000037,B0007,2026-07-05,ACH,203.21,2026-07-14T23:44:01+00:00
PMT-000600,ACCT-000035,B0007,2026-07-04,Check,17.34,2026-07-14T23:44:01+00:00
PMT-000601,ACCT-000035,B0007,2026-07-11,ACH,229.2,2026-07-14T23:44:01+00:00
PMT-000602,ACCT-000003,B0007,2026-07-07,Lockbox,251.27,2026-07-14T23:44:01+00:00
PMT-000603,ACCT-000045,B0007,2026-07-11,Check,309.9,2026-07-14T23:44:01+00:00
PMT-000604,ACCT-000045,B0007,2026-07-10,Check,278.57,2026-07-14T23:44:01+00:00
PMT-000605,ACCT-000032,B0007,2026-07-03,Lockbox,121.96,2026-07-14T23:44:01+00:00
PMT-000606,ACCT-000032,B0007,2026-07-06,ACH,228.4,2026-07-14T23:44:01+00:00
PMT-000607,ACCT-000087,B0007,2026-07-08,Check,49.3,2026-07-14T23:44:01+00:00
PMT-000608,ACCT-000087,B0007,2026-07-09,ACH,21.41,2026-07-14T23:44:01+00:00
PMT-000609,ACCT-000087,B0007,2026-07-04,Check,43.33,2026-07-14T23:44:01+00:00
PMT-000610,ACCT-000115,B0007,2026-07-14,Lockbox,268.52,2026-07-14T23:44:01+00:00
PMT-000611,ACCT-000115,B0007,2026-07-12,Lockbox,332.64,2026-07-14T23:44:01+00:00
PMT-000612,ACCT-000115,B0007,2026-07-04,ACH,132.21,2026-07-14T23:44:01+00:00
PMT-000613,ACCT-000128,B0007,2026-07-13,ACH,7.13,2026-07-14T23:44:01+00:00
PMT-000614,ACCT-000128,B0007,2026-07-10,ACH,160.89,2026-07-14T23:44:01+00:00
PMT-000615,ACCT-000057,B0007,2026-07-05,Lockbox,206.68,2026-07-14T23:44:01+00:00
PMT-000616,ACCT-000123,B0007,2026-07-06,ACH,17.98,2026-07-14T23:44:01+00:00
PMT-000617,ACCT-000123,B0007,2026-07-11,Lockbox,670.39,2026-07-14T23:44:01+00:00
PMT-000618,ACCT-000120,B0007,2026-07-08,Lockbox,413.3,2026-07-14T23:44:01+00:00
PMT-000619,ACCT-000053,B0007,2026-07-13,Card,803.06,2026-07-14T23:44:01+00:00
PMT-000620,ACCT-000006,B0007,2026-07-12,Card,34.58,2026-07-14T23:44:01+00:00
PMT-000621,ACCT-000006,B0007,2026-07-13,Check,954.82,2026-07-14T23:44:01+00:00
PMT-000622,ACCT-000088,B0007,2026-07-10,Lockbox,50.99,2026-07-14T23:44:01+00:00
PMT-000623,ACCT-000088,B0007,2026-07-09,Check,12.71,2026-07-14T23:44:01+00:00
PMT-000624,ACCT-000088,B0007,2026-07-12,Card,78.05,2026-07-14T23:44:01+00:00
PMT-000625,ACCT-000018,B0007,2026-07-11,Card,19.3,2026-07-14T23:44:01+00:00
PMT-000626,ACCT-000018,B0007,2026-07-11,Lockbox,270.08,2026-07-14T23:44:01+00:00
PMT-000627,ACCT-000018,B0007,2026-07-10,Card,36.23,2026-07-14T23:44:01+00:00
PMT-000628,ACCT-000067,B0007,2026-07-02,Check,113.16,2026-07-14T23:44:01+00:00
PMT-000629,ACCT-000067,B0007,2026-07-10,Card,403.19,2026-07-14T23:44:01+00:00
PMT-000630,ACCT-000105,B0007,2026-07-04,Card,376.06,2026-07-14T23:44:01+00:00
PMT-000631,ACCT-000101,B0007,2026-07-12,Lockbox,286.66,2026-07-14T23:44:01+00:00
PMT-000632,ACCT-000101,B0007,2026-07-03,Check,127.99,2026-07-14T23:44:01+00:00
PMT-000633,ACCT-000101,B0007,2026-07-03,Check,25.61,2026-07-14T23:44:01+00:00
PMT-000634,ACCT-000127,B0007,2026-07-12,ACH,837.18,2026-07-14T23:44:01+00:00
PMT-000635,ACCT-000134,B0007,2026-07-10,ACH,180.73,2026-07-14T23:44:01+00:00
PMT-000636,ACCT-000134,B0007,2026-07-14,Card,495.78,2026-07-14T23:44:01+00:00
PMT-000637,ACCT-000134,B0007,2026-07-08,ACH,431.78,2026-07-14T23:44:01+00:00
PMT-000638,ACCT-000135,B0007,2026-07-10,Lockbox,648.87,2026-07-14T23:44:01+00:00
PMT-000639,ACCT-000135,B0007,2026-07-04,Check,212.02,2026-07-14T23:44:01+00:00
PMT-000640,ACCT-000135,B0007,2026-07-05,Lockbox,120.39,2026-07-14T23:44:01+00:00
PMT-000641,ACCT-000135,B0007,2026-07-04,Check,212.02,2026-07-14T23:44:01+00:00
PMT-000642,ACCT-000136,B0007,2026-07-07,Lockbox,144.15,2026-07-14T23:44:01+00:00
PMT-000643,ACCT-000136,B0007,2026-07-10,Card,394.53,2026-07-14T23:44:01+00:00
PMT-000644,ACCT-000136,B0007,2026-07-08,ACH,348.83,2026-07-14T23:44:01+00:00
PMT-000645,ACCT-000137,B0007,2026-07-04,Card,821.38,2026-07-14T23:44:01+00:00
PMT-000646,ACCT-000137,B0007,2026-07-04,Card,821.38,2026-07-14T23:44:01+00:00
PMT-000647,ACCT-000133,B0008,2026-08-03,Lockbox,698.39,2026-07-15T01:41:57+00:00
PMT-000648,ACCT-000105,B0008,2026-08-10,ACH,361.13,2026-07-15T01:41:57+00:00
PMT-000649,ACCT-000126,B0008,2026-08-07,Check,10.8,2026-07-15T01:41:57+00:00
PMT-000650,ACCT-000126,B0008,2026-08-09,Lockbox,20.47,2026-07-15T01:41:57+00:00
PMT-000651,ACCT-000126,B0008,2026-08-10,ACH,128.15,2026-07-15T01:41:57+00:00
PMT-000652,ACCT-000026,B0008,2026-08-09,ACH,576.99,2026-07-15T01:41:57+00:00
PMT-000653,ACCT-000032,B0008,2026-08-11,Check,149.82,2026-07-15T01:41:57+00:00
PMT-000654,ACCT-000032,B0008,2026-08-01,Card,327.27,2026-07-15T01:41:57+00:00
PMT-000655,ACCT-000032,B0008,2026-08-12,ACH,108.15,2026-07-15T01:41:57+00:00
PMT-000656,ACCT-000084,B0008,2026-08-03,ACH,79.26,2026-07-15T01:41:57+00:00
PMT-000657,ACCT-000008,B0008,2026-08-01,ACH,285.61,2026-07-15T01:41:57+00:00
PMT-000658,ACCT-000008,B0008,2026-08-07,Lockbox,231.98,2026-07-15T01:41:57+00:00
PMT-000659,ACCT-000024,B0008,2026-08-05,Lockbox,39.51,2026-07-15T01:41:57+00:00
PMT-000660,ACCT-000024,B0008,2026-08-03,ACH,64.58,2026-07-15T01:41:57+00:00
PMT-000661,ACCT-000024,B0008,2026-08-08,Check,297.9,2026-07-15T01:41:57+00:00
PMT-000662,ACCT-000113,B0008,2026-08-04,Check,93.13,2026-07-15T01:41:57+00:00
PMT-000663,ACCT-000113,B0008,2026-08-05,Lockbox,225.19,2026-07-15T01:41:57+00:00
PMT-000664,ACCT-000076,B0008,2026-08-03,Card,450.09,2026-07-15T01:41:57+00:00
PMT-000665,ACCT-000076,B0008,2026-08-10,ACH,46.78,2026-07-15T01:41:57+00:00
PMT-000666,ACCT-000076,B0008,2026-08-13,ACH,111.1,2026-07-15T01:41:57+00:00
PMT-000667,ACCT-000029,B0008,2026-08-01,Card,285.56,2026-07-15T01:41:57+00:00
PMT-000668,ACCT-000029,B0008,2026-08-01,Card,285.56,2026-07-15T01:41:57+00:00
PMT-000669,ACCT-000058,B0008,2026-08-08,Lockbox,924.97,2026-07-15T01:41:57+00:00
PMT-000670,ACCT-000114,B0008,2026-08-09,Lockbox,280.94,2026-07-15T01:41:57+00:00
PMT-000671,ACCT-000114,B0008,2026-08-08,Lockbox,97.58,2026-07-15T01:41:57+00:00
PMT-000672,ACCT-000114,B0008,2026-08-04,ACH,3.61,2026-07-15T01:41:57+00:00
PMT-000673,ACCT-000114,B0008,2026-08-09,Lockbox,280.94,2026-07-15T01:41:57+00:00
PMT-000674,ACCT-000124,B0008,2026-08-10,Lockbox,388.54,2026-07-15T01:41:57+00:00
PMT-000675,ACCT-000124,B0008,2026-08-04,ACH,107.25,2026-07-15T01:41:57+00:00
PMT-000676,ACCT-000124,B0008,2026-08-04,ACH,107.25,2026-07-15T01:41:57+00:00
PMT-000677,ACCT-000115,B0008,2026-08-07,Card,232.29,2026-07-15T01:41:57+00:00
PMT-000678,ACCT-000115,B0008,2026-08-06,Card,47.84,2026-07-15T01:41:57+00:00
PMT-000679,ACCT-000132,B0008,2026-08-08,ACH,96.14,2026-07-15T01:41:57+00:00
PMT-000680,ACCT-000132,B0008,2026-08-05,Lockbox,38.11,2026-07-15T01:41:57+00:00
PMT-000681,ACCT-000006,B0008,2026-08-04,Check,254.73,2026-07-15T01:41:57+00:00
PMT-000682,ACCT-000127,B0008,2026-08-11,ACH,403.8,2026-07-15T01:41:57+00:00
PMT-000683,ACCT-000127,B0008,2026-08-05,Card,203.83,2026-07-15T01:41:57+00:00
PMT-000684,ACCT-000127,B0008,2026-08-11,Card,158.7,2026-07-15T01:41:57+00:00
PMT-000685,ACCT-000069,B0008,2026-08-11,ACH,460.67,2026-07-15T01:41:57+00:00
PMT-000686,ACCT-000098,B0008,2026-08-07,Lockbox,536.5,2026-07-15T01:41:57+00:00
PMT-000687,ACCT-000063,B0008,2026-08-08,Card,55.33,2026-07-15T01:41:57+00:00
PMT-000688,ACCT-000063,B0008,2026-08-03,Lockbox,203.07,2026-07-15T01:41:57+00:00
PMT-000689,ACCT-000063,B0008,2026-08-02,ACH,27.07,2026-07-15T01:41:57+00:00
PMT-000690,ACCT-000064,B0008,2026-08-03,Card,88.71,2026-07-15T01:41:57+00:00
PMT-000691,ACCT-000064,B0008,2026-08-08,Check,165.43,2026-07-15T01:41:57+00:00
PMT-000692,ACCT-000030,B0008,2026-08-02,Card,105.24,2026-07-15T01:41:57+00:00
PMT-000693,ACCT-000083,B0008,2026-08-09,Lockbox,26.22,2026-07-15T01:41:57+00:00
PMT-000694,ACCT-000083,B0008,2026-08-02,Check,14.84,2026-07-15T01:41:57+00:00
PMT-000695,ACCT-000083,B0008,2026-08-10,Card,309.1,2026-07-15T01:41:57+00:00
PMT-000696,ACCT-000081,B0008,2026-08-04,Lockbox,486.81,2026-07-15T01:41:57+00:00
PMT-000697,ACCT-000033,B0008,2026-08-05,ACH,248.38,2026-07-15T01:41:57+00:00
PMT-000698,ACCT-000033,B0008,2026-08-12,Lockbox,12.68,2026-07-15T01:41:57+00:00
PMT-000699,ACCT-000033,B0008,2026-08-12,Check,319.02,2026-07-15T01:41:57+00:00
PMT-000700,ACCT-000077,B0008,2026-08-13,Check,222.08,2026-07-15T01:41:57+00:00
PMT-000701,ACCT-000077,B0008,2026-08-09,Check,244.31,2026-07-15T01:41:57+00:00
PMT-000702,ACCT-000077,B0008,2026-08-02,Card,79.27,2026-07-15T01:41:57+00:00
PMT-000703,ACCT-000051,B0008,2026-08-07,ACH,32.38,2026-07-15T01:41:57+00:00
PMT-000704,ACCT-000051,B0008,2026-08-09,Check,3.47,2026-07-15T01:41:57+00:00
PMT-000705,ACCT-000051,B0008,2026-08-06,Lockbox,3.82,2026-07-15T01:41:57+00:00
PMT-000706,ACCT-000051,B0008,2026-08-09,Check,3.47,2026-07-15T01:41:57+00:00
PMT-000707,ACCT-000130,B0008,2026-08-03,Lockbox,170.0,2026-07-15T01:41:57+00:00
PMT-000708,ACCT-000130,B0008,2026-08-04,Card,478.15,2026-07-15T01:41:57+00:00
PMT-000709,ACCT-000100,B0008,2026-08-04,Check,279.59,2026-07-15T01:41:57+00:00
PMT-000710,ACCT-000052,B0008,2026-08-08,Card,246.28,2026-07-15T01:41:57+00:00
PMT-000711,ACCT-000052,B0008,2026-08-12,ACH,505.2,2026-07-15T01:41:57+00:00
PMT-000712,ACCT-000052,B0008,2026-08-02,Lockbox,135.77,2026-07-15T01:41:57+00:00
PMT-000713,ACCT-000138,B0008,2026-08-07,ACH,292.0,2026-07-15T01:41:57+00:00
PMT-000714,ACCT-000138,B0008,2026-08-04,Card,85.73,2026-07-15T01:41:57+00:00
PMT-000715,ACCT-000138,B0008,2026-08-03,Card,466.48,2026-07-15T01:41:57+00:00
PMT-000716,ACCT-000139,B0008,2026-08-05,ACH,225.48,2026-07-15T01:41:57+00:00
PMT-000717,ACCT-000140,B0008,2026-08-09,ACH,317.88,2026-07-15T01:41:57+00:00
