remit_id,account_id,batch_id,remit_date,remit_amount,generated_at
RMT-000001,ACCT-000001,B0001,2026-01-15,1138.56,2026-07-12T19:44:37+00:00
RMT-000002,ACCT-000002,B0001,2026-01-15,404.56,2026-07-12T19:44:37+00:00
RMT-000003,ACCT-000003,B0001,2026-01-15,916.66,2026-07-12T19:44:37+00:00
RMT-000004,ACCT-000004,B0001,2026-01-15,923.62,2026-07-12T19:44:37+00:00
RMT-000005,ACCT-000005,B0001,2026-01-15,487.64,2026-07-12T19:44:37+00:00
RMT-000006,ACCT-000006,B0001,2026-01-15,802.55,2026-07-12T19:44:37+00:00
RMT-000007,ACCT-000007,B0001,2026-01-15,255.38,2026-07-12T19:44:37+00:00
RMT-000008,ACCT-000008,B0001,2026-01-15,1025.37,2026-07-12T19:44:37+00:00
RMT-000009,ACCT-000009,B0001,2026-01-15,518.78,2026-07-12T19:44:37+00:00
RMT-000010,ACCT-000010,B0001,2026-01-15,889.19,2026-07-12T19:44:37+00:00
RMT-000011,ACCT-000011,B0001,2026-01-15,368.12,2026-07-12T19:44:37+00:00
RMT-000012,ACCT-000012,B0001,2026-01-15,721.78,2026-07-12T19:44:37+00:00
RMT-000013,ACCT-000013,B0001,2026-01-15,1203.84,2026-07-12T19:44:37+00:00
RMT-000014,ACCT-000014,B0001,2026-01-15,352.81,2026-07-12T19:44:37+00:00
RMT-000015,ACCT-000015,B0001,2026-01-15,116.47,2026-07-12T19:44:37+00:00
RMT-000016,ACCT-000016,B0001,2026-01-15,378.45,2026-07-12T19:44:37+00:00
RMT-000017,ACCT-000017,B0001,2026-01-15,1006.54,2026-07-12T19:44:37+00:00
RMT-000018,ACCT-000018,B0001,2026-01-15,431.23,2026-07-12T19:44:37+00:00
RMT-000019,ACCT-000019,B0001,2026-01-15,571.71,2026-07-12T19:44:37+00:00
RMT-000020,ACCT-000020,B0001,2026-01-15,170.21,2026-07-12T19:44:37+00:00
RMT-000021,ACCT-000021,B0001,2026-01-15,379.93,2026-07-12T19:44:37+00:00
RMT-000022,ACCT-000022,B0001,2026-01-15,654.74,2026-07-12T19:44:37+00:00
RMT-000023,ACCT-000023,B0001,2026-01-15,487.02,2026-07-12T19:44:37+00:00
RMT-000024,ACCT-000024,B0001,2026-01-15,990.01,2026-07-12T19:44:37+00:00
RMT-000025,ACCT-000025,B0001,2026-01-15,411.06,2026-07-12T19:44:37+00:00
RMT-000026,ACCT-000026,B0001,2026-01-15,891.71,2026-07-12T19:44:37+00:00
RMT-000027,ACCT-000027,B0001,2026-01-15,223.67,2026-07-12T19:44:37+00:00
RMT-000028,ACCT-000028,B0001,2026-01-15,1203.94,2026-07-12T19:44:37+00:00
RMT-000029,ACCT-000029,B0001,2026-01-15,931.12,2026-07-12T19:44:37+00:00
RMT-000030,ACCT-000030,B0001,2026-01-15,356.11,2026-07-12T19:44:37+00:00
RMT-000031,ACCT-000031,B0001,2026-01-15,776.36,2026-07-12T19:44:37+00:00
RMT-000032,ACCT-000032,B0001,2026-01-15,168.67,2026-07-12T19:44:37+00:00
RMT-000033,ACCT-000033,B0001,2026-01-15,375.92,2026-07-12T19:44:37+00:00
RMT-000034,ACCT-000034,B0001,2026-01-15,694.94,2026-07-12T19:44:37+00:00
RMT-000035,ACCT-000035,B0001,2026-01-15,666.0,2026-07-12T19:44:37+00:00
RMT-000036,ACCT-000036,B0001,2026-01-15,934.72,2026-07-12T19:44:37+00:00
RMT-000037,ACCT-000037,B0001,2026-01-15,370.85,2026-07-12T19:44:37+00:00
RMT-000038,ACCT-000038,B0001,2026-01-15,402.14,2026-07-12T19:44:37+00:00
RMT-000039,ACCT-000039,B0001,2026-01-15,117.21,2026-07-12T19:44:37+00:00
RMT-000040,ACCT-000040,B0001,2026-01-15,972.53,2026-07-12T19:44:37+00:00
RMT-000041,ACCT-000041,B0001,2026-01-15,460.9,2026-07-12T19:44:37+00:00
RMT-000042,ACCT-000042,B0001,2026-01-15,755.78,2026-07-12T19:44:37+00:00
RMT-000043,ACCT-000043,B0001,2026-01-15,580.67,2026-07-12T19:44:37+00:00
RMT-000044,ACCT-000044,B0001,2026-01-15,670.67,2026-07-12T19:44:37+00:00
RMT-000045,ACCT-000045,B0001,2026-01-15,992.03,2026-07-12T19:44:37+00:00
RMT-000046,ACCT-000046,B0001,2026-01-15,217.53,2026-07-12T19:44:37+00:00
RMT-000047,ACCT-000047,B0001,2026-01-15,302.23,2026-07-12T19:44:37+00:00
RMT-000048,ACCT-000048,B0001,2026-01-15,810.28,2026-07-12T19:44:37+00:00
RMT-000049,ACCT-000049,B0001,2026-01-15,813.36,2026-07-12T19:44:37+00:00
RMT-000050,ACCT-000050,B0001,2026-01-15,203.08,2026-07-12T19:44:37+00:00
RMT-000051,ACCT-000051,B0001,2026-01-15,265.34,2026-07-12T19:44:37+00:00
RMT-000052,ACCT-000052,B0001,2026-01-15,378.12,2026-07-12T19:44:37+00:00
RMT-000053,ACCT-000053,B0001,2026-01-15,637.47,2026-07-12T19:44:37+00:00
RMT-000054,ACCT-000054,B0001,2026-01-15,625.18,2026-07-12T19:44:37+00:00
RMT-000055,ACCT-000055,B0001,2026-01-15,618.9,2026-07-12T19:44:37+00:00
RMT-000056,ACCT-000056,B0001,2026-01-15,280.95,2026-07-12T19:44:37+00:00
RMT-000057,ACCT-000057,B0001,2026-01-15,1051.13,2026-07-12T19:44:37+00:00
RMT-000058,ACCT-000058,B0001,2026-01-15,278.26,2026-07-12T19:44:37+00:00
RMT-000059,ACCT-000059,B0001,2026-01-15,115.71,2026-07-12T19:44:37+00:00
RMT-000060,ACCT-000060,B0001,2026-01-15,377.84,2026-07-12T19:44:37+00:00
RMT-000061,ACCT-000061,B0001,2026-01-15,936.32,2026-07-12T19:44:37+00:00
RMT-000062,ACCT-000062,B0001,2026-01-15,144.28,2026-07-12T19:44:37+00:00
RMT-000063,ACCT-000063,B0001,2026-01-15,766.33,2026-07-12T19:44:37+00:00
RMT-000064,ACCT-000064,B0001,2026-01-15,48.26,2026-07-12T19:44:37+00:00
RMT-000065,ACCT-000065,B0001,2026-01-15,743.3,2026-07-12T19:44:37+00:00
RMT-000066,ACCT-000066,B0001,2026-01-15,236.8,2026-07-12T19:44:37+00:00
RMT-000067,ACCT-000067,B0001,2026-01-15,264.43,2026-07-12T19:44:37+00:00
RMT-000068,ACCT-000068,B0001,2026-01-15,663.74,2026-07-12T19:44:37+00:00
RMT-000069,ACCT-000069,B0001,2026-01-15,488.27,2026-07-12T19:44:37+00:00
RMT-000070,ACCT-000070,B0001,2026-01-15,886.72,2026-07-12T19:44:37+00:00
RMT-000071,ACCT-000071,B0001,2026-01-15,892.74,2026-07-12T19:44:37+00:00
RMT-000072,ACCT-000072,B0001,2026-01-15,741.52,2026-07-12T19:44:37+00:00
RMT-000073,ACCT-000073,B0001,2026-01-15,357.71,2026-07-12T19:44:37+00:00
RMT-000074,ACCT-000074,B0001,2026-01-15,610.68,2026-07-12T19:44:37+00:00
RMT-000075,ACCT-000075,B0001,2026-01-15,588.35,2026-07-12T19:44:37+00:00
RMT-000076,ACCT-000076,B0001,2026-01-15,1061.65,2026-07-12T19:44:37+00:00
RMT-000077,ACCT-000077,B0001,2026-01-15,699.91,2026-07-12T19:44:37+00:00
RMT-000078,ACCT-000078,B0001,2026-01-15,283.69,2026-07-12T19:44:37+00:00
RMT-000079,ACCT-000079,B0001,2026-01-15,273.34,2026-07-12T19:44:37+00:00
RMT-000080,ACCT-000080,B0001,2026-01-15,880.69,2026-07-12T19:44:37+00:00
RMT-000081,ACCT-000081,B0001,2026-01-15,852.81,2026-07-12T19:44:37+00:00
RMT-000082,ACCT-000082,B0001,2026-01-15,730.74,2026-07-12T19:44:37+00:00
RMT-000083,ACCT-000083,B0001,2026-01-15,630.43,2026-07-12T19:44:37+00:00
RMT-000084,ACCT-000084,B0001,2026-01-15,269.09,2026-07-12T19:44:37+00:00
RMT-000085,ACCT-000085,B0001,2026-01-15,396.26,2026-07-12T19:44:37+00:00
RMT-000086,ACCT-000086,B0001,2026-01-15,634.62,2026-07-12T19:44:37+00:00
RMT-000087,ACCT-000087,B0001,2026-01-15,397.73,2026-07-12T19:44:37+00:00
RMT-000088,ACCT-000088,B0001,2026-01-15,657.3,2026-07-12T19:44:37+00:00
RMT-000089,ACCT-000089,B0001,2026-01-15,816.17,2026-07-12T19:44:37+00:00
RMT-000090,ACCT-000090,B0001,2026-01-15,594.77,2026-07-12T19:44:37+00:00
RMT-000091,ACCT-000091,B0001,2026-01-15,498.4,2026-07-12T19:44:37+00:00
RMT-000092,ACCT-000092,B0001,2026-01-15,620.97,2026-07-12T19:44:37+00:00
RMT-000093,ACCT-000093,B0001,2026-01-15,849.93,2026-07-12T19:44:37+00:00
RMT-000094,ACCT-000094,B0001,2026-01-15,702.42,2026-07-12T19:44:37+00:00
RMT-000095,ACCT-000095,B0001,2026-01-15,508.12,2026-07-12T19:44:37+00:00
RMT-000096,ACCT-000096,B0001,2026-01-15,1033.89,2026-07-12T19:44:37+00:00
RMT-000097,ACCT-000097,B0001,2026-01-15,377.54,2026-07-12T19:44:37+00:00
RMT-000098,ACCT-000098,B0001,2026-01-15,313.09,2026-07-12T19:44:37+00:00
RMT-000099,ACCT-000099,B0001,2026-01-15,635.9,2026-07-12T19:44:37+00:00
RMT-000100,ACCT-000100,B0001,2026-01-15,951.63,2026-07-12T19:44:37+00:00
RMT-000101,ACCT-000101,B0001,2026-01-15,950.64,2026-07-12T19:44:37+00:00
RMT-000102,ACCT-000102,B0001,2026-01-15,334.74,2026-07-12T19:44:37+00:00
RMT-000103,ACCT-000103,B0001,2026-01-15,532.37,2026-07-12T19:44:37+00:00
RMT-000104,ACCT-000104,B0001,2026-01-15,722.82,2026-07-12T19:44:37+00:00
RMT-000105,ACCT-000105,B0001,2026-01-15,190.36,2026-07-12T19:44:37+00:00
RMT-000106,ACCT-000106,B0001,2026-01-15,574.5,2026-07-12T19:44:37+00:00
RMT-000107,ACCT-000107,B0001,2026-01-15,784.49,2026-07-12T19:44:37+00:00
RMT-000108,ACCT-000108,B0001,2026-01-15,687.24,2026-07-12T19:44:37+00:00
RMT-000109,ACCT-000109,B0001,2026-01-15,714.11,2026-07-12T19:44:37+00:00
RMT-000110,ACCT-000110,B0001,2026-01-15,1127.41,2026-07-12T19:44:37+00:00
RMT-000111,ACCT-000111,B0001,2026-01-15,809.62,2026-07-12T19:44:37+00:00
RMT-000112,ACCT-000112,B0001,2026-01-15,381.24,2026-07-12T19:44:37+00:00
RMT-000113,ACCT-000113,B0001,2026-01-15,919.79,2026-07-12T19:44:37+00:00
RMT-000114,ACCT-000114,B0001,2026-01-15,360.19,2026-07-12T19:44:37+00:00
RMT-000115,ACCT-000115,B0001,2026-01-15,628.99,2026-07-12T19:44:37+00:00
RMT-000116,ACCT-000116,B0001,2026-01-15,971.07,2026-07-12T19:44:37+00:00
RMT-000117,ACCT-000117,B0001,2026-01-15,579.9,2026-07-12T19:44:37+00:00
RMT-000118,ACCT-000118,B0001,2026-01-15,432.85,2026-07-12T19:44:37+00:00
RMT-000119,ACCT-000119,B0001,2026-01-15,952.54,2026-07-12T19:44:37+00:00
RMT-000120,ACCT-000120,B0001,2026-01-15,678.01,2026-07-12T19:44:37+00:00
RMT-000121,ACCT-000070,B0002,2026-02-14,698.47,2026-07-12T20:07:48+00:00
RMT-000122,ACCT-000111,B0002,2026-02-14,432.97,2026-07-12T20:07:48+00:00
RMT-000123,ACCT-000083,B0002,2026-02-14,767.53,2026-07-12T20:07:48+00:00
RMT-000124,ACCT-000079,B0002,2026-02-14,400.17,2026-07-12T20:07:48+00:00
RMT-000125,ACCT-000072,B0002,2026-02-14,344.48,2026-07-12T20:07:48+00:00
RMT-000126,ACCT-000027,B0002,2026-02-14,724.01,2026-07-12T20:07:48+00:00
RMT-000127,ACCT-000023,B0002,2026-02-14,608.65,2026-07-12T20:07:48+00:00
RMT-000128,ACCT-000016,B0002,2026-02-14,514.02,2026-07-12T20:07:48+00:00
RMT-000129,ACCT-000041,B0002,2026-02-14,890.33,2026-07-12T20:07:48+00:00
RMT-000130,ACCT-000042,B0002,2026-02-14,313.15,2026-07-12T20:07:48+00:00
RMT-000131,ACCT-000058,B0002,2026-02-14,453.03,2026-07-12T20:07:48+00:00
RMT-000132,ACCT-000025,B0002,2026-02-14,391.58,2026-07-12T20:07:48+00:00
RMT-000133,ACCT-000052,B0002,2026-02-14,55.38,2026-07-12T20:07:48+00:00
RMT-000134,ACCT-000076,B0002,2026-02-14,276.45,2026-07-12T20:07:48+00:00
RMT-000135,ACCT-000013,B0002,2026-02-14,592.35,2026-07-12T20:07:48+00:00
RMT-000136,ACCT-000113,B0002,2026-02-14,317.06,2026-07-12T20:07:48+00:00
RMT-000137,ACCT-000005,B0002,2026-02-14,240.78,2026-07-12T20:07:48+00:00
RMT-000138,ACCT-000037,B0002,2026-02-14,736.8,2026-07-12T20:07:48+00:00
RMT-000139,ACCT-000001,B0002,2026-02-14,228.8,2026-07-12T20:07:48+00:00
RMT-000140,ACCT-000107,B0002,2026-02-14,349.35,2026-07-12T20:07:48+00:00
RMT-000141,ACCT-000038,B0002,2026-02-14,690.83,2026-07-12T20:07:48+00:00
RMT-000142,ACCT-000028,B0002,2026-02-14,439.42,2026-07-12T20:07:48+00:00
RMT-000143,ACCT-000116,B0002,2026-02-14,559.27,2026-07-12T20:07:48+00:00
RMT-000144,ACCT-000074,B0002,2026-02-14,399.99,2026-07-12T20:07:48+00:00
RMT-000145,ACCT-000012,B0002,2026-02-14,72.14,2026-07-12T20:07:48+00:00
RMT-000146,ACCT-000120,B0002,2026-02-14,466.58,2026-07-12T20:07:48+00:00
RMT-000147,ACCT-000078,B0002,2026-02-14,209.98,2026-07-12T20:07:48+00:00
RMT-000148,ACCT-000121,B0002,2026-02-14,907.05,2026-07-12T20:07:48+00:00
RMT-000149,ACCT-000122,B0002,2026-02-14,303.01,2026-07-12T20:07:48+00:00
RMT-000150,ACCT-000103,B0003,2026-03-16,509.84,2026-07-12T21:41:14+00:00
RMT-000151,ACCT-000017,B0003,2026-03-16,308.79,2026-07-12T21:41:14+00:00
RMT-000152,ACCT-000093,B0003,2026-03-16,101.92,2026-07-12T21:41:14+00:00
RMT-000153,ACCT-000089,B0003,2026-03-16,1054.02,2026-07-12T21:41:14+00:00
RMT-000154,ACCT-000082,B0003,2026-03-16,333.53,2026-07-12T21:41:14+00:00
RMT-000155,ACCT-000109,B0003,2026-03-16,355.06,2026-07-12T21:41:14+00:00
RMT-000156,ACCT-000066,B0003,2026-03-16,882.02,2026-07-12T21:41:14+00:00
RMT-000157,ACCT-000024,B0003,2026-03-16,929.66,2026-07-12T21:41:14+00:00
RMT-000158,ACCT-000010,B0003,2026-03-16,165.3,2026-07-12T21:41:14+00:00
RMT-000159,ACCT-000025,B0003,2026-03-16,479.19,2026-07-12T21:41:14+00:00
RMT-000160,ACCT-000114,B0003,2026-03-16,748.24,2026-07-12T21:41:14+00:00
RMT-000161,ACCT-000080,B0003,2026-03-16,340.36,2026-07-12T21:41:14+00:00
RMT-000162,ACCT-000011,B0003,2026-03-16,423.9,2026-07-12T21:41:14+00:00
RMT-000163,ACCT-000018,B0003,2026-03-16,941.42,2026-07-12T21:41:14+00:00
RMT-000164,ACCT-000029,B0003,2026-03-16,648.95,2026-07-12T21:41:14+00:00
RMT-000165,ACCT-000096,B0003,2026-03-16,523.52,2026-07-12T21:41:14+00:00
RMT-000166,ACCT-000100,B0003,2026-03-16,406.96,2026-07-12T21:41:14+00:00
RMT-000167,ACCT-000084,B0003,2026-03-16,341.85,2026-07-12T21:41:14+00:00
RMT-000168,ACCT-000044,B0003,2026-03-16,722.58,2026-07-12T21:41:14+00:00
RMT-000169,ACCT-000046,B0003,2026-03-16,612.5,2026-07-12T21:41:14+00:00
RMT-000170,ACCT-000091,B0003,2026-03-16,430.6,2026-07-12T21:41:14+00:00
RMT-000171,ACCT-000028,B0003,2026-03-16,696.16,2026-07-12T21:41:14+00:00
RMT-000172,ACCT-000112,B0003,2026-03-16,583.66,2026-07-12T21:41:14+00:00
RMT-000173,ACCT-000038,B0003,2026-03-16,664.59,2026-07-12T21:41:14+00:00
RMT-000174,ACCT-000085,B0003,2026-03-16,159.37,2026-07-12T21:41:14+00:00
RMT-000175,ACCT-000095,B0003,2026-03-16,275.36,2026-07-12T21:41:14+00:00
RMT-000176,ACCT-000087,B0003,2026-03-16,947.8,2026-07-12T21:41:14+00:00
RMT-000177,ACCT-000036,B0003,2026-03-16,593.8,2026-07-12T21:41:14+00:00
RMT-000178,ACCT-000053,B0003,2026-03-16,203.45,2026-07-12T21:41:14+00:00
RMT-000179,ACCT-000101,B0003,2026-03-16,582.16,2026-07-12T21:41:14+00:00
RMT-000180,ACCT-000033,B0003,2026-03-16,840.59,2026-07-12T21:41:14+00:00
RMT-000181,ACCT-000121,B0003,2026-03-16,456.39,2026-07-12T21:41:14+00:00
RMT-000182,ACCT-000123,B0003,2026-03-16,1007.64,2026-07-12T21:41:14+00:00
RMT-000183,ACCT-000124,B0003,2026-03-16,529.8,2026-07-12T21:41:14+00:00
RMT-000184,ACCT-000125,B0003,2026-03-16,614.52,2026-07-12T21:41:14+00:00
RMT-000185,ACCT-000126,B0003,2026-03-16,705.63,2026-07-12T21:41:14+00:00
RMT-000186,ACCT-000064,B0004,2026-04-15,227.53,2026-07-12T22:39:31+00:00
RMT-000187,ACCT-000034,B0004,2026-04-15,445.11,2026-07-12T22:39:31+00:00
RMT-000188,ACCT-000096,B0004,2026-04-15,49.8,2026-07-12T22:39:31+00:00
RMT-000189,ACCT-000091,B0004,2026-04-15,625.17,2026-07-12T22:39:31+00:00
RMT-000190,ACCT-000068,B0004,2026-04-15,627.42,2026-07-12T22:39:31+00:00
RMT-000191,ACCT-000029,B0004,2026-04-15,793.94,2026-07-12T22:39:31+00:00
RMT-000192,ACCT-000047,B0004,2026-04-15,660.01,2026-07-12T22:39:31+00:00
RMT-000193,ACCT-000083,B0004,2026-04-15,169.94,2026-07-12T22:39:31+00:00
RMT-000194,ACCT-000052,B0004,2026-04-15,710.57,2026-07-12T22:39:31+00:00
RMT-000195,ACCT-000001,B0004,2026-04-15,835.06,2026-07-12T22:39:31+00:00
RMT-000196,ACCT-000022,B0004,2026-04-15,196.08,2026-07-12T22:39:31+00:00
RMT-000197,ACCT-000016,B0004,2026-04-15,592.7,2026-07-12T22:39:31+00:00
RMT-000198,ACCT-000102,B0004,2026-04-15,389.57,2026-07-12T22:39:31+00:00
RMT-000199,ACCT-000113,B0004,2026-04-15,1205.39,2026-07-12T22:39:31+00:00
RMT-000200,ACCT-000013,B0004,2026-04-15,322.56,2026-07-12T22:39:31+00:00
RMT-000201,ACCT-000121,B0004,2026-04-15,494.84,2026-07-12T22:39:31+00:00
RMT-000202,ACCT-000030,B0004,2026-04-15,487.43,2026-07-12T22:39:31+00:00
RMT-000203,ACCT-000043,B0004,2026-04-15,607.74,2026-07-12T22:39:31+00:00
RMT-000204,ACCT-000105,B0004,2026-04-15,701.98,2026-07-12T22:39:31+00:00
RMT-000205,ACCT-000028,B0004,2026-04-15,883.68,2026-07-12T22:39:31+00:00
RMT-000206,ACCT-000010,B0004,2026-04-15,806.95,2026-07-12T22:39:31+00:00
RMT-000207,ACCT-000109,B0004,2026-04-15,776.31,2026-07-12T22:39:31+00:00
RMT-000208,ACCT-000103,B0004,2026-04-15,260.75,2026-07-12T22:39:31+00:00
RMT-000209,ACCT-000125,B0004,2026-04-15,806.75,2026-07-12T22:39:31+00:00
RMT-000210,ACCT-000046,B0004,2026-04-15,674.46,2026-07-12T22:39:31+00:00
RMT-000211,ACCT-000114,B0004,2026-04-15,180.8,2026-07-12T22:39:31+00:00
RMT-000212,ACCT-000011,B0004,2026-04-15,279.87,2026-07-12T22:39:31+00:00
RMT-000213,ACCT-000089,B0004,2026-04-15,383.34,2026-07-12T22:39:31+00:00
RMT-000214,ACCT-000092,B0004,2026-04-15,64.68,2026-07-12T22:39:31+00:00
RMT-000215,ACCT-000111,B0004,2026-04-15,348.41,2026-07-12T22:39:31+00:00
RMT-000216,ACCT-000079,B0004,2026-04-15,455.87,2026-07-12T22:39:31+00:00
RMT-000217,ACCT-000127,B0004,2026-04-15,658.55,2026-07-12T22:39:31+00:00
RMT-000218,ACCT-000128,B0004,2026-04-15,324.25,2026-07-12T22:39:31+00:00
RMT-000219,ACCT-000073,B0005,2026-05-15,670.15,2026-07-12T23:44:19+00:00
RMT-000220,ACCT-000115,B0005,2026-05-15,746.44,2026-07-12T23:44:19+00:00
RMT-000221,ACCT-000017,B0005,2026-05-15,86.45,2026-07-12T23:44:19+00:00
RMT-000222,ACCT-000043,B0005,2026-05-15,261.26,2026-07-12T23:44:19+00:00
RMT-000223,ACCT-000050,B0005,2026-05-15,908.7,2026-07-12T23:44:19+00:00
RMT-000224,ACCT-000083,B0005,2026-05-15,831.77,2026-07-12T23:44:19+00:00
RMT-000225,ACCT-000070,B0005,2026-05-15,581.27,2026-07-12T23:44:19+00:00
RMT-000226,ACCT-000075,B0005,2026-05-15,358.44,2026-07-12T23:44:19+00:00
RMT-000227,ACCT-000012,B0005,2026-05-15,677.12,2026-07-12T23:44:19+00:00
RMT-000228,ACCT-000076,B0005,2026-05-15,1203.83,2026-07-12T23:44:19+00:00
RMT-000229,ACCT-000128,B0005,2026-05-15,344.21,2026-07-12T23:44:19+00:00
RMT-000230,ACCT-000118,B0005,2026-05-15,664.28,2026-07-12T23:44:19+00:00
RMT-000231,ACCT-000047,B0005,2026-05-15,597.56,2026-07-12T23:44:19+00:00
RMT-000232,ACCT-000031,B0005,2026-05-15,378.72,2026-07-12T23:44:19+00:00
RMT-000233,ACCT-000093,B0005,2026-05-15,845.06,2026-07-12T23:44:19+00:00
RMT-000234,ACCT-000049,B0005,2026-05-15,809.49,2026-07-12T23:44:19+00:00
RMT-000235,ACCT-000057,B0005,2026-05-15,605.43,2026-07-12T23:44:19+00:00
RMT-000236,ACCT-000097,B0005,2026-05-15,1093.79,2026-07-12T23:44:19+00:00
RMT-000237,ACCT-000013,B0005,2026-05-15,356.51,2026-07-12T23:44:19+00:00
RMT-000238,ACCT-000005,B0005,2026-05-15,391.17,2026-07-12T23:44:19+00:00
RMT-000239,ACCT-000074,B0005,2026-05-15,1157.37,2026-07-12T23:44:19+00:00
RMT-000240,ACCT-000104,B0005,2026-05-15,247.47,2026-07-12T23:44:19+00:00
RMT-000241,ACCT-000086,B0005,2026-05-15,430.68,2026-07-12T23:44:19+00:00
RMT-000242,ACCT-000018,B0005,2026-05-15,444.92,2026-07-12T23:44:19+00:00
RMT-000243,ACCT-000026,B0005,2026-05-15,810.24,2026-07-12T23:44:19+00:00
RMT-000244,ACCT-000072,B0005,2026-05-15,834.3,2026-07-12T23:44:19+00:00
RMT-000245,ACCT-000038,B0005,2026-05-15,128.04,2026-07-12T23:44:19+00:00
RMT-000246,ACCT-000080,B0005,2026-05-15,777.59,2026-07-12T23:44:19+00:00
RMT-000247,ACCT-000114,B0005,2026-05-15,130.7,2026-07-12T23:44:19+00:00
RMT-000248,ACCT-000011,B0005,2026-05-15,434.44,2026-07-12T23:44:19+00:00
RMT-000249,ACCT-000084,B0005,2026-05-15,611.38,2026-07-12T23:44:19+00:00
RMT-000250,ACCT-000095,B0005,2026-05-15,716.42,2026-07-12T23:44:19+00:00
RMT-000251,ACCT-000034,B0005,2026-05-15,1050.41,2026-07-12T23:44:19+00:00
RMT-000252,ACCT-000081,B0005,2026-05-15,1056.3,2026-07-12T23:44:19+00:00
RMT-000253,ACCT-000129,B0005,2026-05-15,636.15,2026-07-12T23:44:19+00:00
RMT-000254,ACCT-000130,B0005,2026-05-15,25.9,2026-07-12T23:44:19+00:00
RMT-000255,ACCT-000048,B0006,2026-06-14,896.32,2026-07-14T22:50:00+00:00
RMT-000256,ACCT-000064,B0006,2026-06-14,597.93,2026-07-14T22:50:00+00:00
RMT-000257,ACCT-000076,B0006,2026-06-14,998.23,2026-07-14T22:50:00+00:00
RMT-000258,ACCT-000041,B0006,2026-06-14,-0.59,2026-07-14T22:50:00+00:00
RMT-000259,ACCT-000052,B0006,2026-06-14,800.49,2026-07-14T22:50:00+00:00
RMT-000260,ACCT-000011,B0006,2026-06-14,176.79,2026-07-14T22:50:00+00:00
RMT-000261,ACCT-000047,B0006,2026-06-14,575.83,2026-07-14T22:50:00+00:00
RMT-000262,ACCT-000034,B0006,2026-06-14,821.46,2026-07-14T22:50:00+00:00
RMT-000263,ACCT-000036,B0006,2026-06-14,301.51,2026-07-14T22:50:00+00:00
RMT-000264,ACCT-000069,B0006,2026-06-14,639.33,2026-07-14T22:50:00+00:00
RMT-000265,ACCT-000124,B0006,2026-06-14,852.72,2026-07-14T22:50:00+00:00
RMT-000266,ACCT-000039,B0006,2026-06-14,355.48,2026-07-14T22:50:00+00:00
RMT-000267,ACCT-000090,B0006,2026-06-14,150.45,2026-07-14T22:50:00+00:00
RMT-000268,ACCT-000129,B0006,2026-06-14,454.33,2026-07-14T22:50:00+00:00
RMT-000269,ACCT-000022,B0006,2026-06-14,283.1,2026-07-14T22:50:00+00:00
RMT-000270,ACCT-000118,B0006,2026-06-14,103.51,2026-07-14T22:50:00+00:00
RMT-000271,ACCT-000105,B0006,2026-06-14,622.41,2026-07-14T22:50:00+00:00
RMT-000272,ACCT-000038,B0006,2026-06-14,626.35,2026-07-14T22:50:00+00:00
RMT-000273,ACCT-000109,B0006,2026-06-14,914.01,2026-07-14T22:50:00+00:00
RMT-000274,ACCT-000119,B0006,2026-06-14,772.59,2026-07-14T22:50:00+00:00
RMT-000275,ACCT-000081,B0006,2026-06-14,135.12,2026-07-14T22:50:00+00:00
RMT-000276,ACCT-000120,B0006,2026-06-14,205.3,2026-07-14T22:50:00+00:00
RMT-000277,ACCT-000020,B0006,2026-06-14,424.77,2026-07-14T22:50:00+00:00
RMT-000278,ACCT-000057,B0006,2026-06-14,1120.6,2026-07-14T22:50:00+00:00
RMT-000279,ACCT-000033,B0006,2026-06-14,1076.48,2026-07-14T22:50:00+00:00
RMT-000280,ACCT-000093,B0006,2026-06-14,159.75,2026-07-14T22:50:00+00:00
RMT-000281,ACCT-000112,B0006,2026-06-14,340.61,2026-07-14T22:50:00+00:00
RMT-000282,ACCT-000088,B0006,2026-06-14,154.22,2026-07-14T22:50:00+00:00
RMT-000283,ACCT-000131,B0006,2026-06-14,814.8,2026-07-14T22:50:00+00:00
RMT-000284,ACCT-000132,B0006,2026-06-14,794.51,2026-07-14T22:50:00+00:00
RMT-000285,ACCT-000133,B0006,2026-06-14,720.05,2026-07-14T22:50:00+00:00
RMT-000286,ACCT-000084,B0007,2026-07-14,249.22,2026-07-14T23:44:01+00:00
RMT-000287,ACCT-000089,B0007,2026-07-14,651.44,2026-07-14T23:44:01+00:00
RMT-000288,ACCT-000117,B0007,2026-07-14,49.61,2026-07-14T23:44:01+00:00
RMT-000289,ACCT-000039,B0007,2026-07-14,943.44,2026-07-14T23:44:01+00:00
RMT-000290,ACCT-000109,B0007,2026-07-14,743.97,2026-07-14T23:44:01+00:00
RMT-000291,ACCT-000076,B0007,2026-07-14,549.86,2026-07-14T23:44:01+00:00
RMT-000292,ACCT-000037,B0007,2026-07-14,261.09,2026-07-14T23:44:01+00:00
RMT-000293,ACCT-000035,B0007,2026-07-14,246.54,2026-07-14T23:44:01+00:00
RMT-000294,ACCT-000003,B0007,2026-07-14,251.27,2026-07-14T23:44:01+00:00
RMT-000295,ACCT-000045,B0007,2026-07-14,588.47,2026-07-14T23:44:01+00:00
RMT-000296,ACCT-000032,B0007,2026-07-14,389.86,2026-07-14T23:44:01+00:00
RMT-000297,ACCT-000087,B0007,2026-07-14,135.91,2026-07-14T23:44:01+00:00
RMT-000298,ACCT-000115,B0007,2026-07-14,733.37,2026-07-14T23:44:01+00:00
RMT-000299,ACCT-000128,B0007,2026-07-14,216.88,2026-07-14T23:44:01+00:00
RMT-000300,ACCT-000057,B0007,2026-07-14,206.68,2026-07-14T23:44:01+00:00
RMT-000301,ACCT-000123,B0007,2026-07-14,688.37,2026-07-14T23:44:01+00:00
RMT-000302,ACCT-000120,B0007,2026-07-14,413.3,2026-07-14T23:44:01+00:00
RMT-000303,ACCT-000053,B0007,2026-07-14,803.06,2026-07-14T23:44:01+00:00
RMT-000304,ACCT-000006,B0007,2026-07-14,989.4,2026-07-14T23:44:01+00:00
RMT-000305,ACCT-000088,B0007,2026-07-14,183.66,2026-07-14T23:44:01+00:00
RMT-000306,ACCT-000018,B0007,2026-07-14,325.61,2026-07-14T23:44:01+00:00
RMT-000307,ACCT-000067,B0007,2026-07-14,516.35,2026-07-14T23:44:01+00:00
RMT-000308,ACCT-000105,B0007,2026-07-14,376.06,2026-07-14T23:44:01+00:00
RMT-000309,ACCT-000101,B0007,2026-07-14,440.26,2026-07-14T23:44:01+00:00
RMT-000310,ACCT-000127,B0007,2026-07-14,837.18,2026-07-14T23:44:01+00:00
RMT-000311,ACCT-000134,B0007,2026-07-14,1108.29,2026-07-14T23:44:01+00:00
RMT-000312,ACCT-000135,B0007,2026-07-14,981.28,2026-07-14T23:44:01+00:00
RMT-000313,ACCT-000136,B0007,2026-07-14,922.11,2026-07-14T23:44:01+00:00
RMT-000314,ACCT-000137,B0007,2026-07-14,821.38,2026-07-14T23:44:01+00:00
RMT-000315,ACCT-000133,B0008,2026-08-13,698.39,2026-07-15T01:41:57+00:00
RMT-000316,ACCT-000105,B0008,2026-08-13,399.19,2026-07-15T01:41:57+00:00
RMT-000317,ACCT-000126,B0008,2026-08-13,168.86,2026-07-15T01:41:57+00:00
RMT-000318,ACCT-000026,B0008,2026-08-13,576.99,2026-07-15T01:41:57+00:00
RMT-000319,ACCT-000032,B0008,2026-08-13,585.24,2026-07-15T01:41:57+00:00
RMT-000320,ACCT-000084,B0008,2026-08-13,79.26,2026-07-15T01:41:57+00:00
RMT-000321,ACCT-000008,B0008,2026-08-13,517.59,2026-07-15T01:41:57+00:00
RMT-000322,ACCT-000024,B0008,2026-08-13,401.99,2026-07-15T01:41:57+00:00
RMT-000323,ACCT-000113,B0008,2026-08-13,318.32,2026-07-15T01:41:57+00:00
RMT-000324,ACCT-000076,B0008,2026-08-13,607.97,2026-07-15T01:41:57+00:00
RMT-000325,ACCT-000029,B0008,2026-08-13,285.56,2026-07-15T01:41:57+00:00
RMT-000326,ACCT-000058,B0008,2026-08-13,924.97,2026-07-15T01:41:57+00:00
RMT-000327,ACCT-000114,B0008,2026-08-13,382.13,2026-07-15T01:41:57+00:00
RMT-000328,ACCT-000124,B0008,2026-08-13,544.17,2026-07-15T01:41:57+00:00
RMT-000329,ACCT-000115,B0008,2026-08-13,280.13,2026-07-15T01:41:57+00:00
RMT-000330,ACCT-000132,B0008,2026-08-13,134.25,2026-07-15T01:41:57+00:00
RMT-000331,ACCT-000006,B0008,2026-08-13,254.73,2026-07-15T01:41:57+00:00
RMT-000332,ACCT-000127,B0008,2026-08-13,766.33,2026-07-15T01:41:57+00:00
RMT-000333,ACCT-000069,B0008,2026-08-13,460.67,2026-07-15T01:41:57+00:00
RMT-000334,ACCT-000098,B0008,2026-08-13,536.5,2026-07-15T01:41:57+00:00
RMT-000335,ACCT-000063,B0008,2026-08-13,285.47,2026-07-15T01:41:57+00:00
RMT-000336,ACCT-000064,B0008,2026-08-13,281.85,2026-07-15T01:41:57+00:00
RMT-000337,ACCT-000030,B0008,2026-08-13,105.24,2026-07-15T01:41:57+00:00
RMT-000338,ACCT-000083,B0008,2026-08-13,350.16,2026-07-15T01:41:57+00:00
RMT-000339,ACCT-000081,B0008,2026-08-13,486.81,2026-07-15T01:41:57+00:00
RMT-000340,ACCT-000033,B0008,2026-08-13,580.08,2026-07-15T01:41:57+00:00
RMT-000341,ACCT-000077,B0008,2026-08-13,545.66,2026-07-15T01:41:57+00:00
RMT-000342,ACCT-000051,B0008,2026-08-13,39.67,2026-07-15T01:41:57+00:00
RMT-000343,ACCT-000130,B0008,2026-08-13,648.15,2026-07-15T01:41:57+00:00
RMT-000344,ACCT-000100,B0008,2026-08-13,279.59,2026-07-15T01:41:57+00:00
RMT-000345,ACCT-000052,B0008,2026-08-13,887.25,2026-07-15T01:41:57+00:00
RMT-000346,ACCT-000138,B0008,2026-08-13,844.21,2026-07-15T01:41:57+00:00
RMT-000347,ACCT-000139,B0008,2026-08-13,225.48,2026-07-15T01:41:57+00:00
RMT-000348,ACCT-000140,B0008,2026-08-13,317.88,2026-07-15T01:41:57+00:00
RMT-000349,ACCT-000081,B0009,2026-09-12,1016.85,2026-07-15T04:44:07+00:00
RMT-000350,ACCT-000029,B0009,2026-09-12,884.88,2026-07-15T04:44:07+00:00
RMT-000351,ACCT-000057,B0009,2026-09-12,786.37,2026-07-15T04:44:07+00:00
RMT-000352,ACCT-000096,B0009,2026-09-12,338.45,2026-07-15T04:44:07+00:00
RMT-000353,ACCT-000085,B0009,2026-09-12,670.33,2026-07-15T04:44:07+00:00
RMT-000354,ACCT-000120,B0009,2026-09-12,597.25,2026-07-15T04:44:07+00:00
RMT-000355,ACCT-000101,B0009,2026-09-12,707.24,2026-07-15T04:44:07+00:00
RMT-000356,ACCT-000097,B0009,2026-09-12,823.77,2026-07-15T04:44:07+00:00
RMT-000357,ACCT-000079,B0009,2026-09-12,365.77,2026-07-15T04:44:07+00:00
RMT-000358,ACCT-000137,B0009,2026-09-12,253.51,2026-07-15T04:44:07+00:00
RMT-000359,ACCT-000071,B0009,2026-09-12,467.23,2026-07-15T04:44:07+00:00
RMT-000360,ACCT-000005,B0009,2026-09-12,114.09,2026-07-15T04:44:07+00:00
RMT-000361,ACCT-000094,B0009,2026-09-12,71.22,2026-07-15T04:44:07+00:00
RMT-000362,ACCT-000063,B0009,2026-09-12,298.41,2026-07-15T04:44:07+00:00
RMT-000363,ACCT-000128,B0009,2026-09-12,340.94,2026-07-15T04:44:07+00:00
RMT-000364,ACCT-000068,B0009,2026-09-12,546.22,2026-07-15T04:44:07+00:00
RMT-000365,ACCT-000048,B0009,2026-09-12,845.78,2026-07-15T04:44:07+00:00
RMT-000366,ACCT-000087,B0009,2026-09-12,298.92,2026-07-15T04:44:07+00:00
RMT-000367,ACCT-000062,B0009,2026-09-12,225.58,2026-07-15T04:44:07+00:00
RMT-000368,ACCT-000091,B0009,2026-09-12,333.47,2026-07-15T04:44:07+00:00
RMT-000369,ACCT-000092,B0009,2026-09-12,249.17,2026-07-15T04:44:07+00:00
RMT-000370,ACCT-000026,B0009,2026-09-12,881.39,2026-07-15T04:44:07+00:00
RMT-000371,ACCT-000113,B0009,2026-09-12,233.09,2026-07-15T04:44:07+00:00
RMT-000372,ACCT-000006,B0009,2026-09-12,943.71,2026-07-15T04:44:07+00:00
RMT-000373,ACCT-000061,B0009,2026-09-12,182.45,2026-07-15T04:44:07+00:00
RMT-000374,ACCT-000108,B0009,2026-09-12,81.28,2026-07-15T04:44:07+00:00
RMT-000375,ACCT-000058,B0009,2026-09-12,645.48,2026-07-15T04:44:07+00:00
RMT-000376,ACCT-000067,B0009,2026-09-12,469.14,2026-07-15T04:44:07+00:00
RMT-000377,ACCT-000055,B0009,2026-09-12,221.21,2026-07-15T04:44:07+00:00
RMT-000378,ACCT-000119,B0009,2026-09-12,397.12,2026-07-15T04:44:07+00:00
RMT-000379,ACCT-000141,B0009,2026-09-12,431.33,2026-07-15T04:44:07+00:00
RMT-000380,ACCT-000142,B0009,2026-09-12,817.6,2026-07-15T04:44:07+00:00
RMT-000381,ACCT-000143,B0009,2026-09-12,748.97,2026-07-15T04:44:07+00:00
RMT-000382,ACCT-000063,B0010,2026-10-12,905.14,2026-07-15T07:08:34+00:00
RMT-000383,ACCT-000103,B0010,2026-10-12,192.21,2026-07-15T07:08:34+00:00
RMT-000384,ACCT-000052,B0010,2026-10-12,301.15,2026-07-15T07:08:34+00:00
RMT-000385,ACCT-000041,B0010,2026-10-12,219.81,2026-07-15T07:08:34+00:00
RMT-000386,ACCT-000076,B0010,2026-10-12,504.41,2026-07-15T07:08:34+00:00
RMT-000387,ACCT-000075,B0010,2026-10-12,742.48,2026-07-15T07:08:34+00:00
RMT-000388,ACCT-000095,B0010,2026-10-12,815.57,2026-07-15T07:08:34+00:00
RMT-000389,ACCT-000003,B0010,2026-10-12,223.44,2026-07-15T07:08:34+00:00
RMT-000390,ACCT-000127,B0010,2026-10-12,429.33,2026-07-15T07:08:34+00:00
RMT-000391,ACCT-000092,B0010,2026-10-12,402.46,2026-07-15T07:08:34+00:00
RMT-000392,ACCT-000010,B0010,2026-10-12,727.38,2026-07-15T07:08:34+00:00
RMT-000393,ACCT-000021,B0010,2026-10-12,485.17,2026-07-15T07:08:34+00:00
RMT-000394,ACCT-000136,B0010,2026-10-12,209.0,2026-07-15T07:08:34+00:00
RMT-000395,ACCT-000061,B0010,2026-10-12,386.35,2026-07-15T07:08:34+00:00
RMT-000396,ACCT-000119,B0010,2026-10-12,201.02,2026-07-15T07:08:34+00:00
RMT-000397,ACCT-000002,B0010,2026-10-12,931.7,2026-07-15T07:08:34+00:00
RMT-000398,ACCT-000053,B0010,2026-10-12,338.85,2026-07-15T07:08:34+00:00
RMT-000399,ACCT-000084,B0010,2026-10-12,189.49,2026-07-15T07:08:34+00:00
RMT-000400,ACCT-000018,B0010,2026-10-12,1241.34,2026-07-15T07:08:34+00:00
RMT-000401,ACCT-000074,B0010,2026-10-12,156.0,2026-07-15T07:08:34+00:00
RMT-000402,ACCT-000143,B0010,2026-10-12,270.45,2026-07-15T07:08:34+00:00
RMT-000403,ACCT-000049,B0010,2026-10-12,189.67,2026-07-15T07:08:34+00:00
RMT-000404,ACCT-000097,B0010,2026-10-12,601.22,2026-07-15T07:08:34+00:00
RMT-000405,ACCT-000048,B0010,2026-10-12,714.92,2026-07-15T07:08:34+00:00
RMT-000406,ACCT-000039,B0010,2026-10-12,427.15,2026-07-15T07:08:34+00:00
RMT-000407,ACCT-000038,B0010,2026-10-12,371.09,2026-07-15T07:08:34+00:00
RMT-000408,ACCT-000006,B0010,2026-10-12,51.44,2026-07-15T07:08:34+00:00
RMT-000409,ACCT-000124,B0010,2026-10-12,82.37,2026-07-15T07:08:34+00:00
RMT-000410,ACCT-000137,B0010,2026-10-12,158.71,2026-07-15T07:08:34+00:00
RMT-000411,ACCT-000117,B0010,2026-10-12,1016.46,2026-07-15T07:08:34+00:00
RMT-000412,ACCT-000077,B0010,2026-10-12,825.36,2026-07-15T07:08:34+00:00
RMT-000413,ACCT-000031,B0010,2026-10-12,66.36,2026-07-15T07:08:34+00:00
RMT-000414,ACCT-000144,B0010,2026-10-12,300.08,2026-07-15T07:08:34+00:00
RMT-000415,ACCT-000145,B0010,2026-10-12,750.71,2026-07-15T07:08:34+00:00
RMT-000416,ACCT-000024,B0011,2026-11-11,595.5,2026-07-15T09:27:10+00:00
RMT-000417,ACCT-000055,B0011,2026-11-11,328.29,2026-07-15T09:27:10+00:00
RMT-000418,ACCT-000107,B0011,2026-11-11,434.02,2026-07-15T09:27:10+00:00
RMT-000419,ACCT-000086,B0011,2026-11-11,243.6,2026-07-15T09:27:10+00:00
RMT-000420,ACCT-000088,B0011,2026-11-11,214.34,2026-07-15T09:27:10+00:00
RMT-000421,ACCT-000114,B0011,2026-11-11,59.74,2026-07-15T09:27:10+00:00
RMT-000422,ACCT-000133,B0011,2026-11-11,234.41,2026-07-15T09:27:10+00:00
RMT-000423,ACCT-000058,B0011,2026-11-11,10.3,2026-07-15T09:27:10+00:00
RMT-000424,ACCT-000125,B0011,2026-11-11,511.97,2026-07-15T09:27:10+00:00
RMT-000425,ACCT-000062,B0011,2026-11-11,446.09,2026-07-15T09:27:10+00:00
RMT-000426,ACCT-000077,B0011,2026-11-11,569.46,2026-07-15T09:27:10+00:00
RMT-000427,ACCT-000116,B0011,2026-11-11,409.53,2026-07-15T09:27:10+00:00
RMT-000428,ACCT-000059,B0011,2026-11-11,1196.12,2026-07-15T09:27:10+00:00
RMT-000429,ACCT-000016,B0011,2026-11-11,644.22,2026-07-15T09:27:10+00:00
RMT-000430,ACCT-000115,B0011,2026-11-11,291.93,2026-07-15T09:27:10+00:00
RMT-000431,ACCT-000067,B0011,2026-11-11,1003.98,2026-07-15T09:27:10+00:00
RMT-000432,ACCT-000074,B0011,2026-11-11,403.89,2026-07-15T09:27:10+00:00
RMT-000433,ACCT-000010,B0011,2026-11-11,176.12,2026-07-15T09:27:10+00:00
RMT-000434,ACCT-000008,B0011,2026-11-11,88.5,2026-07-15T09:27:10+00:00
RMT-000435,ACCT-000050,B0011,2026-11-11,881.15,2026-07-15T09:27:10+00:00
RMT-000436,ACCT-000071,B0011,2026-11-11,488.64,2026-07-15T09:27:10+00:00
RMT-000437,ACCT-000099,B0011,2026-11-11,942.75,2026-07-15T09:27:10+00:00
RMT-000438,ACCT-000075,B0011,2026-11-11,768.82,2026-07-15T09:27:10+00:00
RMT-000439,ACCT-000121,B0011,2026-11-11,236.49,2026-07-15T09:27:10+00:00
RMT-000440,ACCT-000095,B0011,2026-11-11,532.62,2026-07-15T09:27:10+00:00
RMT-000441,ACCT-000043,B0011,2026-11-11,516.83,2026-07-15T09:27:10+00:00
RMT-000442,ACCT-000096,B0011,2026-11-11,1038.77,2026-07-15T09:27:10+00:00
RMT-000443,ACCT-000030,B0011,2026-11-11,1031.41,2026-07-15T09:27:10+00:00
RMT-000444,ACCT-000073,B0011,2026-11-11,304.4,2026-07-15T09:27:10+00:00
RMT-000445,ACCT-000068,B0011,2026-11-11,351.33,2026-07-15T09:27:10+00:00
RMT-000446,ACCT-000006,B0011,2026-11-11,878.73,2026-07-15T09:27:10+00:00
RMT-000447,ACCT-000146,B0011,2026-11-11,267.61,2026-07-15T09:27:10+00:00
RMT-000448,ACCT-000147,B0011,2026-11-11,1002.62,2026-07-15T09:27:10+00:00
RMT-000449,ACCT-000148,B0011,2026-11-11,646.91,2026-07-15T09:27:10+00:00
RMT-000450,ACCT-000125,B0012,2026-12-11,1093.57,2026-07-15T11:08:21+00:00
RMT-000451,ACCT-000071,B0012,2026-12-11,822.59,2026-07-15T11:08:21+00:00
RMT-000452,ACCT-000036,B0012,2026-12-11,883.77,2026-07-15T11:08:21+00:00
RMT-000453,ACCT-000070,B0012,2026-12-11,242.74,2026-07-15T11:08:21+00:00
RMT-000454,ACCT-000020,B0012,2026-12-11,1080.66,2026-07-15T11:08:21+00:00
RMT-000455,ACCT-000081,B0012,2026-12-11,594.47,2026-07-15T11:08:21+00:00
RMT-000456,ACCT-000127,B0012,2026-12-11,688.77,2026-07-15T11:08:21+00:00
RMT-000457,ACCT-000035,B0012,2026-12-11,444.94,2026-07-15T11:08:21+00:00
RMT-000458,ACCT-000078,B0012,2026-12-11,257.36,2026-07-15T11:08:21+00:00
RMT-000459,ACCT-000093,B0012,2026-12-11,110.39,2026-07-15T11:08:21+00:00
RMT-000460,ACCT-000104,B0012,2026-12-11,70.8,2026-07-15T11:08:21+00:00
RMT-000461,ACCT-000105,B0012,2026-12-11,158.16,2026-07-15T11:08:21+00:00
RMT-000462,ACCT-000108,B0012,2026-12-11,59.98,2026-07-15T11:08:21+00:00
RMT-000463,ACCT-000068,B0012,2026-12-11,730.92,2026-07-15T11:08:21+00:00
RMT-000464,ACCT-000029,B0012,2026-12-11,232.6,2026-07-15T11:08:21+00:00
RMT-000465,ACCT-000013,B0012,2026-12-11,73.74,2026-07-15T11:08:21+00:00
RMT-000466,ACCT-000072,B0012,2026-12-11,873.89,2026-07-15T11:08:21+00:00
RMT-000467,ACCT-000126,B0012,2026-12-11,751.14,2026-07-15T11:08:21+00:00
RMT-000468,ACCT-000141,B0012,2026-12-11,221.7,2026-07-15T11:08:21+00:00
RMT-000469,ACCT-000143,B0012,2026-12-11,659.57,2026-07-15T11:08:21+00:00
RMT-000470,ACCT-000034,B0012,2026-12-11,958.73,2026-07-15T11:08:21+00:00
RMT-000471,ACCT-000027,B0012,2026-12-11,715.61,2026-07-15T11:08:21+00:00
RMT-000472,ACCT-000062,B0012,2026-12-11,349.96,2026-07-15T11:08:21+00:00
RMT-000473,ACCT-000073,B0012,2026-12-11,207.38,2026-07-15T11:08:21+00:00
RMT-000474,ACCT-000045,B0012,2026-12-11,371.43,2026-07-15T11:08:21+00:00
RMT-000475,ACCT-000139,B0012,2026-12-11,1100.35,2026-07-15T11:08:21+00:00
RMT-000476,ACCT-000149,B0012,2026-12-11,1141.65,2026-07-15T11:08:21+00:00
RMT-000477,ACCT-000150,B0012,2026-12-11,842.18,2026-07-15T11:08:21+00:00
RMT-000478,ACCT-000151,B0012,2026-12-11,279.06,2026-07-15T11:08:21+00:00
RMT-000479,ACCT-000075,B0013,2027-01-10,31.09,2026-07-15T12:49:22+00:00
RMT-000480,ACCT-000123,B0013,2027-01-10,1025.05,2026-07-15T12:49:22+00:00
RMT-000481,ACCT-000013,B0013,2027-01-10,1054.69,2026-07-15T12:49:22+00:00
RMT-000482,ACCT-000050,B0013,2027-01-10,367.24,2026-07-15T12:49:22+00:00
RMT-000483,ACCT-000041,B0013,2027-01-10,1008.3,2026-07-15T12:49:22+00:00
RMT-000484,ACCT-000132,B0013,2027-01-10,381.41,2026-07-15T12:49:22+00:00
RMT-000485,ACCT-000025,B0013,2027-01-10,977.48,2026-07-15T12:49:22+00:00
RMT-000486,ACCT-000061,B0013,2027-01-10,610.28,2026-07-15T12:49:22+00:00
RMT-000487,ACCT-000126,B0013,2027-01-10,727.68,2026-07-15T12:49:22+00:00
RMT-000488,ACCT-000051,B0013,2027-01-10,703.14,2026-07-15T12:49:22+00:00
RMT-000489,ACCT-000150,B0013,2027-01-10,844.52,2026-07-15T12:49:22+00:00
RMT-000490,ACCT-000059,B0013,2027-01-10,106.98,2026-07-15T12:49:22+00:00
RMT-000491,ACCT-000121,B0013,2027-01-10,722.7,2026-07-15T12:49:22+00:00
RMT-000492,ACCT-000032,B0013,2027-01-10,614.94,2026-07-15T12:49:22+00:00
RMT-000493,ACCT-000118,B0013,2027-01-10,708.95,2026-07-15T12:49:22+00:00
RMT-000494,ACCT-000080,B0013,2027-01-10,113.15,2026-07-15T12:49:22+00:00
RMT-000495,ACCT-000017,B0013,2027-01-10,901.65,2026-07-15T12:49:22+00:00
RMT-000496,ACCT-000099,B0013,2027-01-10,70.51,2026-07-15T12:49:22+00:00
RMT-000497,ACCT-000005,B0013,2027-01-10,370.93,2026-07-15T12:49:22+00:00
RMT-000498,ACCT-000088,B0013,2027-01-10,607.56,2026-07-15T12:49:22+00:00
RMT-000499,ACCT-000124,B0013,2027-01-10,1006.42,2026-07-15T12:49:22+00:00
RMT-000500,ACCT-000115,B0013,2027-01-10,332.2,2026-07-15T12:49:22+00:00
RMT-000501,ACCT-000056,B0013,2027-01-10,392.87,2026-07-15T12:49:22+00:00
RMT-000502,ACCT-000014,B0013,2027-01-10,434.21,2026-07-15T12:49:22+00:00
RMT-000503,ACCT-000120,B0013,2027-01-10,108.74,2026-07-15T12:49:22+00:00
RMT-000504,ACCT-000083,B0013,2027-01-10,326.49,2026-07-15T12:49:22+00:00
RMT-000505,ACCT-000101,B0013,2027-01-10,475.95,2026-07-15T12:49:22+00:00
RMT-000506,ACCT-000102,B0013,2027-01-10,982.54,2026-07-15T12:49:22+00:00
RMT-000507,ACCT-000134,B0013,2027-01-10,696.11,2026-07-15T12:49:22+00:00
RMT-000508,ACCT-000135,B0013,2027-01-10,24.52,2026-07-15T12:49:22+00:00
RMT-000509,ACCT-000098,B0013,2027-01-10,552.13,2026-07-15T12:49:22+00:00
RMT-000510,ACCT-000106,B0013,2027-01-10,884.42,2026-07-15T12:49:22+00:00
RMT-000511,ACCT-000007,B0013,2027-01-10,488.94,2026-07-15T12:49:22+00:00
RMT-000512,ACCT-000012,B0013,2027-01-10,596.41,2026-07-15T12:49:22+00:00
RMT-000513,ACCT-000060,B0013,2027-01-10,1016.92,2026-07-15T12:49:22+00:00
RMT-000514,ACCT-000152,B0013,2027-01-10,296.21,2026-07-15T12:49:22+00:00
RMT-000515,ACCT-000153,B0013,2027-01-10,1046.1,2026-07-15T12:49:22+00:00
RMT-000516,ACCT-000154,B0013,2027-01-10,476.47,2026-07-15T12:49:22+00:00
RMT-000517,ACCT-000049,B0014,2027-02-09,771.75,2026-07-15T14:43:18+00:00
RMT-000518,ACCT-000078,B0014,2027-02-09,691.61,2026-07-15T14:43:18+00:00
RMT-000519,ACCT-000148,B0014,2027-02-09,836.17,2026-07-15T14:43:18+00:00
RMT-000520,ACCT-000093,B0014,2027-02-09,172.26,2026-07-15T14:43:18+00:00
RMT-000521,ACCT-000004,B0014,2027-02-09,1222.48,2026-07-15T14:43:18+00:00
RMT-000522,ACCT-000070,B0014,2027-02-09,694.64,2026-07-15T14:43:18+00:00
RMT-000523,ACCT-000041,B0014,2027-02-09,934.19,2026-07-15T14:43:18+00:00
RMT-000524,ACCT-000035,B0014,2027-02-09,879.22,2026-07-15T14:43:18+00:00
RMT-000525,ACCT-000007,B0014,2027-02-09,736.28,2026-07-15T14:43:18+00:00
RMT-000526,ACCT-000137,B0014,2027-02-09,136.64,2026-07-15T14:43:18+00:00
RMT-000527,ACCT-000099,B0014,2027-02-09,311.81,2026-07-15T14:43:18+00:00
RMT-000528,ACCT-000005,B0014,2027-02-09,538.9,2026-07-15T14:43:18+00:00
RMT-000529,ACCT-000018,B0014,2027-02-09,612.15,2026-07-15T14:43:18+00:00
RMT-000530,ACCT-000052,B0014,2027-02-09,328.93,2026-07-15T14:43:18+00:00
RMT-000531,ACCT-000086,B0014,2027-02-09,291.59,2026-07-15T14:43:18+00:00
RMT-000532,ACCT-000083,B0014,2027-02-09,1109.14,2026-07-15T14:43:18+00:00
RMT-000533,ACCT-000045,B0014,2027-02-09,300.91,2026-07-15T14:43:18+00:00
RMT-000534,ACCT-000040,B0014,2027-02-09,465.74,2026-07-15T14:43:18+00:00
RMT-000535,ACCT-000081,B0014,2027-02-09,1156.01,2026-07-15T14:43:18+00:00
RMT-000536,ACCT-000069,B0014,2027-02-09,645.65,2026-07-15T14:43:18+00:00
RMT-000537,ACCT-000085,B0014,2027-02-09,793.29,2026-07-15T14:43:18+00:00
RMT-000538,ACCT-000098,B0014,2027-02-09,316.33,2026-07-15T14:43:18+00:00
RMT-000539,ACCT-000011,B0014,2027-02-09,309.64,2026-07-15T14:43:18+00:00
RMT-000540,ACCT-000015,B0014,2027-02-09,613.01,2026-07-15T14:43:18+00:00
RMT-000541,ACCT-000143,B0014,2027-02-09,578.61,2026-07-15T14:43:18+00:00
RMT-000542,ACCT-000028,B0014,2027-02-09,310.28,2026-07-15T14:43:18+00:00
RMT-000543,ACCT-000127,B0014,2027-02-09,434.32,2026-07-15T14:43:18+00:00
RMT-000544,ACCT-000019,B0014,2027-02-09,162.06,2026-07-15T14:43:18+00:00
RMT-000545,ACCT-000090,B0014,2027-02-09,1244.87,2026-07-15T14:43:18+00:00
RMT-000546,ACCT-000038,B0014,2027-02-09,1100.09,2026-07-15T14:43:18+00:00
RMT-000547,ACCT-000048,B0014,2027-02-09,261.15,2026-07-15T14:43:18+00:00
RMT-000548,ACCT-000145,B0014,2027-02-09,1375.67,2026-07-15T14:43:18+00:00
RMT-000549,ACCT-000155,B0014,2027-02-09,190.19,2026-07-15T14:43:18+00:00
RMT-000550,ACCT-000156,B0014,2027-02-09,993.02,2026-07-15T14:43:18+00:00
RMT-000551,ACCT-000157,B0014,2027-02-09,481.38,2026-07-15T14:43:18+00:00
RMT-000552,ACCT-000009,B0015,2027-03-11,558.25,2026-07-15T16:14:57+00:00
RMT-000553,ACCT-000026,B0015,2027-03-11,830.95,2026-07-15T16:14:57+00:00
RMT-000554,ACCT-000064,B0015,2027-03-11,330.96,2026-07-15T16:14:57+00:00
RMT-000555,ACCT-000034,B0015,2027-03-11,388.91,2026-07-15T16:14:57+00:00
RMT-000556,ACCT-000021,B0015,2027-03-11,646.36,2026-07-15T16:14:57+00:00
RMT-000557,ACCT-000100,B0015,2027-03-11,111.63,2026-07-15T16:14:57+00:00
RMT-000558,ACCT-000086,B0015,2027-03-11,560.22,2026-07-15T16:14:57+00:00
RMT-000559,ACCT-000003,B0015,2027-03-11,674.68,2026-07-15T16:14:57+00:00
RMT-000560,ACCT-000078,B0015,2027-03-11,1034.09,2026-07-15T16:14:57+00:00
RMT-000561,ACCT-000069,B0015,2027-03-11,100.35,2026-07-15T16:14:57+00:00
RMT-000562,ACCT-000047,B0015,2027-03-11,205.18,2026-07-15T16:14:57+00:00
RMT-000563,ACCT-000152,B0015,2027-03-11,113.91,2026-07-15T16:14:57+00:00
RMT-000564,ACCT-000079,B0015,2027-03-11,529.66,2026-07-15T16:14:57+00:00
RMT-000565,ACCT-000023,B0015,2027-03-11,464.99,2026-07-15T16:14:57+00:00
RMT-000566,ACCT-000001,B0015,2027-03-11,492.26,2026-07-15T16:14:57+00:00
RMT-000567,ACCT-000061,B0015,2027-03-11,304.94,2026-07-15T16:14:57+00:00
RMT-000568,ACCT-000057,B0015,2027-03-11,301.89,2026-07-15T16:14:57+00:00
RMT-000569,ACCT-000033,B0015,2027-03-11,379.47,2026-07-15T16:14:57+00:00
RMT-000570,ACCT-000129,B0015,2027-03-11,87.19,2026-07-15T16:14:57+00:00
RMT-000571,ACCT-000123,B0015,2027-03-11,657.03,2026-07-15T16:14:57+00:00
RMT-000572,ACCT-000137,B0015,2027-03-11,306.92,2026-07-15T16:14:57+00:00
RMT-000573,ACCT-000042,B0015,2027-03-11,616.37,2026-07-15T16:14:57+00:00
RMT-000574,ACCT-000036,B0015,2027-03-11,574.89,2026-07-15T16:14:57+00:00
RMT-000575,ACCT-000116,B0015,2027-03-11,54.67,2026-07-15T16:14:57+00:00
RMT-000576,ACCT-000140,B0015,2027-03-11,402.44,2026-07-15T16:14:57+00:00
RMT-000577,ACCT-000050,B0015,2027-03-11,503.08,2026-07-15T16:14:57+00:00
RMT-000578,ACCT-000010,B0015,2027-03-11,869.61,2026-07-15T16:14:57+00:00
RMT-000579,ACCT-000022,B0015,2027-03-11,721.98,2026-07-15T16:14:57+00:00
RMT-000580,ACCT-000158,B0015,2027-03-11,1168.47,2026-07-15T16:14:57+00:00
RMT-000581,ACCT-000159,B0015,2027-03-11,263.07,2026-07-15T16:14:57+00:00
RMT-000582,ACCT-000096,B0016,2027-04-10,682.61,2026-07-15T17:44:30+00:00
RMT-000583,ACCT-000060,B0016,2027-04-10,1070.21,2026-07-15T17:44:30+00:00
RMT-000584,ACCT-000130,B0016,2027-04-10,71.87,2026-07-15T17:44:30+00:00
RMT-000585,ACCT-000027,B0016,2027-04-10,284.91,2026-07-15T17:44:30+00:00
RMT-000586,ACCT-000035,B0016,2027-04-10,168.62,2026-07-15T17:44:30+00:00
RMT-000587,ACCT-000049,B0016,2027-04-10,641.2,2026-07-15T17:44:30+00:00
RMT-000588,ACCT-000158,B0016,2027-04-10,329.81,2026-07-15T17:44:30+00:00
RMT-000589,ACCT-000088,B0016,2027-04-10,1087.96,2026-07-15T17:44:30+00:00
RMT-000590,ACCT-000001,B0016,2027-04-10,681.34,2026-07-15T17:44:30+00:00
RMT-000591,ACCT-000037,B0016,2027-04-10,273.47,2026-07-15T17:44:30+00:00
RMT-000592,ACCT-000077,B0016,2027-04-10,916.65,2026-07-15T17:44:30+00:00
RMT-000593,ACCT-000144,B0016,2027-04-10,687.04,2026-07-15T17:44:30+00:00
RMT-000594,ACCT-000092,B0016,2027-04-10,316.08,2026-07-15T17:44:30+00:00
RMT-000595,ACCT-000010,B0016,2027-04-10,749.13,2026-07-15T17:44:30+00:00
RMT-000596,ACCT-000090,B0016,2027-04-10,482.42,2026-07-15T17:44:30+00:00
RMT-000597,ACCT-000147,B0016,2027-04-10,789.68,2026-07-15T17:44:30+00:00
RMT-000598,ACCT-000070,B0016,2027-04-10,333.59,2026-07-15T17:44:30+00:00
RMT-000599,ACCT-000039,B0016,2027-04-10,749.35,2026-07-15T17:44:30+00:00
RMT-000600,ACCT-000089,B0016,2027-04-10,524.33,2026-07-15T17:44:30+00:00
RMT-000601,ACCT-000086,B0016,2027-04-10,1103.43,2026-07-15T17:44:30+00:00
RMT-000602,ACCT-000139,B0016,2027-04-10,643.1,2026-07-15T17:44:30+00:00
RMT-000603,ACCT-000103,B0016,2027-04-10,738.64,2026-07-15T17:44:30+00:00
RMT-000604,ACCT-000142,B0016,2027-04-10,367.61,2026-07-15T17:44:30+00:00
RMT-000605,ACCT-000036,B0016,2027-04-10,363.11,2026-07-15T17:44:30+00:00
RMT-000606,ACCT-000117,B0016,2027-04-10,447.35,2026-07-15T17:44:30+00:00
RMT-000607,ACCT-000112,B0016,2027-04-10,727.37,2026-07-15T17:44:30+00:00
RMT-000608,ACCT-000121,B0016,2027-04-10,369.3,2026-07-15T17:44:30+00:00
RMT-000609,ACCT-000019,B0016,2027-04-10,367.15,2026-07-15T17:44:30+00:00
RMT-000610,ACCT-000128,B0016,2027-04-10,1131.17,2026-07-15T17:44:30+00:00
RMT-000611,ACCT-000093,B0016,2027-04-10,351.21,2026-07-15T17:44:30+00:00
RMT-000612,ACCT-000047,B0016,2027-04-10,625.83,2026-07-15T17:44:30+00:00
RMT-000613,ACCT-000065,B0016,2027-04-10,285.44,2026-07-15T17:44:30+00:00
RMT-000614,ACCT-000160,B0016,2027-04-10,1069.6,2026-07-15T17:44:30+00:00
RMT-000615,ACCT-000161,B0016,2027-04-10,514.45,2026-07-15T17:44:30+00:00
RMT-000616,ACCT-000148,B0017,2027-05-10,468.58,2026-07-15T18:58:12+00:00
RMT-000617,ACCT-000019,B0017,2027-05-10,1008.39,2026-07-15T18:58:12+00:00
RMT-000618,ACCT-000086,B0017,2027-05-10,737.74,2026-07-15T18:58:12+00:00
RMT-000619,ACCT-000052,B0017,2027-05-10,106.94,2026-07-15T18:58:12+00:00
RMT-000620,ACCT-000049,B0017,2027-05-10,583.4,2026-07-15T18:58:12+00:00
RMT-000621,ACCT-000154,B0017,2027-05-10,553.41,2026-07-15T18:58:12+00:00
RMT-000622,ACCT-000081,B0017,2027-05-10,411.47,2026-07-15T18:58:12+00:00
RMT-000623,ACCT-000119,B0017,2027-05-10,351.06,2026-07-15T18:58:12+00:00
RMT-000624,ACCT-000157,B0017,2027-05-10,636.17,2026-07-15T18:58:12+00:00
RMT-000625,ACCT-000037,B0017,2027-05-10,514.79,2026-07-15T18:58:12+00:00
RMT-000626,ACCT-000011,B0017,2027-05-10,660.39,2026-07-15T18:58:12+00:00
RMT-000627,ACCT-000137,B0017,2027-05-10,535.81,2026-07-15T18:58:12+00:00
RMT-000628,ACCT-000055,B0017,2027-05-10,234.53,2026-07-15T18:58:12+00:00
RMT-000629,ACCT-000065,B0017,2027-05-10,45.81,2026-07-15T18:58:12+00:00
RMT-000630,ACCT-000009,B0017,2027-05-10,664.81,2026-07-15T18:58:12+00:00
RMT-000631,ACCT-000075,B0017,2027-05-10,481.75,2026-07-15T18:58:12+00:00
RMT-000632,ACCT-000130,B0017,2027-05-10,889.1,2026-07-15T18:58:12+00:00
RMT-000633,ACCT-000128,B0017,2027-05-10,627.03,2026-07-15T18:58:12+00:00
RMT-000634,ACCT-000108,B0017,2027-05-10,567.51,2026-07-15T18:58:12+00:00
RMT-000635,ACCT-000082,B0017,2027-05-10,955.45,2026-07-15T18:58:12+00:00
RMT-000636,ACCT-000017,B0017,2027-05-10,34.46,2026-07-15T18:58:12+00:00
RMT-000637,ACCT-000151,B0017,2027-05-10,847.95,2026-07-15T18:58:12+00:00
RMT-000638,ACCT-000139,B0017,2027-05-10,368.19,2026-07-15T18:58:12+00:00
RMT-000639,ACCT-000107,B0017,2027-05-10,281.58,2026-07-15T18:58:12+00:00
RMT-000640,ACCT-000044,B0017,2027-05-10,50.79,2026-07-15T18:58:12+00:00
RMT-000641,ACCT-000095,B0017,2027-05-10,51.13,2026-07-15T18:58:12+00:00
RMT-000642,ACCT-000048,B0017,2027-05-10,899.35,2026-07-15T18:58:12+00:00
RMT-000643,ACCT-000138,B0017,2027-05-10,113.03,2026-07-15T18:58:12+00:00
RMT-000644,ACCT-000056,B0017,2027-05-10,745.02,2026-07-15T18:58:12+00:00
RMT-000645,ACCT-000097,B0017,2027-05-10,590.32,2026-07-15T18:58:12+00:00
RMT-000646,ACCT-000106,B0017,2027-05-10,872.82,2026-07-15T18:58:12+00:00
RMT-000647,ACCT-000006,B0017,2027-05-10,59.37,2026-07-15T18:58:12+00:00
RMT-000648,ACCT-000124,B0017,2027-05-10,1046.09,2026-07-15T18:58:12+00:00
RMT-000649,ACCT-000127,B0017,2027-05-10,289.47,2026-07-15T18:58:12+00:00
RMT-000650,ACCT-000113,B0017,2027-05-10,928.79,2026-07-15T18:58:12+00:00
RMT-000651,ACCT-000162,B0017,2027-05-10,639.88,2026-07-15T18:58:12+00:00
RMT-000652,ACCT-000163,B0017,2027-05-10,772.73,2026-07-15T18:58:12+00:00
RMT-000653,ACCT-000164,B0017,2027-05-10,1076.26,2026-07-15T18:58:12+00:00
RMT-000654,ACCT-000152,B0018,2027-06-09,746.42,2026-07-15T20:08:35+00:00
RMT-000655,ACCT-000153,B0018,2027-06-09,200.14,2026-07-15T20:08:35+00:00
RMT-000656,ACCT-000106,B0018,2027-06-09,488.89,2026-07-15T20:08:35+00:00
RMT-000657,ACCT-000030,B0018,2027-06-09,489.65,2026-07-15T20:08:35+00:00
RMT-000658,ACCT-000143,B0018,2027-06-09,1026.4,2026-07-15T20:08:35+00:00
RMT-000659,ACCT-000011,B0018,2027-06-09,594.76,2026-07-15T20:08:35+00:00
RMT-000660,ACCT-000095,B0018,2027-06-09,561.83,2026-07-15T20:08:35+00:00
RMT-000661,ACCT-000112,B0018,2027-06-09,379.92,2026-07-15T20:08:35+00:00
RMT-000662,ACCT-000098,B0018,2027-06-09,397.87,2026-07-15T20:08:35+00:00
RMT-000663,ACCT-000113,B0018,2027-06-09,105.6,2026-07-15T20:08:35+00:00
RMT-000664,ACCT-000127,B0018,2027-06-09,794.23,2026-07-15T20:08:35+00:00
RMT-000665,ACCT-000104,B0018,2027-06-09,560.16,2026-07-15T20:08:35+00:00
RMT-000666,ACCT-000077,B0018,2027-06-09,352.05,2026-07-15T20:08:35+00:00
RMT-000667,ACCT-000131,B0018,2027-06-09,522.43,2026-07-15T20:08:35+00:00
RMT-000668,ACCT-000148,B0018,2027-06-09,647.91,2026-07-15T20:08:35+00:00
RMT-000669,ACCT-000046,B0018,2027-06-09,386.76,2026-07-15T20:08:35+00:00
RMT-000670,ACCT-000100,B0018,2027-06-09,642.51,2026-07-15T20:08:35+00:00
RMT-000671,ACCT-000111,B0018,2027-06-09,177.97,2026-07-15T20:08:35+00:00
RMT-000672,ACCT-000058,B0018,2027-06-09,496.69,2026-07-15T20:08:35+00:00
RMT-000673,ACCT-000158,B0018,2027-06-09,491.94,2026-07-15T20:08:35+00:00
RMT-000674,ACCT-000124,B0018,2027-06-09,379.77,2026-07-15T20:08:35+00:00
RMT-000675,ACCT-000099,B0018,2027-06-09,314.64,2026-07-15T20:08:35+00:00
RMT-000676,ACCT-000140,B0018,2027-06-09,170.89,2026-07-15T20:08:35+00:00
RMT-000677,ACCT-000054,B0018,2027-06-09,403.25,2026-07-15T20:08:35+00:00
RMT-000678,ACCT-000017,B0018,2027-06-09,1124.95,2026-07-15T20:08:35+00:00
RMT-000679,ACCT-000120,B0018,2027-06-09,280.21,2026-07-15T20:08:35+00:00
RMT-000680,ACCT-000003,B0018,2027-06-09,128.91,2026-07-15T20:08:35+00:00
RMT-000681,ACCT-000149,B0018,2027-06-09,139.32,2026-07-15T20:08:35+00:00
RMT-000682,ACCT-000038,B0018,2027-06-09,286.33,2026-07-15T20:08:35+00:00
RMT-000683,ACCT-000043,B0018,2027-06-09,359.64,2026-07-15T20:08:35+00:00
RMT-000684,ACCT-000122,B0018,2027-06-09,975.3,2026-07-15T20:08:35+00:00
RMT-000685,ACCT-000102,B0018,2027-06-09,624.06,2026-07-15T20:08:35+00:00
RMT-000686,ACCT-000045,B0018,2027-06-09,420.17,2026-07-15T20:08:35+00:00
RMT-000687,ACCT-000165,B0018,2027-06-09,282.56,2026-07-15T20:08:35+00:00
RMT-000688,ACCT-000166,B0018,2027-06-09,1384.91,2026-07-15T20:08:35+00:00
RMT-000689,ACCT-000011,B0019,2027-07-09,103.89,2026-07-15T21:28:51+00:00
RMT-000690,ACCT-000002,B0019,2027-07-09,434.7,2026-07-15T21:28:51+00:00
RMT-000691,ACCT-000052,B0019,2027-07-09,338.26,2026-07-15T21:28:51+00:00
RMT-000692,ACCT-000074,B0019,2027-07-09,733.68,2026-07-15T21:28:51+00:00
RMT-000693,ACCT-000067,B0019,2027-07-09,713.56,2026-07-15T21:28:51+00:00
RMT-000694,ACCT-000123,B0019,2027-07-09,388.91,2026-07-15T21:28:51+00:00
RMT-000695,ACCT-000117,B0019,2027-07-09,110.67,2026-07-15T21:28:51+00:00
RMT-000696,ACCT-000129,B0019,2027-07-09,552.47,2026-07-15T21:28:51+00:00
RMT-000697,ACCT-000027,B0019,2027-07-09,243.48,2026-07-15T21:28:51+00:00
RMT-000698,ACCT-000153,B0019,2027-07-09,56.6,2026-07-15T21:28:51+00:00
RMT-000699,ACCT-000093,B0019,2027-07-09,663.48,2026-07-15T21:28:51+00:00
RMT-000700,ACCT-000014,B0019,2027-07-09,832.31,2026-07-15T21:28:51+00:00
RMT-000701,ACCT-000103,B0019,2027-07-09,887.1,2026-07-15T21:28:51+00:00
RMT-000702,ACCT-000134,B0019,2027-07-09,770.3,2026-07-15T21:28:51+00:00
RMT-000703,ACCT-000054,B0019,2027-07-09,1032.87,2026-07-15T21:28:51+00:00
RMT-000704,ACCT-000066,B0019,2027-07-09,359.91,2026-07-15T21:28:51+00:00
RMT-000705,ACCT-000091,B0019,2027-07-09,884.83,2026-07-15T21:28:51+00:00
RMT-000706,ACCT-000160,B0019,2027-07-09,617.99,2026-07-15T21:28:51+00:00
RMT-000707,ACCT-000145,B0019,2027-07-09,312.42,2026-07-15T21:28:51+00:00
RMT-000708,ACCT-000082,B0019,2027-07-09,752.02,2026-07-15T21:28:51+00:00
RMT-000709,ACCT-000047,B0019,2027-07-09,95.28,2026-07-15T21:28:51+00:00
RMT-000710,ACCT-000130,B0019,2027-07-09,238.86,2026-07-15T21:28:51+00:00
RMT-000711,ACCT-000031,B0019,2027-07-09,772.51,2026-07-15T21:28:51+00:00
RMT-000712,ACCT-000164,B0019,2027-07-09,1092.4,2026-07-15T21:28:51+00:00
RMT-000713,ACCT-000086,B0019,2027-07-09,522.78,2026-07-15T21:28:51+00:00
RMT-000714,ACCT-000113,B0019,2027-07-09,72.96,2026-07-15T21:28:51+00:00
RMT-000715,ACCT-000025,B0019,2027-07-09,320.44,2026-07-15T21:28:51+00:00
RMT-000716,ACCT-000068,B0019,2027-07-09,175.62,2026-07-15T21:28:51+00:00
RMT-000717,ACCT-000105,B0019,2027-07-09,370.53,2026-07-15T21:28:51+00:00
RMT-000718,ACCT-000056,B0019,2027-07-09,671.75,2026-07-15T21:28:51+00:00
RMT-000719,ACCT-000167,B0019,2027-07-09,618.79,2026-07-15T21:28:51+00:00
RMT-000720,ACCT-000168,B0019,2027-07-09,562.66,2026-07-15T21:28:51+00:00
RMT-000721,ACCT-000169,B0019,2027-07-09,755.54,2026-07-15T21:28:51+00:00
RMT-000722,ACCT-000170,B0019,2027-07-09,1058.19,2026-07-15T21:28:51+00:00
RMT-000723,ACCT-000144,B0020,2027-08-08,64.34,2026-07-15T22:30:17+00:00
RMT-000724,ACCT-000117,B0020,2027-08-08,972.07,2026-07-15T22:30:17+00:00
RMT-000725,ACCT-000126,B0020,2027-08-08,467.92,2026-07-15T22:30:17+00:00
RMT-000726,ACCT-000085,B0020,2027-08-08,738.1,2026-07-15T22:30:17+00:00
RMT-000727,ACCT-000122,B0020,2027-08-08,403.95,2026-07-15T22:30:17+00:00
RMT-000728,ACCT-000100,B0020,2027-08-08,750.63,2026-07-15T22:30:17+00:00
RMT-000729,ACCT-000150,B0020,2027-08-08,631.71,2026-07-15T22:30:17+00:00
RMT-000730,ACCT-000140,B0020,2027-08-08,213.7,2026-07-15T22:30:17+00:00
RMT-000731,ACCT-000131,B0020,2027-08-08,261.51,2026-07-15T22:30:17+00:00
RMT-000732,ACCT-000095,B0020,2027-08-08,811.83,2026-07-15T22:30:17+00:00
RMT-000733,ACCT-000111,B0020,2027-08-08,327.82,2026-07-15T22:30:17+00:00
RMT-000734,ACCT-000129,B0020,2027-08-08,893.61,2026-07-15T22:30:17+00:00
RMT-000735,ACCT-000136,B0020,2027-08-08,1153.87,2026-07-15T22:30:17+00:00
RMT-000736,ACCT-000161,B0020,2027-08-08,660.34,2026-07-15T22:30:17+00:00
RMT-000737,ACCT-000028,B0020,2027-08-08,189.58,2026-07-15T22:30:17+00:00
RMT-000738,ACCT-000054,B0020,2027-08-08,80.55,2026-07-15T22:30:17+00:00
RMT-000739,ACCT-000079,B0020,2027-08-08,466.69,2026-07-15T22:30:17+00:00
RMT-000740,ACCT-000046,B0020,2027-08-08,513.14,2026-07-15T22:30:17+00:00
RMT-000741,ACCT-000070,B0020,2027-08-08,295.31,2026-07-15T22:30:17+00:00
RMT-000742,ACCT-000011,B0020,2027-08-08,602.84,2026-07-15T22:30:17+00:00
RMT-000743,ACCT-000081,B0020,2027-08-08,724.75,2026-07-15T22:30:17+00:00
RMT-000744,ACCT-000169,B0020,2027-08-08,714.85,2026-07-15T22:30:17+00:00
RMT-000745,ACCT-000088,B0020,2027-08-08,714.71,2026-07-15T22:30:17+00:00
RMT-000746,ACCT-000005,B0020,2027-08-08,174.16,2026-07-15T22:30:17+00:00
RMT-000747,ACCT-000066,B0020,2027-08-08,536.26,2026-07-15T22:30:17+00:00
RMT-000748,ACCT-000059,B0020,2027-08-08,-0.81,2026-07-15T22:30:17+00:00
RMT-000749,ACCT-000134,B0020,2027-08-08,196.32,2026-07-15T22:30:17+00:00
RMT-000750,ACCT-000171,B0020,2027-08-08,408.08,2026-07-15T22:30:17+00:00
RMT-000751,ACCT-000172,B0020,2027-08-08,593.23,2026-07-15T22:30:17+00:00
RMT-000752,ACCT-000173,B0020,2027-08-08,362.82,2026-07-15T22:30:17+00:00
RMT-000753,ACCT-000136,B0021,2027-09-07,769.21,2026-07-15T23:31:36+00:00
RMT-000754,ACCT-000024,B0021,2027-09-07,593.55,2026-07-15T23:31:36+00:00
RMT-000755,ACCT-000116,B0021,2027-09-07,823.87,2026-07-15T23:31:36+00:00
RMT-000756,ACCT-000069,B0021,2027-09-07,474.9,2026-07-15T23:31:36+00:00
RMT-000757,ACCT-000015,B0021,2027-09-07,342.19,2026-07-15T23:31:36+00:00
RMT-000758,ACCT-000092,B0021,2027-09-07,107.22,2026-07-15T23:31:36+00:00
RMT-000759,ACCT-000042,B0021,2027-09-07,250.76,2026-07-15T23:31:36+00:00
RMT-000760,ACCT-000158,B0021,2027-09-07,196.53,2026-07-15T23:31:36+00:00
RMT-000761,ACCT-000081,B0021,2027-09-07,808.81,2026-07-15T23:31:36+00:00
RMT-000762,ACCT-000052,B0021,2027-09-07,367.42,2026-07-15T23:31:36+00:00
RMT-000763,ACCT-000153,B0021,2027-09-07,495.51,2026-07-15T23:31:36+00:00
RMT-000764,ACCT-000045,B0021,2027-09-07,308.27,2026-07-15T23:31:36+00:00
RMT-000765,ACCT-000149,B0021,2027-09-07,543.18,2026-07-15T23:31:36+00:00
RMT-000766,ACCT-000072,B0021,2027-09-07,657.97,2026-07-15T23:31:36+00:00
RMT-000767,ACCT-000138,B0021,2027-09-07,216.13,2026-07-15T23:31:36+00:00
RMT-000768,ACCT-000103,B0021,2027-09-07,323.01,2026-07-15T23:31:36+00:00
RMT-000769,ACCT-000096,B0021,2027-09-07,544.79,2026-07-15T23:31:36+00:00
RMT-000770,ACCT-000157,B0021,2027-09-07,365.79,2026-07-15T23:31:36+00:00
RMT-000771,ACCT-000019,B0021,2027-09-07,955.35,2026-07-15T23:31:36+00:00
RMT-000772,ACCT-000139,B0021,2027-09-07,814.88,2026-07-15T23:31:36+00:00
RMT-000773,ACCT-000086,B0021,2027-09-07,872.78,2026-07-15T23:31:36+00:00
RMT-000774,ACCT-000172,B0021,2027-09-07,336.6,2026-07-15T23:31:36+00:00
RMT-000775,ACCT-000141,B0021,2027-09-07,676.28,2026-07-15T23:31:36+00:00
RMT-000776,ACCT-000131,B0021,2027-09-07,549.45,2026-07-15T23:31:36+00:00
RMT-000777,ACCT-000028,B0021,2027-09-07,51.02,2026-07-15T23:31:36+00:00
RMT-000778,ACCT-000135,B0021,2027-09-07,58.18,2026-07-15T23:31:36+00:00
RMT-000779,ACCT-000108,B0021,2027-09-07,336.46,2026-07-15T23:31:36+00:00
RMT-000780,ACCT-000082,B0021,2027-09-07,291.62,2026-07-15T23:31:36+00:00
RMT-000781,ACCT-000167,B0021,2027-09-07,596.56,2026-07-15T23:31:36+00:00
RMT-000782,ACCT-000093,B0021,2027-09-07,1083.26,2026-07-15T23:31:36+00:00
RMT-000783,ACCT-000030,B0021,2027-09-07,97.64,2026-07-15T23:31:36+00:00
RMT-000784,ACCT-000097,B0021,2027-09-07,482.3,2026-07-15T23:31:36+00:00
RMT-000785,ACCT-000174,B0021,2027-09-07,270.0,2026-07-15T23:31:36+00:00
RMT-000786,ACCT-000175,B0021,2027-09-07,321.48,2026-07-15T23:31:36+00:00
RMT-000787,ACCT-000176,B0021,2027-09-07,758.89,2026-07-15T23:31:36+00:00
RMT-000788,ACCT-000177,B0021,2027-09-07,1018.16,2026-07-15T23:31:36+00:00
RMT-000789,ACCT-000084,B0022,2027-10-07,179.29,2026-07-16T01:51:46+00:00
RMT-000790,ACCT-000014,B0022,2027-10-07,156.43,2026-07-16T01:51:46+00:00
RMT-000791,ACCT-000082,B0022,2027-10-07,378.39,2026-07-16T01:51:46+00:00
RMT-000792,ACCT-000090,B0022,2027-10-07,671.41,2026-07-16T01:51:46+00:00
RMT-000793,ACCT-000112,B0022,2027-10-07,391.13,2026-07-16T01:51:46+00:00
RMT-000794,ACCT-000063,B0022,2027-10-07,706.15,2026-07-16T01:51:46+00:00
RMT-000795,ACCT-000088,B0022,2027-10-07,349.24,2026-07-16T01:51:46+00:00
RMT-000796,ACCT-000108,B0022,2027-10-07,354.81,2026-07-16T01:51:46+00:00
RMT-000797,ACCT-000007,B0022,2027-10-07,289.05,2026-07-16T01:51:46+00:00
RMT-000798,ACCT-000172,B0022,2027-10-07,538.63,2026-07-16T01:51:46+00:00
RMT-000799,ACCT-000025,B0022,2027-10-07,651.39,2026-07-16T01:51:46+00:00
RMT-000800,ACCT-000174,B0022,2027-10-07,844.29,2026-07-16T01:51:46+00:00
RMT-000801,ACCT-000104,B0022,2027-10-07,536.96,2026-07-16T01:51:46+00:00
RMT-000802,ACCT-000057,B0022,2027-10-07,850.63,2026-07-16T01:51:46+00:00
RMT-000803,ACCT-000089,B0022,2027-10-07,570.77,2026-07-16T01:51:46+00:00
RMT-000804,ACCT-000137,B0022,2027-10-07,528.3,2026-07-16T01:51:46+00:00
RMT-000805,ACCT-000154,B0022,2027-10-07,476.06,2026-07-16T01:51:46+00:00
RMT-000806,ACCT-000148,B0022,2027-10-07,280.13,2026-07-16T01:51:46+00:00
RMT-000807,ACCT-000114,B0022,2027-10-07,1033.65,2026-07-16T01:51:46+00:00
RMT-000808,ACCT-000150,B0022,2027-10-07,958.92,2026-07-16T01:51:46+00:00
RMT-000809,ACCT-000044,B0022,2027-10-07,883.98,2026-07-16T01:51:46+00:00
RMT-000810,ACCT-000053,B0022,2027-10-07,841.72,2026-07-16T01:51:46+00:00
RMT-000811,ACCT-000036,B0022,2027-10-07,539.2,2026-07-16T01:51:46+00:00
RMT-000812,ACCT-000103,B0022,2027-10-07,425.21,2026-07-16T01:51:46+00:00
RMT-000813,ACCT-000070,B0022,2027-10-07,644.19,2026-07-16T01:51:46+00:00
RMT-000814,ACCT-000165,B0022,2027-10-07,428.16,2026-07-16T01:51:46+00:00
RMT-000815,ACCT-000178,B0022,2027-10-07,936.19,2026-07-16T01:51:46+00:00
RMT-000816,ACCT-000179,B0022,2027-10-07,175.61,2026-07-16T01:51:46+00:00
RMT-000817,ACCT-000132,B0023,2027-11-06,737.59,2026-07-16T04:53:53+00:00
RMT-000818,ACCT-000088,B0023,2027-11-06,570.99,2026-07-16T04:53:53+00:00
RMT-000819,ACCT-000123,B0023,2027-11-06,955.22,2026-07-16T04:53:53+00:00
RMT-000820,ACCT-000148,B0023,2027-11-06,361.7,2026-07-16T04:53:53+00:00
RMT-000821,ACCT-000130,B0023,2027-11-06,692.91,2026-07-16T04:53:53+00:00
RMT-000822,ACCT-000104,B0023,2027-11-06,625.02,2026-07-16T04:53:53+00:00
RMT-000823,ACCT-000089,B0023,2027-11-06,678.37,2026-07-16T04:53:53+00:00
RMT-000824,ACCT-000169,B0023,2027-11-06,749.19,2026-07-16T04:53:53+00:00
RMT-000825,ACCT-000048,B0023,2027-11-06,916.63,2026-07-16T04:53:53+00:00
RMT-000826,ACCT-000155,B0023,2027-11-06,369.83,2026-07-16T04:53:53+00:00
RMT-000827,ACCT-000056,B0023,2027-11-06,186.26,2026-07-16T04:53:53+00:00
RMT-000828,ACCT-000081,B0023,2027-11-06,153.9,2026-07-16T04:53:53+00:00
RMT-000829,ACCT-000174,B0023,2027-11-06,343.95,2026-07-16T04:53:53+00:00
RMT-000830,ACCT-000153,B0023,2027-11-06,735.13,2026-07-16T04:53:53+00:00
RMT-000831,ACCT-000058,B0023,2027-11-06,650.82,2026-07-16T04:53:53+00:00
RMT-000832,ACCT-000063,B0023,2027-11-06,862.02,2026-07-16T04:53:53+00:00
RMT-000833,ACCT-000145,B0023,2027-11-06,645.9,2026-07-16T04:53:53+00:00
RMT-000834,ACCT-000037,B0023,2027-11-06,686.38,2026-07-16T04:53:53+00:00
RMT-000835,ACCT-000075,B0023,2027-11-06,669.83,2026-07-16T04:53:53+00:00
RMT-000836,ACCT-000114,B0023,2027-11-06,407.81,2026-07-16T04:53:53+00:00
RMT-000837,ACCT-000044,B0023,2027-11-06,1235.84,2026-07-16T04:53:53+00:00
RMT-000838,ACCT-000022,B0023,2027-11-06,518.59,2026-07-16T04:53:53+00:00
RMT-000839,ACCT-000156,B0023,2027-11-06,258.01,2026-07-16T04:53:53+00:00
RMT-000840,ACCT-000033,B0023,2027-11-06,709.13,2026-07-16T04:53:53+00:00
RMT-000841,ACCT-000036,B0023,2027-11-06,650.63,2026-07-16T04:53:53+00:00
RMT-000842,ACCT-000074,B0023,2027-11-06,61.79,2026-07-16T04:53:53+00:00
RMT-000843,ACCT-000147,B0023,2027-11-06,417.1,2026-07-16T04:53:53+00:00
RMT-000844,ACCT-000070,B0023,2027-11-06,968.59,2026-07-16T04:53:53+00:00
RMT-000845,ACCT-000115,B0023,2027-11-06,463.53,2026-07-16T04:53:53+00:00
RMT-000846,ACCT-000136,B0023,2027-11-06,328.21,2026-07-16T04:53:53+00:00
RMT-000847,ACCT-000078,B0023,2027-11-06,1259.11,2026-07-16T04:53:53+00:00
RMT-000848,ACCT-000042,B0023,2027-11-06,646.16,2026-07-16T04:53:53+00:00
RMT-000849,ACCT-000030,B0023,2027-11-06,1067.41,2026-07-16T04:53:53+00:00
RMT-000850,ACCT-000034,B0023,2027-11-06,781.79,2026-07-16T04:53:53+00:00
RMT-000851,ACCT-000062,B0023,2027-11-06,248.72,2026-07-16T04:53:53+00:00
RMT-000852,ACCT-000180,B0023,2027-11-06,418.72,2026-07-16T04:53:53+00:00
RMT-000853,ACCT-000181,B0023,2027-11-06,399.12,2026-07-16T04:53:53+00:00
RMT-000854,ACCT-000182,B0023,2027-11-06,320.15,2026-07-16T04:53:53+00:00
RMT-000855,ACCT-000039,B0024,2027-12-06,60.86,2026-07-16T07:18:19+00:00
RMT-000856,ACCT-000008,B0024,2027-12-06,308.35,2026-07-16T07:18:19+00:00
RMT-000857,ACCT-000059,B0024,2027-12-06,409.6,2026-07-16T07:18:19+00:00
RMT-000858,ACCT-000076,B0024,2027-12-06,338.78,2026-07-16T07:18:19+00:00
RMT-000859,ACCT-000171,B0024,2027-12-06,574.12,2026-07-16T07:18:19+00:00
RMT-000860,ACCT-000106,B0024,2027-12-06,1038.93,2026-07-16T07:18:19+00:00
RMT-000861,ACCT-000069,B0024,2027-12-06,998.14,2026-07-16T07:18:19+00:00
RMT-000862,ACCT-000057,B0024,2027-12-06,769.25,2026-07-16T07:18:19+00:00
RMT-000863,ACCT-000001,B0024,2027-12-06,551.37,2026-07-16T07:18:19+00:00
RMT-000864,ACCT-000074,B0024,2027-12-06,904.73,2026-07-16T07:18:19+00:00
RMT-000865,ACCT-000172,B0024,2027-12-06,931.74,2026-07-16T07:18:19+00:00
RMT-000866,ACCT-000150,B0024,2027-12-06,822.87,2026-07-16T07:18:19+00:00
RMT-000867,ACCT-000174,B0024,2027-12-06,961.96,2026-07-16T07:18:19+00:00
RMT-000868,ACCT-000142,B0024,2027-12-06,882.0,2026-07-16T07:18:19+00:00
RMT-000869,ACCT-000011,B0024,2027-12-06,399.54,2026-07-16T07:18:19+00:00
RMT-000870,ACCT-000181,B0024,2027-12-06,376.73,2026-07-16T07:18:19+00:00
RMT-000871,ACCT-000093,B0024,2027-12-06,277.89,2026-07-16T07:18:19+00:00
RMT-000872,ACCT-000079,B0024,2027-12-06,932.83,2026-07-16T07:18:19+00:00
RMT-000873,ACCT-000062,B0024,2027-12-06,925.19,2026-07-16T07:18:19+00:00
RMT-000874,ACCT-000135,B0024,2027-12-06,372.92,2026-07-16T07:18:19+00:00
RMT-000875,ACCT-000089,B0024,2027-12-06,861.05,2026-07-16T07:18:19+00:00
RMT-000876,ACCT-000081,B0024,2027-12-06,458.62,2026-07-16T07:18:19+00:00
RMT-000877,ACCT-000010,B0024,2027-12-06,478.31,2026-07-16T07:18:19+00:00
RMT-000878,ACCT-000180,B0024,2027-12-06,280.45,2026-07-16T07:18:19+00:00
RMT-000879,ACCT-000163,B0024,2027-12-06,324.65,2026-07-16T07:18:19+00:00
RMT-000880,ACCT-000023,B0024,2027-12-06,628.02,2026-07-16T07:18:19+00:00
RMT-000881,ACCT-000121,B0024,2027-12-06,558.47,2026-07-16T07:18:19+00:00
RMT-000882,ACCT-000085,B0024,2027-12-06,545.48,2026-07-16T07:18:19+00:00
RMT-000883,ACCT-000183,B0024,2027-12-06,409.97,2026-07-16T07:18:19+00:00
RMT-000884,ACCT-000184,B0024,2027-12-06,884.07,2026-07-16T07:18:19+00:00
RMT-000885,ACCT-000150,B0025,2028-01-05,412.29,2026-07-16T09:34:14+00:00
RMT-000886,ACCT-000066,B0025,2028-01-05,442.25,2026-07-16T09:34:14+00:00
RMT-000887,ACCT-000038,B0025,2028-01-05,1246.8,2026-07-16T09:34:14+00:00
RMT-000888,ACCT-000171,B0025,2028-01-05,589.75,2026-07-16T09:34:14+00:00
RMT-000889,ACCT-000159,B0025,2028-01-05,862.39,2026-07-16T09:34:14+00:00
RMT-000890,ACCT-000092,B0025,2028-01-05,633.74,2026-07-16T09:34:14+00:00
RMT-000891,ACCT-000162,B0025,2028-01-05,545.21,2026-07-16T09:34:14+00:00
RMT-000892,ACCT-000121,B0025,2028-01-05,577.0,2026-07-16T09:34:14+00:00
RMT-000893,ACCT-000049,B0025,2028-01-05,149.67,2026-07-16T09:34:14+00:00
RMT-000894,ACCT-000018,B0025,2028-01-05,915.25,2026-07-16T09:34:14+00:00
RMT-000895,ACCT-000026,B0025,2028-01-05,451.12,2026-07-16T09:34:14+00:00
RMT-000896,ACCT-000115,B0025,2028-01-05,37.16,2026-07-16T09:34:14+00:00
RMT-000897,ACCT-000119,B0025,2028-01-05,682.62,2026-07-16T09:34:14+00:00
RMT-000898,ACCT-000005,B0025,2028-01-05,312.79,2026-07-16T09:34:14+00:00
RMT-000899,ACCT-000006,B0025,2028-01-05,292.2,2026-07-16T09:34:14+00:00
RMT-000900,ACCT-000098,B0025,2028-01-05,801.2,2026-07-16T09:34:14+00:00
RMT-000901,ACCT-000023,B0025,2028-01-05,811.76,2026-07-16T09:34:14+00:00
RMT-000902,ACCT-000140,B0025,2028-01-05,786.03,2026-07-16T09:34:14+00:00
RMT-000903,ACCT-000078,B0025,2028-01-05,505.74,2026-07-16T09:34:14+00:00
RMT-000904,ACCT-000093,B0025,2028-01-05,709.65,2026-07-16T09:34:14+00:00
RMT-000905,ACCT-000129,B0025,2028-01-05,183.88,2026-07-16T09:34:14+00:00
RMT-000906,ACCT-000142,B0025,2028-01-05,451.44,2026-07-16T09:34:14+00:00
RMT-000907,ACCT-000114,B0025,2028-01-05,459.47,2026-07-16T09:34:14+00:00
RMT-000908,ACCT-000165,B0025,2028-01-05,210.36,2026-07-16T09:34:14+00:00
RMT-000909,ACCT-000022,B0025,2028-01-05,599.71,2026-07-16T09:34:14+00:00
RMT-000910,ACCT-000036,B0025,2028-01-05,555.7,2026-07-16T09:34:14+00:00
RMT-000911,ACCT-000071,B0025,2028-01-05,104.54,2026-07-16T09:34:14+00:00
RMT-000912,ACCT-000185,B0025,2028-01-05,466.7,2026-07-16T09:34:14+00:00
RMT-000913,ACCT-000186,B0025,2028-01-05,317.53,2026-07-16T09:34:14+00:00
RMT-000914,ACCT-000187,B0025,2028-01-05,700.41,2026-07-16T09:34:14+00:00
RMT-000915,ACCT-000188,B0025,2028-01-05,858.59,2026-07-16T09:34:14+00:00
RMT-000916,ACCT-000093,B0026,2028-02-04,977.05,2026-07-16T11:28:07+00:00
RMT-000917,ACCT-000187,B0026,2028-02-04,361.98,2026-07-16T11:28:07+00:00
RMT-000918,ACCT-000149,B0026,2028-02-04,36.62,2026-07-16T11:28:07+00:00
RMT-000919,ACCT-000026,B0026,2028-02-04,530.82,2026-07-16T11:28:07+00:00
RMT-000920,ACCT-000062,B0026,2028-02-04,301.64,2026-07-16T11:28:07+00:00
RMT-000921,ACCT-000101,B0026,2028-02-04,519.97,2026-07-16T11:28:07+00:00
RMT-000922,ACCT-000177,B0026,2028-02-04,675.5,2026-07-16T11:28:07+00:00
RMT-000923,ACCT-000169,B0026,2028-02-04,837.8,2026-07-16T11:28:07+00:00
RMT-000924,ACCT-000100,B0026,2028-02-04,763.07,2026-07-16T11:28:07+00:00
RMT-000925,ACCT-000025,B0026,2028-02-04,425.82,2026-07-16T11:28:07+00:00
RMT-000926,ACCT-000051,B0026,2028-02-04,714.2,2026-07-16T11:28:07+00:00
RMT-000927,ACCT-000011,B0026,2028-02-04,321.9,2026-07-16T11:28:07+00:00
RMT-000928,ACCT-000076,B0026,2028-02-04,291.86,2026-07-16T11:28:07+00:00
RMT-000929,ACCT-000027,B0026,2028-02-04,334.87,2026-07-16T11:28:07+00:00
RMT-000930,ACCT-000006,B0026,2028-02-04,296.34,2026-07-16T11:28:07+00:00
RMT-000931,ACCT-000145,B0026,2028-02-04,70.84,2026-07-16T11:28:07+00:00
RMT-000932,ACCT-000135,B0026,2028-02-04,40.79,2026-07-16T11:28:07+00:00
RMT-000933,ACCT-000120,B0026,2028-02-04,838.16,2026-07-16T11:28:07+00:00
RMT-000934,ACCT-000113,B0026,2028-02-04,445.21,2026-07-16T11:28:07+00:00
RMT-000935,ACCT-000116,B0026,2028-02-04,301.66,2026-07-16T11:28:07+00:00
RMT-000936,ACCT-000042,B0026,2028-02-04,420.8,2026-07-16T11:28:07+00:00
RMT-000937,ACCT-000058,B0026,2028-02-04,179.68,2026-07-16T11:28:07+00:00
RMT-000938,ACCT-000008,B0026,2028-02-04,83.84,2026-07-16T11:28:07+00:00
RMT-000939,ACCT-000005,B0026,2028-02-04,245.13,2026-07-16T11:28:07+00:00
RMT-000940,ACCT-000154,B0026,2028-02-04,956.25,2026-07-16T11:28:07+00:00
RMT-000941,ACCT-000146,B0026,2028-02-04,224.43,2026-07-16T11:28:07+00:00
RMT-000942,ACCT-000168,B0026,2028-02-04,389.71,2026-07-16T11:28:07+00:00
RMT-000943,ACCT-000105,B0026,2028-02-04,894.63,2026-07-16T11:28:07+00:00
RMT-000944,ACCT-000044,B0026,2028-02-04,538.52,2026-07-16T11:28:07+00:00
RMT-000945,ACCT-000160,B0026,2028-02-04,391.77,2026-07-16T11:28:07+00:00
RMT-000946,ACCT-000018,B0026,2028-02-04,740.74,2026-07-16T11:28:07+00:00
RMT-000947,ACCT-000181,B0026,2028-02-04,731.06,2026-07-16T11:28:07+00:00
RMT-000948,ACCT-000030,B0026,2028-02-04,682.16,2026-07-16T11:28:07+00:00
RMT-000949,ACCT-000077,B0026,2028-02-04,827.41,2026-07-16T11:28:07+00:00
RMT-000950,ACCT-000152,B0026,2028-02-04,221.81,2026-07-16T11:28:07+00:00
RMT-000951,ACCT-000189,B0026,2028-02-04,318.66,2026-07-16T11:28:07+00:00
RMT-000952,ACCT-000190,B0026,2028-02-04,329.91,2026-07-16T11:28:07+00:00
RMT-000953,ACCT-000191,B0026,2028-02-04,637.35,2026-07-16T11:28:07+00:00
RMT-000954,ACCT-000192,B0026,2028-02-04,878.29,2026-07-16T11:28:07+00:00
RMT-000955,ACCT-000127,B0027,2028-03-05,1053.79,2026-07-16T12:59:56+00:00
RMT-000956,ACCT-000166,B0027,2028-03-05,98.84,2026-07-16T12:59:56+00:00
RMT-000957,ACCT-000129,B0027,2028-03-05,106.21,2026-07-16T12:59:56+00:00
RMT-000958,ACCT-000157,B0027,2028-03-05,622.48,2026-07-16T12:59:56+00:00
RMT-000959,ACCT-000035,B0027,2028-03-05,413.61,2026-07-16T12:59:56+00:00
RMT-000960,ACCT-000135,B0027,2028-03-05,644.63,2026-07-16T12:59:56+00:00
RMT-000961,ACCT-000132,B0027,2028-03-05,770.48,2026-07-16T12:59:56+00:00
RMT-000962,ACCT-000023,B0027,2028-03-05,716.77,2026-07-16T12:59:56+00:00
RMT-000963,ACCT-000159,B0027,2028-03-05,230.25,2026-07-16T12:59:56+00:00
RMT-000964,ACCT-000179,B0027,2028-03-05,164.69,2026-07-16T12:59:56+00:00
RMT-000965,ACCT-000024,B0027,2028-03-05,412.66,2026-07-16T12:59:56+00:00
RMT-000966,ACCT-000094,B0027,2028-03-05,1149.57,2026-07-16T12:59:56+00:00
RMT-000967,ACCT-000188,B0027,2028-03-05,252.1,2026-07-16T12:59:56+00:00
RMT-000968,ACCT-000040,B0027,2028-03-05,377.85,2026-07-16T12:59:56+00:00
RMT-000969,ACCT-000078,B0027,2028-03-05,254.95,2026-07-16T12:59:56+00:00
RMT-000970,ACCT-000176,B0027,2028-03-05,539.11,2026-07-16T12:59:56+00:00
RMT-000971,ACCT-000062,B0027,2028-03-05,220.1,2026-07-16T12:59:56+00:00
RMT-000972,ACCT-000190,B0027,2028-03-05,688.32,2026-07-16T12:59:56+00:00
RMT-000973,ACCT-000154,B0027,2028-03-05,435.79,2026-07-16T12:59:56+00:00
RMT-000974,ACCT-000022,B0027,2028-03-05,951.27,2026-07-16T12:59:56+00:00
RMT-000975,ACCT-000009,B0027,2028-03-05,156.04,2026-07-16T12:59:56+00:00
RMT-000976,ACCT-000161,B0027,2028-03-05,270.01,2026-07-16T12:59:56+00:00
RMT-000977,ACCT-000111,B0027,2028-03-05,704.3,2026-07-16T12:59:56+00:00
RMT-000978,ACCT-000155,B0027,2028-03-05,153.32,2026-07-16T12:59:56+00:00
RMT-000979,ACCT-000102,B0027,2028-03-05,100.68,2026-07-16T12:59:56+00:00
RMT-000980,ACCT-000165,B0027,2028-03-05,806.63,2026-07-16T12:59:56+00:00
RMT-000981,ACCT-000193,B0027,2028-03-05,293.22,2026-07-16T12:59:56+00:00
RMT-000982,ACCT-000194,B0027,2028-03-05,672.49,2026-07-16T12:59:56+00:00
RMT-000983,ACCT-000166,B0028,2028-04-04,32.71,2026-07-16T15:05:52+00:00
RMT-000984,ACCT-000005,B0028,2028-04-04,518.31,2026-07-16T15:05:52+00:00
RMT-000985,ACCT-000059,B0028,2028-04-04,391.68,2026-07-16T15:05:52+00:00
RMT-000986,ACCT-000080,B0028,2028-04-04,536.18,2026-07-16T15:05:52+00:00
RMT-000987,ACCT-000052,B0028,2028-04-04,300.02,2026-07-16T15:05:52+00:00
RMT-000988,ACCT-000097,B0028,2028-04-04,202.29,2026-07-16T15:05:52+00:00
RMT-000989,ACCT-000101,B0028,2028-04-04,486.09,2026-07-16T15:05:52+00:00
RMT-000990,ACCT-000084,B0028,2028-04-04,339.8,2026-07-16T15:05:52+00:00
RMT-000991,ACCT-000098,B0028,2028-04-04,397.31,2026-07-16T15:05:52+00:00
RMT-000992,ACCT-000008,B0028,2028-04-04,642.7,2026-07-16T15:05:52+00:00
RMT-000993,ACCT-000119,B0028,2028-04-04,803.72,2026-07-16T15:05:52+00:00
RMT-000994,ACCT-000071,B0028,2028-04-04,458.95,2026-07-16T15:05:52+00:00
RMT-000995,ACCT-000163,B0028,2028-04-04,494.62,2026-07-16T15:05:52+00:00
RMT-000996,ACCT-000120,B0028,2028-04-04,162.42,2026-07-16T15:05:52+00:00
RMT-000997,ACCT-000141,B0028,2028-04-04,1048.85,2026-07-16T15:05:52+00:00
RMT-000998,ACCT-000019,B0028,2028-04-04,339.77,2026-07-16T15:05:52+00:00
RMT-000999,ACCT-000159,B0028,2028-04-04,491.84,2026-07-16T15:05:52+00:00
RMT-001000,ACCT-000142,B0028,2028-04-04,726.35,2026-07-16T15:05:52+00:00
RMT-001001,ACCT-000127,B0028,2028-04-04,744.04,2026-07-16T15:05:52+00:00
RMT-001002,ACCT-000061,B0028,2028-04-04,252.23,2026-07-16T15:05:52+00:00
RMT-001003,ACCT-000125,B0028,2028-04-04,414.71,2026-07-16T15:05:52+00:00
RMT-001004,ACCT-000132,B0028,2028-04-04,538.17,2026-07-16T15:05:52+00:00
RMT-001005,ACCT-000038,B0028,2028-04-04,358.51,2026-07-16T15:05:52+00:00
RMT-001006,ACCT-000100,B0028,2028-04-04,580.93,2026-07-16T15:05:52+00:00
RMT-001007,ACCT-000007,B0028,2028-04-04,391.82,2026-07-16T15:05:52+00:00
RMT-001008,ACCT-000093,B0028,2028-04-04,600.51,2026-07-16T15:05:52+00:00
RMT-001009,ACCT-000195,B0028,2028-04-04,531.18,2026-07-16T15:05:52+00:00
RMT-001010,ACCT-000196,B0028,2028-04-04,547.32,2026-07-16T15:05:52+00:00
RMT-001011,ACCT-000197,B0028,2028-04-04,372.04,2026-07-16T15:05:52+00:00
RMT-001012,ACCT-000096,B0029,2028-05-04,293.96,2026-07-16T16:47:43+00:00
RMT-001013,ACCT-000012,B0029,2028-05-04,561.29,2026-07-16T16:47:43+00:00
RMT-001014,ACCT-000026,B0029,2028-05-04,272.53,2026-07-16T16:47:43+00:00
RMT-001015,ACCT-000187,B0029,2028-05-04,649.01,2026-07-16T16:47:43+00:00
RMT-001016,ACCT-000017,B0029,2028-05-04,1324.95,2026-07-16T16:47:43+00:00
RMT-001017,ACCT-000114,B0029,2028-05-04,293.6,2026-07-16T16:47:43+00:00
RMT-001018,ACCT-000032,B0029,2028-05-04,317.62,2026-07-16T16:47:43+00:00
RMT-001019,ACCT-000103,B0029,2028-05-04,259.23,2026-07-16T16:47:43+00:00
RMT-001020,ACCT-000064,B0029,2028-05-04,645.68,2026-07-16T16:47:43+00:00
RMT-001021,ACCT-000056,B0029,2028-05-04,50.88,2026-07-16T16:47:43+00:00
RMT-001022,ACCT-000022,B0029,2028-05-04,314.01,2026-07-16T16:47:43+00:00
RMT-001023,ACCT-000003,B0029,2028-05-04,951.69,2026-07-16T16:47:43+00:00
RMT-001024,ACCT-000009,B0029,2028-05-04,348.96,2026-07-16T16:47:43+00:00
RMT-001025,ACCT-000011,B0029,2028-05-04,395.55,2026-07-16T16:47:43+00:00
RMT-001026,ACCT-000112,B0029,2028-05-04,401.62,2026-07-16T16:47:43+00:00
RMT-001027,ACCT-000070,B0029,2028-05-04,237.26,2026-07-16T16:47:43+00:00
RMT-001028,ACCT-000188,B0029,2028-05-04,770.62,2026-07-16T16:47:43+00:00
RMT-001029,ACCT-000153,B0029,2028-05-04,510.18,2026-07-16T16:47:43+00:00
RMT-001030,ACCT-000110,B0029,2028-05-04,573.46,2026-07-16T16:47:43+00:00
RMT-001031,ACCT-000057,B0029,2028-05-04,356.09,2026-07-16T16:47:43+00:00
RMT-001032,ACCT-000041,B0029,2028-05-04,301.8,2026-07-16T16:47:43+00:00
RMT-001033,ACCT-000172,B0029,2028-05-04,578.65,2026-07-16T16:47:43+00:00
RMT-001034,ACCT-000007,B0029,2028-05-04,462.78,2026-07-16T16:47:43+00:00
RMT-001035,ACCT-000048,B0029,2028-05-04,936.46,2026-07-16T16:47:43+00:00
RMT-001036,ACCT-000118,B0029,2028-05-04,416.29,2026-07-16T16:47:43+00:00
RMT-001037,ACCT-000174,B0029,2028-05-04,344.55,2026-07-16T16:47:43+00:00
RMT-001038,ACCT-000001,B0029,2028-05-04,384.16,2026-07-16T16:47:43+00:00
RMT-001039,ACCT-000051,B0029,2028-05-04,666.11,2026-07-16T16:47:43+00:00
RMT-001040,ACCT-000094,B0029,2028-05-04,410.88,2026-07-16T16:47:43+00:00
RMT-001041,ACCT-000198,B0029,2028-05-04,270.31,2026-07-16T16:47:43+00:00
RMT-001042,ACCT-000199,B0029,2028-05-04,651.13,2026-07-16T16:47:43+00:00
RMT-001043,ACCT-000200,B0029,2028-05-04,560.86,2026-07-16T16:47:43+00:00
RMT-001044,ACCT-000154,B0030,2028-06-03,810.02,2026-07-16T17:59:28+00:00
RMT-001045,ACCT-000188,B0030,2028-06-03,252.16,2026-07-16T17:59:28+00:00
RMT-001046,ACCT-000165,B0030,2028-06-03,183.85,2026-07-16T17:59:28+00:00
RMT-001047,ACCT-000150,B0030,2028-06-03,775.16,2026-07-16T17:59:28+00:00
RMT-001048,ACCT-000172,B0030,2028-06-03,288.87,2026-07-16T17:59:28+00:00
RMT-001049,ACCT-000115,B0030,2028-06-03,103.53,2026-07-16T17:59:28+00:00
RMT-001050,ACCT-000094,B0030,2028-06-03,101.67,2026-07-16T17:59:28+00:00
RMT-001051,ACCT-000148,B0030,2028-06-03,533.5,2026-07-16T17:59:28+00:00
RMT-001052,ACCT-000002,B0030,2028-06-03,805.65,2026-07-16T17:59:28+00:00
RMT-001053,ACCT-000164,B0030,2028-06-03,429.92,2026-07-16T17:59:28+00:00
RMT-001054,ACCT-000040,B0030,2028-06-03,769.94,2026-07-16T17:59:28+00:00
RMT-001055,ACCT-000072,B0030,2028-06-03,646.89,2026-07-16T17:59:28+00:00
RMT-001056,ACCT-000136,B0030,2028-06-03,537.81,2026-07-16T17:59:28+00:00
RMT-001057,ACCT-000166,B0030,2028-06-03,271.96,2026-07-16T17:59:28+00:00
RMT-001058,ACCT-000088,B0030,2028-06-03,42.48,2026-07-16T17:59:28+00:00
RMT-001059,ACCT-000047,B0030,2028-06-03,115.34,2026-07-16T17:59:28+00:00
RMT-001060,ACCT-000162,B0030,2028-06-03,1065.62,2026-07-16T17:59:28+00:00
RMT-001061,ACCT-000098,B0030,2028-06-03,41.78,2026-07-16T17:59:28+00:00
RMT-001062,ACCT-000178,B0030,2028-06-03,238.56,2026-07-16T17:59:28+00:00
RMT-001063,ACCT-000125,B0030,2028-06-03,582.44,2026-07-16T17:59:28+00:00
RMT-001064,ACCT-000041,B0030,2028-06-03,59.42,2026-07-16T17:59:28+00:00
RMT-001065,ACCT-000096,B0030,2028-06-03,968.97,2026-07-16T17:59:28+00:00
RMT-001066,ACCT-000122,B0030,2028-06-03,521.53,2026-07-16T17:59:28+00:00
RMT-001067,ACCT-000132,B0030,2028-06-03,1094.57,2026-07-16T17:59:28+00:00
RMT-001068,ACCT-000140,B0030,2028-06-03,1071.0,2026-07-16T17:59:28+00:00
RMT-001069,ACCT-000191,B0030,2028-06-03,756.14,2026-07-16T17:59:28+00:00
RMT-001070,ACCT-000181,B0030,2028-06-03,942.69,2026-07-16T17:59:28+00:00
RMT-001071,ACCT-000159,B0030,2028-06-03,589.49,2026-07-16T17:59:28+00:00
RMT-001072,ACCT-000031,B0030,2028-06-03,386.1,2026-07-16T17:59:28+00:00
RMT-001073,ACCT-000152,B0030,2028-06-03,364.68,2026-07-16T17:59:28+00:00
RMT-001074,ACCT-000161,B0030,2028-06-03,507.81,2026-07-16T17:59:28+00:00
RMT-001075,ACCT-000201,B0030,2028-06-03,388.93,2026-07-16T17:59:28+00:00
RMT-001076,ACCT-000202,B0030,2028-06-03,414.28,2026-07-16T17:59:28+00:00
RMT-001077,ACCT-000203,B0030,2028-06-03,387.1,2026-07-16T17:59:28+00:00
RMT-001078,ACCT-000056,B0031,2028-07-03,61.77,2026-07-16T19:15:28+00:00
RMT-001079,ACCT-000090,B0031,2028-07-03,1048.61,2026-07-16T19:15:28+00:00
RMT-001080,ACCT-000022,B0031,2028-07-03,492.08,2026-07-16T19:15:28+00:00
RMT-001081,ACCT-000053,B0031,2028-07-03,905.07,2026-07-16T19:15:28+00:00
RMT-001082,ACCT-000035,B0031,2028-07-03,34.37,2026-07-16T19:15:28+00:00
RMT-001083,ACCT-000138,B0031,2028-07-03,201.45,2026-07-16T19:15:28+00:00
RMT-001084,ACCT-000008,B0031,2028-07-03,94.4,2026-07-16T19:15:28+00:00
RMT-001085,ACCT-000155,B0031,2028-07-03,753.8,2026-07-16T19:15:28+00:00
RMT-001086,ACCT-000067,B0031,2028-07-03,780.8,2026-07-16T19:15:28+00:00
RMT-001087,ACCT-000203,B0031,2028-07-03,424.16,2026-07-16T19:15:28+00:00
RMT-001088,ACCT-000185,B0031,2028-07-03,574.58,2026-07-16T19:15:28+00:00
RMT-001089,ACCT-000163,B0031,2028-07-03,168.27,2026-07-16T19:15:28+00:00
RMT-001090,ACCT-000064,B0031,2028-07-03,643.82,2026-07-16T19:15:28+00:00
RMT-001091,ACCT-000157,B0031,2028-07-03,967.26,2026-07-16T19:15:28+00:00
RMT-001092,ACCT-000145,B0031,2028-07-03,246.85,2026-07-16T19:15:28+00:00
RMT-001093,ACCT-000071,B0031,2028-07-03,163.3,2026-07-16T19:15:28+00:00
RMT-001094,ACCT-000154,B0031,2028-07-03,486.16,2026-07-16T19:15:28+00:00
RMT-001095,ACCT-000196,B0031,2028-07-03,47.05,2026-07-16T19:15:28+00:00
RMT-001096,ACCT-000122,B0031,2028-07-03,806.03,2026-07-16T19:15:28+00:00
RMT-001097,ACCT-000119,B0031,2028-07-03,351.83,2026-07-16T19:15:28+00:00
RMT-001098,ACCT-000051,B0031,2028-07-03,416.26,2026-07-16T19:15:28+00:00
RMT-001099,ACCT-000171,B0031,2028-07-03,619.27,2026-07-16T19:15:28+00:00
RMT-001100,ACCT-000137,B0031,2028-07-03,67.88,2026-07-16T19:15:28+00:00
RMT-001101,ACCT-000181,B0031,2028-07-03,348.29,2026-07-16T19:15:28+00:00
RMT-001102,ACCT-000162,B0031,2028-07-03,294.99,2026-07-16T19:15:28+00:00
RMT-001103,ACCT-000021,B0031,2028-07-03,499.09,2026-07-16T19:15:28+00:00
RMT-001104,ACCT-000033,B0031,2028-07-03,257.16,2026-07-16T19:15:28+00:00
RMT-001105,ACCT-000121,B0031,2028-07-03,737.21,2026-07-16T19:15:28+00:00
RMT-001106,ACCT-000095,B0031,2028-07-03,460.99,2026-07-16T19:15:28+00:00
RMT-001107,ACCT-000063,B0031,2028-07-03,604.53,2026-07-16T19:15:28+00:00
RMT-001108,ACCT-000158,B0031,2028-07-03,362.69,2026-07-16T19:15:28+00:00
RMT-001109,ACCT-000204,B0031,2028-07-03,263.05,2026-07-16T19:15:28+00:00
RMT-001110,ACCT-000205,B0031,2028-07-03,653.8,2026-07-16T19:15:28+00:00
RMT-001111,ACCT-000206,B0031,2028-07-03,398.18,2026-07-16T19:15:28+00:00
RMT-001112,ACCT-000207,B0031,2028-07-03,83.48,2026-07-16T19:15:28+00:00
RMT-001113,ACCT-000014,B0032,2028-08-02,627.03,2026-07-16T20:25:14+00:00
RMT-001114,ACCT-000130,B0032,2028-08-02,389.12,2026-07-16T20:25:14+00:00
RMT-001115,ACCT-000168,B0032,2028-08-02,165.04,2026-07-16T20:25:14+00:00
RMT-001116,ACCT-000050,B0032,2028-08-02,416.81,2026-07-16T20:25:14+00:00
RMT-001117,ACCT-000104,B0032,2028-08-02,440.49,2026-07-16T20:25:14+00:00
RMT-001118,ACCT-000058,B0032,2028-08-02,851.65,2026-07-16T20:25:14+00:00
RMT-001119,ACCT-000175,B0032,2028-08-02,543.13,2026-07-16T20:25:14+00:00
RMT-001120,ACCT-000195,B0032,2028-08-02,355.08,2026-07-16T20:25:14+00:00
RMT-001121,ACCT-000170,B0032,2028-08-02,1156.85,2026-07-16T20:25:14+00:00
RMT-001122,ACCT-000206,B0032,2028-08-02,188.41,2026-07-16T20:25:14+00:00
RMT-001123,ACCT-000009,B0032,2028-08-02,846.18,2026-07-16T20:25:14+00:00
RMT-001124,ACCT-000042,B0032,2028-08-02,812.25,2026-07-16T20:25:14+00:00
RMT-001125,ACCT-000076,B0032,2028-08-02,541.6,2026-07-16T20:25:14+00:00
RMT-001126,ACCT-000008,B0032,2028-08-02,742.78,2026-07-16T20:25:14+00:00
RMT-001127,ACCT-000080,B0032,2028-08-02,551.58,2026-07-16T20:25:14+00:00
RMT-001128,ACCT-000127,B0032,2028-08-02,364.65,2026-07-16T20:25:14+00:00
RMT-001129,ACCT-000201,B0032,2028-08-02,46.75,2026-07-16T20:25:14+00:00
RMT-001130,ACCT-000128,B0032,2028-08-02,785.4,2026-07-16T20:25:14+00:00
RMT-001131,ACCT-000033,B0032,2028-08-02,788.85,2026-07-16T20:25:14+00:00
RMT-001132,ACCT-000056,B0032,2028-08-02,816.69,2026-07-16T20:25:14+00:00
RMT-001133,ACCT-000114,B0032,2028-08-02,876.72,2026-07-16T20:25:14+00:00
RMT-001134,ACCT-000055,B0032,2028-08-02,671.67,2026-07-16T20:25:14+00:00
RMT-001135,ACCT-000066,B0032,2028-08-02,267.55,2026-07-16T20:25:14+00:00
RMT-001136,ACCT-000094,B0032,2028-08-02,308.04,2026-07-16T20:25:14+00:00
RMT-001137,ACCT-000005,B0032,2028-08-02,612.73,2026-07-16T20:25:14+00:00
RMT-001138,ACCT-000003,B0032,2028-08-02,45.27,2026-07-16T20:25:14+00:00
RMT-001139,ACCT-000208,B0032,2028-08-02,900.32,2026-07-16T20:25:14+00:00
RMT-001140,ACCT-000209,B0032,2028-08-02,409.9,2026-07-16T20:25:14+00:00
RMT-001141,ACCT-000110,B0033,2028-09-01,484.67,2026-07-16T21:31:03+00:00
RMT-001142,ACCT-000127,B0033,2028-09-01,217.56,2026-07-16T21:31:03+00:00
RMT-001143,ACCT-000063,B0033,2028-09-01,342.84,2026-07-16T21:31:03+00:00
RMT-001144,ACCT-000051,B0033,2028-09-01,343.42,2026-07-16T21:31:03+00:00
RMT-001145,ACCT-000030,B0033,2028-09-01,257.91,2026-07-16T21:31:03+00:00
RMT-001146,ACCT-000201,B0033,2028-09-01,609.48,2026-07-16T21:31:03+00:00
RMT-001147,ACCT-000089,B0033,2028-09-01,761.86,2026-07-16T21:31:03+00:00
RMT-001148,ACCT-000050,B0033,2028-09-01,212.77,2026-07-16T21:31:03+00:00
RMT-001149,ACCT-000049,B0033,2028-09-01,210.77,2026-07-16T21:31:03+00:00
RMT-001150,ACCT-000035,B0033,2028-09-01,506.1,2026-07-16T21:31:03+00:00
RMT-001151,ACCT-000093,B0033,2028-09-01,184.31,2026-07-16T21:31:03+00:00
RMT-001152,ACCT-000010,B0033,2028-09-01,158.47,2026-07-16T21:31:03+00:00
RMT-001153,ACCT-000017,B0033,2028-09-01,717.01,2026-07-16T21:31:03+00:00
RMT-001154,ACCT-000086,B0033,2028-09-01,70.13,2026-07-16T21:31:03+00:00
RMT-001155,ACCT-000163,B0033,2028-09-01,178.35,2026-07-16T21:31:03+00:00
RMT-001156,ACCT-000209,B0033,2028-09-01,339.43,2026-07-16T21:31:03+00:00
RMT-001157,ACCT-000078,B0033,2028-09-01,387.79,2026-07-16T21:31:03+00:00
RMT-001158,ACCT-000152,B0033,2028-09-01,324.05,2026-07-16T21:31:03+00:00
RMT-001159,ACCT-000119,B0033,2028-09-01,60.24,2026-07-16T21:31:03+00:00
RMT-001160,ACCT-000148,B0033,2028-09-01,933.04,2026-07-16T21:31:03+00:00
RMT-001161,ACCT-000129,B0033,2028-09-01,773.72,2026-07-16T21:31:03+00:00
RMT-001162,ACCT-000153,B0033,2028-09-01,532.04,2026-07-16T21:31:03+00:00
RMT-001163,ACCT-000124,B0033,2028-09-01,442.53,2026-07-16T21:31:03+00:00
RMT-001164,ACCT-000208,B0033,2028-09-01,545.76,2026-07-16T21:31:03+00:00
RMT-001165,ACCT-000143,B0033,2028-09-01,88.06,2026-07-16T21:31:03+00:00
RMT-001166,ACCT-000197,B0033,2028-09-01,57.39,2026-07-16T21:31:03+00:00
RMT-001167,ACCT-000167,B0033,2028-09-01,1074.78,2026-07-16T21:31:03+00:00
RMT-001168,ACCT-000044,B0033,2028-09-01,573.25,2026-07-16T21:31:03+00:00
RMT-001169,ACCT-000084,B0033,2028-09-01,905.89,2026-07-16T21:31:03+00:00
RMT-001170,ACCT-000094,B0033,2028-09-01,355.55,2026-07-16T21:31:03+00:00
RMT-001171,ACCT-000046,B0033,2028-09-01,362.22,2026-07-16T21:31:03+00:00
RMT-001172,ACCT-000210,B0033,2028-09-01,611.55,2026-07-16T21:31:03+00:00
RMT-001173,ACCT-000211,B0033,2028-09-01,102.72,2026-07-16T21:31:03+00:00
RMT-001174,ACCT-000212,B0033,2028-09-01,606.54,2026-07-16T21:31:03+00:00
RMT-001175,ACCT-000213,B0033,2028-09-01,1153.75,2026-07-16T21:31:03+00:00
RMT-001176,ACCT-000149,B0034,2028-10-01,547.6,2026-07-16T22:51:41+00:00
RMT-001177,ACCT-000156,B0034,2028-10-01,464.06,2026-07-16T22:51:41+00:00
RMT-001178,ACCT-000159,B0034,2028-10-01,524.34,2026-07-16T22:51:41+00:00
RMT-001179,ACCT-000201,B0034,2028-10-01,1060.75,2026-07-16T22:51:41+00:00
RMT-001180,ACCT-000206,B0034,2028-10-01,1088.57,2026-07-16T22:51:41+00:00
RMT-001181,ACCT-000069,B0034,2028-10-01,459.42,2026-07-16T22:51:41+00:00
RMT-001182,ACCT-000066,B0034,2028-10-01,949.14,2026-07-16T22:51:41+00:00
RMT-001183,ACCT-000176,B0034,2028-10-01,403.4,2026-07-16T22:51:41+00:00
RMT-001184,ACCT-000162,B0034,2028-10-01,673.52,2026-07-16T22:51:41+00:00
RMT-001185,ACCT-000010,B0034,2028-10-01,88.09,2026-07-16T22:51:41+00:00
RMT-001186,ACCT-000020,B0034,2028-10-01,498.72,2026-07-16T22:51:41+00:00
RMT-001187,ACCT-000059,B0034,2028-10-01,726.63,2026-07-16T22:51:41+00:00
RMT-001188,ACCT-000187,B0034,2028-10-01,713.27,2026-07-16T22:51:41+00:00
RMT-001189,ACCT-000074,B0034,2028-10-01,536.67,2026-07-16T22:51:41+00:00
RMT-001190,ACCT-000111,B0034,2028-10-01,617.04,2026-07-16T22:51:41+00:00
RMT-001191,ACCT-000148,B0034,2028-10-01,399.23,2026-07-16T22:51:41+00:00
RMT-001192,ACCT-000117,B0034,2028-10-01,703.84,2026-07-16T22:51:41+00:00
RMT-001193,ACCT-000184,B0034,2028-10-01,1054.25,2026-07-16T22:51:41+00:00
RMT-001194,ACCT-000190,B0034,2028-10-01,555.3,2026-07-16T22:51:41+00:00
RMT-001195,ACCT-000042,B0034,2028-10-01,210.67,2026-07-16T22:51:41+00:00
RMT-001196,ACCT-000046,B0034,2028-10-01,360.95,2026-07-16T22:51:41+00:00
RMT-001197,ACCT-000079,B0034,2028-10-01,736.27,2026-07-16T22:51:41+00:00
RMT-001198,ACCT-000013,B0034,2028-10-01,856.16,2026-07-16T22:51:41+00:00
RMT-001199,ACCT-000212,B0034,2028-10-01,668.74,2026-07-16T22:51:41+00:00
RMT-001200,ACCT-000092,B0034,2028-10-01,507.19,2026-07-16T22:51:41+00:00
RMT-001201,ACCT-000182,B0034,2028-10-01,994.1,2026-07-16T22:51:41+00:00
RMT-001202,ACCT-000086,B0034,2028-10-01,247.33,2026-07-16T22:51:41+00:00
RMT-001203,ACCT-000209,B0034,2028-10-01,306.83,2026-07-16T22:51:41+00:00
RMT-001204,ACCT-000061,B0034,2028-10-01,535.77,2026-07-16T22:51:41+00:00
RMT-001205,ACCT-000080,B0034,2028-10-01,245.25,2026-07-16T22:51:41+00:00
RMT-001206,ACCT-000214,B0034,2028-10-01,760.27,2026-07-16T22:51:41+00:00
RMT-001207,ACCT-000215,B0034,2028-10-01,529.69,2026-07-16T22:51:41+00:00
RMT-001208,ACCT-000095,B0035,2028-10-31,197.46,2026-07-16T23:52:31+00:00
RMT-001209,ACCT-000007,B0035,2028-10-31,161.89,2026-07-16T23:52:31+00:00
RMT-001210,ACCT-000043,B0035,2028-10-31,876.85,2026-07-16T23:52:31+00:00
RMT-001211,ACCT-000180,B0035,2028-10-31,919.82,2026-07-16T23:52:31+00:00
RMT-001212,ACCT-000166,B0035,2028-10-31,979.18,2026-07-16T23:52:31+00:00
RMT-001213,ACCT-000110,B0035,2028-10-31,657.7,2026-07-16T23:52:31+00:00
RMT-001214,ACCT-000193,B0035,2028-10-31,627.4,2026-07-16T23:52:31+00:00
RMT-001215,ACCT-000190,B0035,2028-10-31,269.21,2026-07-16T23:52:31+00:00
RMT-001216,ACCT-000114,B0035,2028-10-31,647.78,2026-07-16T23:52:31+00:00
RMT-001217,ACCT-000189,B0035,2028-10-31,112.47,2026-07-16T23:52:31+00:00
RMT-001218,ACCT-000142,B0035,2028-10-31,133.93,2026-07-16T23:52:31+00:00
RMT-001219,ACCT-000133,B0035,2028-10-31,691.2,2026-07-16T23:52:31+00:00
RMT-001220,ACCT-000104,B0035,2028-10-31,561.27,2026-07-16T23:52:31+00:00
RMT-001221,ACCT-000002,B0035,2028-10-31,1066.28,2026-07-16T23:52:31+00:00
RMT-001222,ACCT-000197,B0035,2028-10-31,184.76,2026-07-16T23:52:31+00:00
RMT-001223,ACCT-000090,B0035,2028-10-31,709.47,2026-07-16T23:52:31+00:00
RMT-001224,ACCT-000036,B0035,2028-10-31,58.6,2026-07-16T23:52:31+00:00
RMT-001225,ACCT-000199,B0035,2028-10-31,683.05,2026-07-16T23:52:31+00:00
RMT-001226,ACCT-000113,B0035,2028-10-31,76.48,2026-07-16T23:52:31+00:00
RMT-001227,ACCT-000112,B0035,2028-10-31,940.28,2026-07-16T23:52:31+00:00
RMT-001228,ACCT-000179,B0035,2028-10-31,337.6,2026-07-16T23:52:31+00:00
RMT-001229,ACCT-000109,B0035,2028-10-31,275.46,2026-07-16T23:52:31+00:00
RMT-001230,ACCT-000047,B0035,2028-10-31,329.37,2026-07-16T23:52:31+00:00
RMT-001231,ACCT-000176,B0035,2028-10-31,223.22,2026-07-16T23:52:31+00:00
RMT-001232,ACCT-000102,B0035,2028-10-31,237.4,2026-07-16T23:52:31+00:00
RMT-001233,ACCT-000124,B0035,2028-10-31,409.18,2026-07-16T23:52:31+00:00
RMT-001234,ACCT-000086,B0035,2028-10-31,934.11,2026-07-16T23:52:31+00:00
RMT-001235,ACCT-000116,B0035,2028-10-31,149.08,2026-07-16T23:52:31+00:00
RMT-001236,ACCT-000137,B0035,2028-10-31,109.89,2026-07-16T23:52:31+00:00
RMT-001237,ACCT-000107,B0035,2028-10-31,311.25,2026-07-16T23:52:31+00:00
RMT-001238,ACCT-000082,B0035,2028-10-31,388.38,2026-07-16T23:52:31+00:00
RMT-001239,ACCT-000216,B0035,2028-10-31,618.22,2026-07-16T23:52:31+00:00
RMT-001240,ACCT-000217,B0035,2028-10-31,1080.22,2026-07-16T23:52:31+00:00
